[2025-05-01 12:05:02] local.ERROR: could not find driver (Connection: sqlite, SQL: select exists (select 1 from "main".sqlite_master where name = 'migrations' and type = 'table') as "exists") {"exception":"[object] (Illuminate\\Database\\QueryException(code: 0): could not find driver (Connection: sqlite, SQL: select exists (select 1 from \"main\".sqlite_master where name = 'migrations' and type = 'table') as \"exists\") at C:\\laragon\\www\\500-STAB-WOUNDS\\vendor\\laravel\\framework\\src\\Illuminate\\Database\\Connection.php:822)
[stacktrace]
#0 C:\\laragon\\www\\500-STAB-WOUNDS\\vendor\\laravel\\framework\\src\\Illuminate\\Database\\Connection.php(776): Illuminate\\Database\\Connection->runQueryCallback('select exists (...', Array, Object(Closure))
#1 C:\\laragon\\www\\500-STAB-WOUNDS\\vendor\\laravel\\framework\\src\\Illuminate\\Database\\Connection.php(395): Illuminate\\Database\\Connection->run('select exists (...', Array, Object(Closure))
#2 C:\\laragon\\www\\500-STAB-WOUNDS\\vendor\\laravel\\framework\\src\\Illuminate\\Database\\Connection.php(341): Illuminate\\Database\\Connection->select('select exists (...', Array, true)
#3 C:\\laragon\\www\\500-STAB-WOUNDS\\vendor\\laravel\\framework\\src\\Illuminate\\Database\\Connection.php(358): Illuminate\\Database\\Connection->selectOne('select exists (...', Array, true)
#4 C:\\laragon\\www\\500-STAB-WOUNDS\\vendor\\laravel\\framework\\src\\Illuminate\\Database\\Schema\\Builder.php(174): Illuminate\\Database\\Connection->scalar('select exists (...')
#5 C:\\laragon\\www\\500-STAB-WOUNDS\\vendor\\laravel\\framework\\src\\Illuminate\\Database\\Migrations\\DatabaseMigrationRepository.php(183): Illuminate\\Database\\Schema\\Builder->hasTable('migrations')
#6 C:\\laragon\\www\\500-STAB-WOUNDS\\vendor\\laravel\\framework\\src\\Illuminate\\Database\\Migrations\\Migrator.php(749): Illuminate\\Database\\Migrations\\DatabaseMigrationRepository->repositoryExists()
#7 C:\\laragon\\www\\500-STAB-WOUNDS\\vendor\\laravel\\framework\\src\\Illuminate\\Database\\Console\\Migrations\\MigrateCommand.php(164): Illuminate\\Database\\Migrations\\Migrator->repositoryExists()
#8 C:\\laragon\\www\\500-STAB-WOUNDS\\vendor\\laravel\\framework\\src\\Illuminate\\Support\\helpers.php(338): Illuminate\\Database\\Console\\Migrations\\MigrateCommand->{closure:Illuminate\\Database\\Console\\Migrations\\MigrateCommand::repositoryExists():164}(1)
#9 C:\\laragon\\www\\500-STAB-WOUNDS\\vendor\\laravel\\framework\\src\\Illuminate\\Database\\Console\\Migrations\\MigrateCommand.php(164): retry(1, Object(Closure), 0, Object(Closure))
#10 C:\\laragon\\www\\500-STAB-WOUNDS\\vendor\\laravel\\framework\\src\\Illuminate\\Database\\Console\\Migrations\\MigrateCommand.php(140): Illuminate\\Database\\Console\\Migrations\\MigrateCommand->repositoryExists()
#11 C:\\laragon\\www\\500-STAB-WOUNDS\\vendor\\laravel\\framework\\src\\Illuminate\\Database\\Console\\Migrations\\MigrateCommand.php(110): Illuminate\\Database\\Console\\Migrations\\MigrateCommand->prepareDatabase()
#12 C:\\laragon\\www\\500-STAB-WOUNDS\\vendor\\laravel\\framework\\src\\Illuminate\\Database\\Migrations\\Migrator.php(665): Illuminate\\Database\\Console\\Migrations\\MigrateCommand->{closure:Illuminate\\Database\\Console\\Migrations\\MigrateCommand::runMigrations():109}()
#13 C:\\laragon\\www\\500-STAB-WOUNDS\\vendor\\laravel\\framework\\src\\Illuminate\\Database\\Console\\Migrations\\MigrateCommand.php(109): Illuminate\\Database\\Migrations\\Migrator->usingConnection(NULL, Object(Closure))
#14 C:\\laragon\\www\\500-STAB-WOUNDS\\vendor\\laravel\\framework\\src\\Illuminate\\Database\\Console\\Migrations\\MigrateCommand.php(88): Illuminate\\Database\\Console\\Migrations\\MigrateCommand->runMigrations()
#15 C:\\laragon\\www\\500-STAB-WOUNDS\\vendor\\laravel\\framework\\src\\Illuminate\\Container\\BoundMethod.php(36): Illuminate\\Database\\Console\\Migrations\\MigrateCommand->handle()
#16 C:\\laragon\\www\\500-STAB-WOUNDS\\vendor\\laravel\\framework\\src\\Illuminate\\Container\\Util.php(43): Illuminate\\Container\\BoundMethod::{closure:Illuminate\\Container\\BoundMethod::call():35}()
#17 C:\\laragon\\www\\500-STAB-WOUNDS\\vendor\\laravel\\framework\\src\\Illuminate\\Container\\BoundMethod.php(96): Illuminate\\Container\\Util::unwrapIfClosure(Object(Closure))
#18 C:\\laragon\\www\\500-STAB-WOUNDS\\vendor\\laravel\\framework\\src\\Illuminate\\Container\\BoundMethod.php(35): Illuminate\\Container\\BoundMethod::callBoundMethod(Object(Illuminate\\Foundation\\Application), Array, Object(Closure))
#19 C:\\laragon\\www\\500-STAB-WOUNDS\\vendor\\laravel\\framework\\src\\Illuminate\\Container\\Container.php(754): Illuminate\\Container\\BoundMethod::call(Object(Illuminate\\Foundation\\Application), Array, Array, NULL)
#20 C:\\laragon\\www\\500-STAB-WOUNDS\\vendor\\laravel\\framework\\src\\Illuminate\\Console\\Command.php(211): Illuminate\\Container\\Container->call(Array)
#21 C:\\laragon\\www\\500-STAB-WOUNDS\\vendor\\symfony\\console\\Command\\Command.php(279): Illuminate\\Console\\Command->execute(Object(Symfony\\Component\\Console\\Input\\ArgvInput), Object(Illuminate\\Console\\OutputStyle))
#22 C:\\laragon\\www\\500-STAB-WOUNDS\\vendor\\laravel\\framework\\src\\Illuminate\\Console\\Command.php(180): Symfony\\Component\\Console\\Command\\Command->run(Object(Symfony\\Component\\Console\\Input\\ArgvInput), Object(Illuminate\\Console\\OutputStyle))
#23 C:\\laragon\\www\\500-STAB-WOUNDS\\vendor\\symfony\\console\\Application.php(1094): Illuminate\\Console\\Command->run(Object(Symfony\\Component\\Console\\Input\\ArgvInput), Object(Symfony\\Component\\Console\\Output\\ConsoleOutput))
#24 C:\\laragon\\www\\500-STAB-WOUNDS\\vendor\\symfony\\console\\Application.php(342): Symfony\\Component\\Console\\Application->doRunCommand(Object(Illuminate\\Database\\Console\\Migrations\\MigrateCommand), Object(Symfony\\Component\\Console\\Input\\ArgvInput), Object(Symfony\\Component\\Console\\Output\\ConsoleOutput))
#25 C:\\laragon\\www\\500-STAB-WOUNDS\\vendor\\symfony\\console\\Application.php(193): Symfony\\Component\\Console\\Application->doRun(Object(Symfony\\Component\\Console\\Input\\ArgvInput), Object(Symfony\\Component\\Console\\Output\\ConsoleOutput))
#26 C:\\laragon\\www\\500-STAB-WOUNDS\\vendor\\laravel\\framework\\src\\Illuminate\\Foundation\\Console\\Kernel.php(197): Symfony\\Component\\Console\\Application->run(Object(Symfony\\Component\\Console\\Input\\ArgvInput), Object(Symfony\\Component\\Console\\Output\\ConsoleOutput))
#27 C:\\laragon\\www\\500-STAB-WOUNDS\\vendor\\laravel\\framework\\src\\Illuminate\\Foundation\\Application.php(1234): Illuminate\\Foundation\\Console\\Kernel->handle(Object(Symfony\\Component\\Console\\Input\\ArgvInput), Object(Symfony\\Component\\Console\\Output\\ConsoleOutput))
#28 C:\\laragon\\www\\500-STAB-WOUNDS\\artisan(16): Illuminate\\Foundation\\Application->handleCommand(Object(Symfony\\Component\\Console\\Input\\ArgvInput))
#29 {main}

[previous exception] [object] (PDOException(code: 0): could not find driver at C:\\laragon\\www\\500-STAB-WOUNDS\\vendor\\laravel\\framework\\src\\Illuminate\\Database\\Connectors\\Connector.php:67)
[stacktrace]
#0 C:\\laragon\\www\\500-STAB-WOUNDS\\vendor\\laravel\\framework\\src\\Illuminate\\Database\\Connectors\\Connector.php(67): PDO::connect('sqlite:C:\\\\larag...', NULL, Object(SensitiveParameterValue), Array)
#1 C:\\laragon\\www\\500-STAB-WOUNDS\\vendor\\laravel\\framework\\src\\Illuminate\\Database\\Connectors\\Connector.php(44): Illuminate\\Database\\Connectors\\Connector->createPdoConnection('sqlite:C:\\\\larag...', NULL, Object(SensitiveParameterValue), Array)
#2 C:\\laragon\\www\\500-STAB-WOUNDS\\vendor\\laravel\\framework\\src\\Illuminate\\Database\\Connectors\\SQLiteConnector.php(21): Illuminate\\Database\\Connectors\\Connector->createConnection('sqlite:C:\\\\larag...', Array, Array)
#3 C:\\laragon\\www\\500-STAB-WOUNDS\\vendor\\laravel\\framework\\src\\Illuminate\\Database\\Connectors\\ConnectionFactory.php(223): Illuminate\\Database\\Connectors\\SQLiteConnector->connect(Array)
#4 [internal function]: Illuminate\\Database\\Connectors\\ConnectionFactory->{closure:Illuminate\\Database\\Connectors\\ConnectionFactory::createPdoResolverWithoutHosts():223}()
#5 C:\\laragon\\www\\500-STAB-WOUNDS\\vendor\\laravel\\framework\\src\\Illuminate\\Database\\Connection.php(1228): call_user_func(Object(Closure))
#6 C:\\laragon\\www\\500-STAB-WOUNDS\\vendor\\laravel\\framework\\src\\Illuminate\\Database\\Connection.php(1264): Illuminate\\Database\\Connection->getPdo()
#7 C:\\laragon\\www\\500-STAB-WOUNDS\\vendor\\laravel\\framework\\src\\Illuminate\\Database\\Connection.php(509): Illuminate\\Database\\Connection->getReadPdo()
#8 C:\\laragon\\www\\500-STAB-WOUNDS\\vendor\\laravel\\framework\\src\\Illuminate\\Database\\Connection.php(404): Illuminate\\Database\\Connection->getPdoForSelect(true)
#9 C:\\laragon\\www\\500-STAB-WOUNDS\\vendor\\laravel\\framework\\src\\Illuminate\\Database\\Connection.php(809): Illuminate\\Database\\Connection->{closure:Illuminate\\Database\\Connection::select():395}('select exists (...', Array)
#10 C:\\laragon\\www\\500-STAB-WOUNDS\\vendor\\laravel\\framework\\src\\Illuminate\\Database\\Connection.php(776): Illuminate\\Database\\Connection->runQueryCallback('select exists (...', Array, Object(Closure))
#11 C:\\laragon\\www\\500-STAB-WOUNDS\\vendor\\laravel\\framework\\src\\Illuminate\\Database\\Connection.php(395): Illuminate\\Database\\Connection->run('select exists (...', Array, Object(Closure))
#12 C:\\laragon\\www\\500-STAB-WOUNDS\\vendor\\laravel\\framework\\src\\Illuminate\\Database\\Connection.php(341): Illuminate\\Database\\Connection->select('select exists (...', Array, true)
#13 C:\\laragon\\www\\500-STAB-WOUNDS\\vendor\\laravel\\framework\\src\\Illuminate\\Database\\Connection.php(358): Illuminate\\Database\\Connection->selectOne('select exists (...', Array, true)
#14 C:\\laragon\\www\\500-STAB-WOUNDS\\vendor\\laravel\\framework\\src\\Illuminate\\Database\\Schema\\Builder.php(174): Illuminate\\Database\\Connection->scalar('select exists (...')
#15 C:\\laragon\\www\\500-STAB-WOUNDS\\vendor\\laravel\\framework\\src\\Illuminate\\Database\\Migrations\\DatabaseMigrationRepository.php(183): Illuminate\\Database\\Schema\\Builder->hasTable('migrations')
#16 C:\\laragon\\www\\500-STAB-WOUNDS\\vendor\\laravel\\framework\\src\\Illuminate\\Database\\Migrations\\Migrator.php(749): Illuminate\\Database\\Migrations\\DatabaseMigrationRepository->repositoryExists()
#17 C:\\laragon\\www\\500-STAB-WOUNDS\\vendor\\laravel\\framework\\src\\Illuminate\\Database\\Console\\Migrations\\MigrateCommand.php(164): Illuminate\\Database\\Migrations\\Migrator->repositoryExists()
#18 C:\\laragon\\www\\500-STAB-WOUNDS\\vendor\\laravel\\framework\\src\\Illuminate\\Support\\helpers.php(338): Illuminate\\Database\\Console\\Migrations\\MigrateCommand->{closure:Illuminate\\Database\\Console\\Migrations\\MigrateCommand::repositoryExists():164}(1)
#19 C:\\laragon\\www\\500-STAB-WOUNDS\\vendor\\laravel\\framework\\src\\Illuminate\\Database\\Console\\Migrations\\MigrateCommand.php(164): retry(1, Object(Closure), 0, Object(Closure))
#20 C:\\laragon\\www\\500-STAB-WOUNDS\\vendor\\laravel\\framework\\src\\Illuminate\\Database\\Console\\Migrations\\MigrateCommand.php(140): Illuminate\\Database\\Console\\Migrations\\MigrateCommand->repositoryExists()
#21 C:\\laragon\\www\\500-STAB-WOUNDS\\vendor\\laravel\\framework\\src\\Illuminate\\Database\\Console\\Migrations\\MigrateCommand.php(110): Illuminate\\Database\\Console\\Migrations\\MigrateCommand->prepareDatabase()
#22 C:\\laragon\\www\\500-STAB-WOUNDS\\vendor\\laravel\\framework\\src\\Illuminate\\Database\\Migrations\\Migrator.php(665): Illuminate\\Database\\Console\\Migrations\\MigrateCommand->{closure:Illuminate\\Database\\Console\\Migrations\\MigrateCommand::runMigrations():109}()
#23 C:\\laragon\\www\\500-STAB-WOUNDS\\vendor\\laravel\\framework\\src\\Illuminate\\Database\\Console\\Migrations\\MigrateCommand.php(109): Illuminate\\Database\\Migrations\\Migrator->usingConnection(NULL, Object(Closure))
#24 C:\\laragon\\www\\500-STAB-WOUNDS\\vendor\\laravel\\framework\\src\\Illuminate\\Database\\Console\\Migrations\\MigrateCommand.php(88): Illuminate\\Database\\Console\\Migrations\\MigrateCommand->runMigrations()
#25 C:\\laragon\\www\\500-STAB-WOUNDS\\vendor\\laravel\\framework\\src\\Illuminate\\Container\\BoundMethod.php(36): Illuminate\\Database\\Console\\Migrations\\MigrateCommand->handle()
#26 C:\\laragon\\www\\500-STAB-WOUNDS\\vendor\\laravel\\framework\\src\\Illuminate\\Container\\Util.php(43): Illuminate\\Container\\BoundMethod::{closure:Illuminate\\Container\\BoundMethod::call():35}()
#27 C:\\laragon\\www\\500-STAB-WOUNDS\\vendor\\laravel\\framework\\src\\Illuminate\\Container\\BoundMethod.php(96): Illuminate\\Container\\Util::unwrapIfClosure(Object(Closure))
#28 C:\\laragon\\www\\500-STAB-WOUNDS\\vendor\\laravel\\framework\\src\\Illuminate\\Container\\BoundMethod.php(35): Illuminate\\Container\\BoundMethod::callBoundMethod(Object(Illuminate\\Foundation\\Application), Array, Object(Closure))
#29 C:\\laragon\\www\\500-STAB-WOUNDS\\vendor\\laravel\\framework\\src\\Illuminate\\Container\\Container.php(754): Illuminate\\Container\\BoundMethod::call(Object(Illuminate\\Foundation\\Application), Array, Array, NULL)
#30 C:\\laragon\\www\\500-STAB-WOUNDS\\vendor\\laravel\\framework\\src\\Illuminate\\Console\\Command.php(211): Illuminate\\Container\\Container->call(Array)
#31 C:\\laragon\\www\\500-STAB-WOUNDS\\vendor\\symfony\\console\\Command\\Command.php(279): Illuminate\\Console\\Command->execute(Object(Symfony\\Component\\Console\\Input\\ArgvInput), Object(Illuminate\\Console\\OutputStyle))
#32 C:\\laragon\\www\\500-STAB-WOUNDS\\vendor\\laravel\\framework\\src\\Illuminate\\Console\\Command.php(180): Symfony\\Component\\Console\\Command\\Command->run(Object(Symfony\\Component\\Console\\Input\\ArgvInput), Object(Illuminate\\Console\\OutputStyle))
#33 C:\\laragon\\www\\500-STAB-WOUNDS\\vendor\\symfony\\console\\Application.php(1094): Illuminate\\Console\\Command->run(Object(Symfony\\Component\\Console\\Input\\ArgvInput), Object(Symfony\\Component\\Console\\Output\\ConsoleOutput))
#34 C:\\laragon\\www\\500-STAB-WOUNDS\\vendor\\symfony\\console\\Application.php(342): Symfony\\Component\\Console\\Application->doRunCommand(Object(Illuminate\\Database\\Console\\Migrations\\MigrateCommand), Object(Symfony\\Component\\Console\\Input\\ArgvInput), Object(Symfony\\Component\\Console\\Output\\ConsoleOutput))
#35 C:\\laragon\\www\\500-STAB-WOUNDS\\vendor\\symfony\\console\\Application.php(193): Symfony\\Component\\Console\\Application->doRun(Object(Symfony\\Component\\Console\\Input\\ArgvInput), Object(Symfony\\Component\\Console\\Output\\ConsoleOutput))
#36 C:\\laragon\\www\\500-STAB-WOUNDS\\vendor\\laravel\\framework\\src\\Illuminate\\Foundation\\Console\\Kernel.php(197): Symfony\\Component\\Console\\Application->run(Object(Symfony\\Component\\Console\\Input\\ArgvInput), Object(Symfony\\Component\\Console\\Output\\ConsoleOutput))
#37 C:\\laragon\\www\\500-STAB-WOUNDS\\vendor\\laravel\\framework\\src\\Illuminate\\Foundation\\Application.php(1234): Illuminate\\Foundation\\Console\\Kernel->handle(Object(Symfony\\Component\\Console\\Input\\ArgvInput), Object(Symfony\\Component\\Console\\Output\\ConsoleOutput))
#38 C:\\laragon\\www\\500-STAB-WOUNDS\\artisan(16): Illuminate\\Foundation\\Application->handleCommand(Object(Symfony\\Component\\Console\\Input\\ArgvInput))
#39 {main}
"} 
[2025-05-01 12:05:33] local.ERROR: SQLSTATE[HY000] [1045] Access denied for user 'root'@'localhost' (using password: NO) (Connection: mysql, SQL: select exists (select 1 from information_schema.tables where table_schema = schema() and table_name = 'migrations' and table_type in ('BASE TABLE', 'SYSTEM VERSIONED')) as `exists`) {"exception":"[object] (Illuminate\\Database\\QueryException(code: 1045): SQLSTATE[HY000] [1045] Access denied for user 'root'@'localhost' (using password: NO) (Connection: mysql, SQL: select exists (select 1 from information_schema.tables where table_schema = schema() and table_name = 'migrations' and table_type in ('BASE TABLE', 'SYSTEM VERSIONED')) as `exists`) at C:\\laragon\\www\\500-STAB-WOUNDS\\vendor\\laravel\\framework\\src\\Illuminate\\Database\\Connection.php:822)
[stacktrace]
#0 C:\\laragon\\www\\500-STAB-WOUNDS\\vendor\\laravel\\framework\\src\\Illuminate\\Database\\Connection.php(976): Illuminate\\Database\\Connection->runQueryCallback('select exists (...', Array, Object(Closure))
#1 C:\\laragon\\www\\500-STAB-WOUNDS\\vendor\\laravel\\framework\\src\\Illuminate\\Database\\Connection.php(955): Illuminate\\Database\\Connection->tryAgainIfCausedByLostConnection(Object(Illuminate\\Database\\QueryException), 'select exists (...', Array, Object(Closure))
#2 C:\\laragon\\www\\500-STAB-WOUNDS\\vendor\\laravel\\framework\\src\\Illuminate\\Database\\Connection.php(778): Illuminate\\Database\\Connection->handleQueryException(Object(Illuminate\\Database\\QueryException), 'select exists (...', Array, Object(Closure))
#3 C:\\laragon\\www\\500-STAB-WOUNDS\\vendor\\laravel\\framework\\src\\Illuminate\\Database\\Connection.php(395): Illuminate\\Database\\Connection->run('select exists (...', Array, Object(Closure))
#4 C:\\laragon\\www\\500-STAB-WOUNDS\\vendor\\laravel\\framework\\src\\Illuminate\\Database\\Connection.php(341): Illuminate\\Database\\Connection->select('select exists (...', Array, true)
#5 C:\\laragon\\www\\500-STAB-WOUNDS\\vendor\\laravel\\framework\\src\\Illuminate\\Database\\Connection.php(358): Illuminate\\Database\\Connection->selectOne('select exists (...', Array, true)
#6 C:\\laragon\\www\\500-STAB-WOUNDS\\vendor\\laravel\\framework\\src\\Illuminate\\Database\\Schema\\Builder.php(174): Illuminate\\Database\\Connection->scalar('select exists (...')
#7 C:\\laragon\\www\\500-STAB-WOUNDS\\vendor\\laravel\\framework\\src\\Illuminate\\Database\\Migrations\\DatabaseMigrationRepository.php(183): Illuminate\\Database\\Schema\\Builder->hasTable('migrations')
#8 C:\\laragon\\www\\500-STAB-WOUNDS\\vendor\\laravel\\framework\\src\\Illuminate\\Database\\Migrations\\Migrator.php(749): Illuminate\\Database\\Migrations\\DatabaseMigrationRepository->repositoryExists()
#9 C:\\laragon\\www\\500-STAB-WOUNDS\\vendor\\laravel\\framework\\src\\Illuminate\\Database\\Console\\Migrations\\MigrateCommand.php(164): Illuminate\\Database\\Migrations\\Migrator->repositoryExists()
#10 C:\\laragon\\www\\500-STAB-WOUNDS\\vendor\\laravel\\framework\\src\\Illuminate\\Support\\helpers.php(338): Illuminate\\Database\\Console\\Migrations\\MigrateCommand->{closure:Illuminate\\Database\\Console\\Migrations\\MigrateCommand::repositoryExists():164}(1)
#11 C:\\laragon\\www\\500-STAB-WOUNDS\\vendor\\laravel\\framework\\src\\Illuminate\\Database\\Console\\Migrations\\MigrateCommand.php(164): retry(1, Object(Closure), 0, Object(Closure))
#12 C:\\laragon\\www\\500-STAB-WOUNDS\\vendor\\laravel\\framework\\src\\Illuminate\\Database\\Console\\Migrations\\MigrateCommand.php(140): Illuminate\\Database\\Console\\Migrations\\MigrateCommand->repositoryExists()
#13 C:\\laragon\\www\\500-STAB-WOUNDS\\vendor\\laravel\\framework\\src\\Illuminate\\Database\\Console\\Migrations\\MigrateCommand.php(110): Illuminate\\Database\\Console\\Migrations\\MigrateCommand->prepareDatabase()
#14 C:\\laragon\\www\\500-STAB-WOUNDS\\vendor\\laravel\\framework\\src\\Illuminate\\Database\\Migrations\\Migrator.php(665): Illuminate\\Database\\Console\\Migrations\\MigrateCommand->{closure:Illuminate\\Database\\Console\\Migrations\\MigrateCommand::runMigrations():109}()
#15 C:\\laragon\\www\\500-STAB-WOUNDS\\vendor\\laravel\\framework\\src\\Illuminate\\Database\\Console\\Migrations\\MigrateCommand.php(109): Illuminate\\Database\\Migrations\\Migrator->usingConnection(NULL, Object(Closure))
#16 C:\\laragon\\www\\500-STAB-WOUNDS\\vendor\\laravel\\framework\\src\\Illuminate\\Database\\Console\\Migrations\\MigrateCommand.php(88): Illuminate\\Database\\Console\\Migrations\\MigrateCommand->runMigrations()
#17 C:\\laragon\\www\\500-STAB-WOUNDS\\vendor\\laravel\\framework\\src\\Illuminate\\Container\\BoundMethod.php(36): Illuminate\\Database\\Console\\Migrations\\MigrateCommand->handle()
#18 C:\\laragon\\www\\500-STAB-WOUNDS\\vendor\\laravel\\framework\\src\\Illuminate\\Container\\Util.php(43): Illuminate\\Container\\BoundMethod::{closure:Illuminate\\Container\\BoundMethod::call():35}()
#19 C:\\laragon\\www\\500-STAB-WOUNDS\\vendor\\laravel\\framework\\src\\Illuminate\\Container\\BoundMethod.php(96): Illuminate\\Container\\Util::unwrapIfClosure(Object(Closure))
#20 C:\\laragon\\www\\500-STAB-WOUNDS\\vendor\\laravel\\framework\\src\\Illuminate\\Container\\BoundMethod.php(35): Illuminate\\Container\\BoundMethod::callBoundMethod(Object(Illuminate\\Foundation\\Application), Array, Object(Closure))
#21 C:\\laragon\\www\\500-STAB-WOUNDS\\vendor\\laravel\\framework\\src\\Illuminate\\Container\\Container.php(754): Illuminate\\Container\\BoundMethod::call(Object(Illuminate\\Foundation\\Application), Array, Array, NULL)
#22 C:\\laragon\\www\\500-STAB-WOUNDS\\vendor\\laravel\\framework\\src\\Illuminate\\Console\\Command.php(211): Illuminate\\Container\\Container->call(Array)
#23 C:\\laragon\\www\\500-STAB-WOUNDS\\vendor\\symfony\\console\\Command\\Command.php(279): Illuminate\\Console\\Command->execute(Object(Symfony\\Component\\Console\\Input\\ArgvInput), Object(Illuminate\\Console\\OutputStyle))
#24 C:\\laragon\\www\\500-STAB-WOUNDS\\vendor\\laravel\\framework\\src\\Illuminate\\Console\\Command.php(180): Symfony\\Component\\Console\\Command\\Command->run(Object(Symfony\\Component\\Console\\Input\\ArgvInput), Object(Illuminate\\Console\\OutputStyle))
#25 C:\\laragon\\www\\500-STAB-WOUNDS\\vendor\\symfony\\console\\Application.php(1094): Illuminate\\Console\\Command->run(Object(Symfony\\Component\\Console\\Input\\ArgvInput), Object(Symfony\\Component\\Console\\Output\\ConsoleOutput))
#26 C:\\laragon\\www\\500-STAB-WOUNDS\\vendor\\symfony\\console\\Application.php(342): Symfony\\Component\\Console\\Application->doRunCommand(Object(Illuminate\\Database\\Console\\Migrations\\MigrateCommand), Object(Symfony\\Component\\Console\\Input\\ArgvInput), Object(Symfony\\Component\\Console\\Output\\ConsoleOutput))
#27 C:\\laragon\\www\\500-STAB-WOUNDS\\vendor\\symfony\\console\\Application.php(193): Symfony\\Component\\Console\\Application->doRun(Object(Symfony\\Component\\Console\\Input\\ArgvInput), Object(Symfony\\Component\\Console\\Output\\ConsoleOutput))
#28 C:\\laragon\\www\\500-STAB-WOUNDS\\vendor\\laravel\\framework\\src\\Illuminate\\Foundation\\Console\\Kernel.php(197): Symfony\\Component\\Console\\Application->run(Object(Symfony\\Component\\Console\\Input\\ArgvInput), Object(Symfony\\Component\\Console\\Output\\ConsoleOutput))
#29 C:\\laragon\\www\\500-STAB-WOUNDS\\vendor\\laravel\\framework\\src\\Illuminate\\Foundation\\Application.php(1234): Illuminate\\Foundation\\Console\\Kernel->handle(Object(Symfony\\Component\\Console\\Input\\ArgvInput), Object(Symfony\\Component\\Console\\Output\\ConsoleOutput))
#30 C:\\laragon\\www\\500-STAB-WOUNDS\\artisan(16): Illuminate\\Foundation\\Application->handleCommand(Object(Symfony\\Component\\Console\\Input\\ArgvInput))
#31 {main}

[previous exception] [object] (PDOException(code: 1045): SQLSTATE[HY000] [1045] Access denied for user 'root'@'localhost' (using password: NO) at C:\\laragon\\www\\500-STAB-WOUNDS\\vendor\\laravel\\framework\\src\\Illuminate\\Database\\Connectors\\Connector.php:67)
[stacktrace]
#0 C:\\laragon\\www\\500-STAB-WOUNDS\\vendor\\laravel\\framework\\src\\Illuminate\\Database\\Connectors\\Connector.php(67): PDO::connect('mysql:host=127....', 'root', Object(SensitiveParameterValue), Array)
#1 C:\\laragon\\www\\500-STAB-WOUNDS\\vendor\\laravel\\framework\\src\\Illuminate\\Database\\Connectors\\Connector.php(85): Illuminate\\Database\\Connectors\\Connector->createPdoConnection('mysql:host=127....', 'root', Object(SensitiveParameterValue), Array)
#2 C:\\laragon\\www\\500-STAB-WOUNDS\\vendor\\laravel\\framework\\src\\Illuminate\\Database\\Connectors\\Connector.php(48): Illuminate\\Database\\Connectors\\Connector->tryAgainIfCausedByLostConnection(Object(PDOException), 'mysql:host=127....', 'root', Object(SensitiveParameterValue), Array)
#3 C:\\laragon\\www\\500-STAB-WOUNDS\\vendor\\laravel\\framework\\src\\Illuminate\\Database\\Connectors\\MySqlConnector.php(24): Illuminate\\Database\\Connectors\\Connector->createConnection('mysql:host=127....', Array, Array)
#4 C:\\laragon\\www\\500-STAB-WOUNDS\\vendor\\laravel\\framework\\src\\Illuminate\\Database\\Connectors\\ConnectionFactory.php(184): Illuminate\\Database\\Connectors\\MySqlConnector->connect(Array)
#5 [internal function]: Illuminate\\Database\\Connectors\\ConnectionFactory->{closure:Illuminate\\Database\\Connectors\\ConnectionFactory::createPdoResolverWithHosts():179}()
#6 C:\\laragon\\www\\500-STAB-WOUNDS\\vendor\\laravel\\framework\\src\\Illuminate\\Database\\Connection.php(1228): call_user_func(Object(Closure))
#7 C:\\laragon\\www\\500-STAB-WOUNDS\\vendor\\laravel\\framework\\src\\Illuminate\\Database\\Connection.php(1264): Illuminate\\Database\\Connection->getPdo()
#8 C:\\laragon\\www\\500-STAB-WOUNDS\\vendor\\laravel\\framework\\src\\Illuminate\\Database\\Connection.php(509): Illuminate\\Database\\Connection->getReadPdo()
#9 C:\\laragon\\www\\500-STAB-WOUNDS\\vendor\\laravel\\framework\\src\\Illuminate\\Database\\Connection.php(404): Illuminate\\Database\\Connection->getPdoForSelect(true)
#10 C:\\laragon\\www\\500-STAB-WOUNDS\\vendor\\laravel\\framework\\src\\Illuminate\\Database\\Connection.php(809): Illuminate\\Database\\Connection->{closure:Illuminate\\Database\\Connection::select():395}('select exists (...', Array)
#11 C:\\laragon\\www\\500-STAB-WOUNDS\\vendor\\laravel\\framework\\src\\Illuminate\\Database\\Connection.php(976): Illuminate\\Database\\Connection->runQueryCallback('select exists (...', Array, Object(Closure))
#12 C:\\laragon\\www\\500-STAB-WOUNDS\\vendor\\laravel\\framework\\src\\Illuminate\\Database\\Connection.php(955): Illuminate\\Database\\Connection->tryAgainIfCausedByLostConnection(Object(Illuminate\\Database\\QueryException), 'select exists (...', Array, Object(Closure))
#13 C:\\laragon\\www\\500-STAB-WOUNDS\\vendor\\laravel\\framework\\src\\Illuminate\\Database\\Connection.php(778): Illuminate\\Database\\Connection->handleQueryException(Object(Illuminate\\Database\\QueryException), 'select exists (...', Array, Object(Closure))
#14 C:\\laragon\\www\\500-STAB-WOUNDS\\vendor\\laravel\\framework\\src\\Illuminate\\Database\\Connection.php(395): Illuminate\\Database\\Connection->run('select exists (...', Array, Object(Closure))
#15 C:\\laragon\\www\\500-STAB-WOUNDS\\vendor\\laravel\\framework\\src\\Illuminate\\Database\\Connection.php(341): Illuminate\\Database\\Connection->select('select exists (...', Array, true)
#16 C:\\laragon\\www\\500-STAB-WOUNDS\\vendor\\laravel\\framework\\src\\Illuminate\\Database\\Connection.php(358): Illuminate\\Database\\Connection->selectOne('select exists (...', Array, true)
#17 C:\\laragon\\www\\500-STAB-WOUNDS\\vendor\\laravel\\framework\\src\\Illuminate\\Database\\Schema\\Builder.php(174): Illuminate\\Database\\Connection->scalar('select exists (...')
#18 C:\\laragon\\www\\500-STAB-WOUNDS\\vendor\\laravel\\framework\\src\\Illuminate\\Database\\Migrations\\DatabaseMigrationRepository.php(183): Illuminate\\Database\\Schema\\Builder->hasTable('migrations')
#19 C:\\laragon\\www\\500-STAB-WOUNDS\\vendor\\laravel\\framework\\src\\Illuminate\\Database\\Migrations\\Migrator.php(749): Illuminate\\Database\\Migrations\\DatabaseMigrationRepository->repositoryExists()
#20 C:\\laragon\\www\\500-STAB-WOUNDS\\vendor\\laravel\\framework\\src\\Illuminate\\Database\\Console\\Migrations\\MigrateCommand.php(164): Illuminate\\Database\\Migrations\\Migrator->repositoryExists()
#21 C:\\laragon\\www\\500-STAB-WOUNDS\\vendor\\laravel\\framework\\src\\Illuminate\\Support\\helpers.php(338): Illuminate\\Database\\Console\\Migrations\\MigrateCommand->{closure:Illuminate\\Database\\Console\\Migrations\\MigrateCommand::repositoryExists():164}(1)
#22 C:\\laragon\\www\\500-STAB-WOUNDS\\vendor\\laravel\\framework\\src\\Illuminate\\Database\\Console\\Migrations\\MigrateCommand.php(164): retry(1, Object(Closure), 0, Object(Closure))
#23 C:\\laragon\\www\\500-STAB-WOUNDS\\vendor\\laravel\\framework\\src\\Illuminate\\Database\\Console\\Migrations\\MigrateCommand.php(140): Illuminate\\Database\\Console\\Migrations\\MigrateCommand->repositoryExists()
#24 C:\\laragon\\www\\500-STAB-WOUNDS\\vendor\\laravel\\framework\\src\\Illuminate\\Database\\Console\\Migrations\\MigrateCommand.php(110): Illuminate\\Database\\Console\\Migrations\\MigrateCommand->prepareDatabase()
#25 C:\\laragon\\www\\500-STAB-WOUNDS\\vendor\\laravel\\framework\\src\\Illuminate\\Database\\Migrations\\Migrator.php(665): Illuminate\\Database\\Console\\Migrations\\MigrateCommand->{closure:Illuminate\\Database\\Console\\Migrations\\MigrateCommand::runMigrations():109}()
#26 C:\\laragon\\www\\500-STAB-WOUNDS\\vendor\\laravel\\framework\\src\\Illuminate\\Database\\Console\\Migrations\\MigrateCommand.php(109): Illuminate\\Database\\Migrations\\Migrator->usingConnection(NULL, Object(Closure))
#27 C:\\laragon\\www\\500-STAB-WOUNDS\\vendor\\laravel\\framework\\src\\Illuminate\\Database\\Console\\Migrations\\MigrateCommand.php(88): Illuminate\\Database\\Console\\Migrations\\MigrateCommand->runMigrations()
#28 C:\\laragon\\www\\500-STAB-WOUNDS\\vendor\\laravel\\framework\\src\\Illuminate\\Container\\BoundMethod.php(36): Illuminate\\Database\\Console\\Migrations\\MigrateCommand->handle()
#29 C:\\laragon\\www\\500-STAB-WOUNDS\\vendor\\laravel\\framework\\src\\Illuminate\\Container\\Util.php(43): Illuminate\\Container\\BoundMethod::{closure:Illuminate\\Container\\BoundMethod::call():35}()
#30 C:\\laragon\\www\\500-STAB-WOUNDS\\vendor\\laravel\\framework\\src\\Illuminate\\Container\\BoundMethod.php(96): Illuminate\\Container\\Util::unwrapIfClosure(Object(Closure))
#31 C:\\laragon\\www\\500-STAB-WOUNDS\\vendor\\laravel\\framework\\src\\Illuminate\\Container\\BoundMethod.php(35): Illuminate\\Container\\BoundMethod::callBoundMethod(Object(Illuminate\\Foundation\\Application), Array, Object(Closure))
#32 C:\\laragon\\www\\500-STAB-WOUNDS\\vendor\\laravel\\framework\\src\\Illuminate\\Container\\Container.php(754): Illuminate\\Container\\BoundMethod::call(Object(Illuminate\\Foundation\\Application), Array, Array, NULL)
#33 C:\\laragon\\www\\500-STAB-WOUNDS\\vendor\\laravel\\framework\\src\\Illuminate\\Console\\Command.php(211): Illuminate\\Container\\Container->call(Array)
#34 C:\\laragon\\www\\500-STAB-WOUNDS\\vendor\\symfony\\console\\Command\\Command.php(279): Illuminate\\Console\\Command->execute(Object(Symfony\\Component\\Console\\Input\\ArgvInput), Object(Illuminate\\Console\\OutputStyle))
#35 C:\\laragon\\www\\500-STAB-WOUNDS\\vendor\\laravel\\framework\\src\\Illuminate\\Console\\Command.php(180): Symfony\\Component\\Console\\Command\\Command->run(Object(Symfony\\Component\\Console\\Input\\ArgvInput), Object(Illuminate\\Console\\OutputStyle))
#36 C:\\laragon\\www\\500-STAB-WOUNDS\\vendor\\symfony\\console\\Application.php(1094): Illuminate\\Console\\Command->run(Object(Symfony\\Component\\Console\\Input\\ArgvInput), Object(Symfony\\Component\\Console\\Output\\ConsoleOutput))
#37 C:\\laragon\\www\\500-STAB-WOUNDS\\vendor\\symfony\\console\\Application.php(342): Symfony\\Component\\Console\\Application->doRunCommand(Object(Illuminate\\Database\\Console\\Migrations\\MigrateCommand), Object(Symfony\\Component\\Console\\Input\\ArgvInput), Object(Symfony\\Component\\Console\\Output\\ConsoleOutput))
#38 C:\\laragon\\www\\500-STAB-WOUNDS\\vendor\\symfony\\console\\Application.php(193): Symfony\\Component\\Console\\Application->doRun(Object(Symfony\\Component\\Console\\Input\\ArgvInput), Object(Symfony\\Component\\Console\\Output\\ConsoleOutput))
#39 C:\\laragon\\www\\500-STAB-WOUNDS\\vendor\\laravel\\framework\\src\\Illuminate\\Foundation\\Console\\Kernel.php(197): Symfony\\Component\\Console\\Application->run(Object(Symfony\\Component\\Console\\Input\\ArgvInput), Object(Symfony\\Component\\Console\\Output\\ConsoleOutput))
#40 C:\\laragon\\www\\500-STAB-WOUNDS\\vendor\\laravel\\framework\\src\\Illuminate\\Foundation\\Application.php(1234): Illuminate\\Foundation\\Console\\Kernel->handle(Object(Symfony\\Component\\Console\\Input\\ArgvInput), Object(Symfony\\Component\\Console\\Output\\ConsoleOutput))
#41 C:\\laragon\\www\\500-STAB-WOUNDS\\artisan(16): Illuminate\\Foundation\\Application->handleCommand(Object(Symfony\\Component\\Console\\Input\\ArgvInput))
#42 {main}
"} 
[2025-05-01 12:06:31] local.ERROR: SQLSTATE[HY000]: General error: 1824 Failed to open the referenced table 'categories' (Connection: mysql, SQL: alter table `products` add constraint `products_category_id_foreign` foreign key (`category_id`) references `categories` (`id`)) {"exception":"[object] (Illuminate\\Database\\QueryException(code: HY000): SQLSTATE[HY000]: General error: 1824 Failed to open the referenced table 'categories' (Connection: mysql, SQL: alter table `products` add constraint `products_category_id_foreign` foreign key (`category_id`) references `categories` (`id`)) at C:\\laragon\\www\\500-STAB-WOUNDS\\vendor\\laravel\\framework\\src\\Illuminate\\Database\\Connection.php:822)
[stacktrace]
#0 C:\\laragon\\www\\500-STAB-WOUNDS\\vendor\\laravel\\framework\\src\\Illuminate\\Database\\Connection.php(776): Illuminate\\Database\\Connection->runQueryCallback('alter table `pr...', Array, Object(Closure))
#1 C:\\laragon\\www\\500-STAB-WOUNDS\\vendor\\laravel\\framework\\src\\Illuminate\\Database\\Connection.php(557): Illuminate\\Database\\Connection->run('alter table `pr...', Array, Object(Closure))
#2 C:\\laragon\\www\\500-STAB-WOUNDS\\vendor\\laravel\\framework\\src\\Illuminate\\Database\\Schema\\Blueprint.php(119): Illuminate\\Database\\Connection->statement('alter table `pr...')
#3 C:\\laragon\\www\\500-STAB-WOUNDS\\vendor\\laravel\\framework\\src\\Illuminate\\Database\\Schema\\Builder.php(618): Illuminate\\Database\\Schema\\Blueprint->build()
#4 C:\\laragon\\www\\500-STAB-WOUNDS\\vendor\\laravel\\framework\\src\\Illuminate\\Database\\Schema\\Builder.php(472): Illuminate\\Database\\Schema\\Builder->build(Object(Illuminate\\Database\\Schema\\Blueprint))
#5 C:\\laragon\\www\\500-STAB-WOUNDS\\vendor\\laravel\\framework\\src\\Illuminate\\Support\\Facades\\Facade.php(361): Illuminate\\Database\\Schema\\Builder->create('products', Object(Closure))
#6 C:\\laragon\\www\\500-STAB-WOUNDS\\database\\migrations\\2025_05_01_120126_create_products_table.php(14): Illuminate\\Support\\Facades\\Facade::__callStatic('create', Array)
#7 C:\\laragon\\www\\500-STAB-WOUNDS\\vendor\\laravel\\framework\\src\\Illuminate\\Database\\Migrations\\Migrator.php(514): Illuminate\\Database\\Migrations\\Migration@anonymous->up()
#8 C:\\laragon\\www\\500-STAB-WOUNDS\\vendor\\laravel\\framework\\src\\Illuminate\\Database\\Migrations\\Migrator.php(439): Illuminate\\Database\\Migrations\\Migrator->runMethod(Object(Illuminate\\Database\\MySqlConnection), Object(Illuminate\\Database\\Migrations\\Migration@anonymous), 'up')
#9 C:\\laragon\\www\\500-STAB-WOUNDS\\vendor\\laravel\\framework\\src\\Illuminate\\Database\\Migrations\\Migrator.php(448): Illuminate\\Database\\Migrations\\Migrator->{closure:Illuminate\\Database\\Migrations\\Migrator::runMigration():435}()
#10 C:\\laragon\\www\\500-STAB-WOUNDS\\vendor\\laravel\\framework\\src\\Illuminate\\Database\\Migrations\\Migrator.php(250): Illuminate\\Database\\Migrations\\Migrator->runMigration(Object(Illuminate\\Database\\Migrations\\Migration@anonymous), 'up')
#11 C:\\laragon\\www\\500-STAB-WOUNDS\\vendor\\laravel\\framework\\src\\Illuminate\\Console\\View\\Components\\Task.php(41): Illuminate\\Database\\Migrations\\Migrator->{closure:Illuminate\\Database\\Migrations\\Migrator::runUp():250}()
#12 C:\\laragon\\www\\500-STAB-WOUNDS\\vendor\\laravel\\framework\\src\\Illuminate\\Database\\Migrations\\Migrator.php(805): Illuminate\\Console\\View\\Components\\Task->render('2025_05_01_1201...', Object(Closure))
#13 C:\\laragon\\www\\500-STAB-WOUNDS\\vendor\\laravel\\framework\\src\\Illuminate\\Database\\Migrations\\Migrator.php(250): Illuminate\\Database\\Migrations\\Migrator->write('Illuminate\\\\Cons...', '2025_05_01_1201...', Object(Closure))
#14 C:\\laragon\\www\\500-STAB-WOUNDS\\vendor\\laravel\\framework\\src\\Illuminate\\Database\\Migrations\\Migrator.php(210): Illuminate\\Database\\Migrations\\Migrator->runUp('C:\\\\laragon\\\\www\\\\...', 1, false)
#15 C:\\laragon\\www\\500-STAB-WOUNDS\\vendor\\laravel\\framework\\src\\Illuminate\\Database\\Migrations\\Migrator.php(137): Illuminate\\Database\\Migrations\\Migrator->runPending(Array, Array)
#16 C:\\laragon\\www\\500-STAB-WOUNDS\\vendor\\laravel\\framework\\src\\Illuminate\\Database\\Console\\Migrations\\MigrateCommand.php(116): Illuminate\\Database\\Migrations\\Migrator->run(Array, Array)
#17 C:\\laragon\\www\\500-STAB-WOUNDS\\vendor\\laravel\\framework\\src\\Illuminate\\Database\\Migrations\\Migrator.php(665): Illuminate\\Database\\Console\\Migrations\\MigrateCommand->{closure:Illuminate\\Database\\Console\\Migrations\\MigrateCommand::runMigrations():109}()
#18 C:\\laragon\\www\\500-STAB-WOUNDS\\vendor\\laravel\\framework\\src\\Illuminate\\Database\\Console\\Migrations\\MigrateCommand.php(109): Illuminate\\Database\\Migrations\\Migrator->usingConnection(NULL, Object(Closure))
#19 C:\\laragon\\www\\500-STAB-WOUNDS\\vendor\\laravel\\framework\\src\\Illuminate\\Database\\Console\\Migrations\\MigrateCommand.php(88): Illuminate\\Database\\Console\\Migrations\\MigrateCommand->runMigrations()
#20 C:\\laragon\\www\\500-STAB-WOUNDS\\vendor\\laravel\\framework\\src\\Illuminate\\Container\\BoundMethod.php(36): Illuminate\\Database\\Console\\Migrations\\MigrateCommand->handle()
#21 C:\\laragon\\www\\500-STAB-WOUNDS\\vendor\\laravel\\framework\\src\\Illuminate\\Container\\Util.php(43): Illuminate\\Container\\BoundMethod::{closure:Illuminate\\Container\\BoundMethod::call():35}()
#22 C:\\laragon\\www\\500-STAB-WOUNDS\\vendor\\laravel\\framework\\src\\Illuminate\\Container\\BoundMethod.php(96): Illuminate\\Container\\Util::unwrapIfClosure(Object(Closure))
#23 C:\\laragon\\www\\500-STAB-WOUNDS\\vendor\\laravel\\framework\\src\\Illuminate\\Container\\BoundMethod.php(35): Illuminate\\Container\\BoundMethod::callBoundMethod(Object(Illuminate\\Foundation\\Application), Array, Object(Closure))
#24 C:\\laragon\\www\\500-STAB-WOUNDS\\vendor\\laravel\\framework\\src\\Illuminate\\Container\\Container.php(754): Illuminate\\Container\\BoundMethod::call(Object(Illuminate\\Foundation\\Application), Array, Array, NULL)
#25 C:\\laragon\\www\\500-STAB-WOUNDS\\vendor\\laravel\\framework\\src\\Illuminate\\Console\\Command.php(211): Illuminate\\Container\\Container->call(Array)
#26 C:\\laragon\\www\\500-STAB-WOUNDS\\vendor\\symfony\\console\\Command\\Command.php(279): Illuminate\\Console\\Command->execute(Object(Symfony\\Component\\Console\\Input\\ArgvInput), Object(Illuminate\\Console\\OutputStyle))
#27 C:\\laragon\\www\\500-STAB-WOUNDS\\vendor\\laravel\\framework\\src\\Illuminate\\Console\\Command.php(180): Symfony\\Component\\Console\\Command\\Command->run(Object(Symfony\\Component\\Console\\Input\\ArgvInput), Object(Illuminate\\Console\\OutputStyle))
#28 C:\\laragon\\www\\500-STAB-WOUNDS\\vendor\\symfony\\console\\Application.php(1094): Illuminate\\Console\\Command->run(Object(Symfony\\Component\\Console\\Input\\ArgvInput), Object(Symfony\\Component\\Console\\Output\\ConsoleOutput))
#29 C:\\laragon\\www\\500-STAB-WOUNDS\\vendor\\symfony\\console\\Application.php(342): Symfony\\Component\\Console\\Application->doRunCommand(Object(Illuminate\\Database\\Console\\Migrations\\MigrateCommand), Object(Symfony\\Component\\Console\\Input\\ArgvInput), Object(Symfony\\Component\\Console\\Output\\ConsoleOutput))
#30 C:\\laragon\\www\\500-STAB-WOUNDS\\vendor\\symfony\\console\\Application.php(193): Symfony\\Component\\Console\\Application->doRun(Object(Symfony\\Component\\Console\\Input\\ArgvInput), Object(Symfony\\Component\\Console\\Output\\ConsoleOutput))
#31 C:\\laragon\\www\\500-STAB-WOUNDS\\vendor\\laravel\\framework\\src\\Illuminate\\Foundation\\Console\\Kernel.php(197): Symfony\\Component\\Console\\Application->run(Object(Symfony\\Component\\Console\\Input\\ArgvInput), Object(Symfony\\Component\\Console\\Output\\ConsoleOutput))
#32 C:\\laragon\\www\\500-STAB-WOUNDS\\vendor\\laravel\\framework\\src\\Illuminate\\Foundation\\Application.php(1234): Illuminate\\Foundation\\Console\\Kernel->handle(Object(Symfony\\Component\\Console\\Input\\ArgvInput), Object(Symfony\\Component\\Console\\Output\\ConsoleOutput))
#33 C:\\laragon\\www\\500-STAB-WOUNDS\\artisan(16): Illuminate\\Foundation\\Application->handleCommand(Object(Symfony\\Component\\Console\\Input\\ArgvInput))
#34 {main}

[previous exception] [object] (PDOException(code: HY000): SQLSTATE[HY000]: General error: 1824 Failed to open the referenced table 'categories' at C:\\laragon\\www\\500-STAB-WOUNDS\\vendor\\laravel\\framework\\src\\Illuminate\\Database\\Connection.php:568)
[stacktrace]
#0 C:\\laragon\\www\\500-STAB-WOUNDS\\vendor\\laravel\\framework\\src\\Illuminate\\Database\\Connection.php(568): PDOStatement->execute()
#1 C:\\laragon\\www\\500-STAB-WOUNDS\\vendor\\laravel\\framework\\src\\Illuminate\\Database\\Connection.php(809): Illuminate\\Database\\Connection->{closure:Illuminate\\Database\\Connection::statement():557}('alter table `pr...', Array)
#2 C:\\laragon\\www\\500-STAB-WOUNDS\\vendor\\laravel\\framework\\src\\Illuminate\\Database\\Connection.php(776): Illuminate\\Database\\Connection->runQueryCallback('alter table `pr...', Array, Object(Closure))
#3 C:\\laragon\\www\\500-STAB-WOUNDS\\vendor\\laravel\\framework\\src\\Illuminate\\Database\\Connection.php(557): Illuminate\\Database\\Connection->run('alter table `pr...', Array, Object(Closure))
#4 C:\\laragon\\www\\500-STAB-WOUNDS\\vendor\\laravel\\framework\\src\\Illuminate\\Database\\Schema\\Blueprint.php(119): Illuminate\\Database\\Connection->statement('alter table `pr...')
#5 C:\\laragon\\www\\500-STAB-WOUNDS\\vendor\\laravel\\framework\\src\\Illuminate\\Database\\Schema\\Builder.php(618): Illuminate\\Database\\Schema\\Blueprint->build()
#6 C:\\laragon\\www\\500-STAB-WOUNDS\\vendor\\laravel\\framework\\src\\Illuminate\\Database\\Schema\\Builder.php(472): Illuminate\\Database\\Schema\\Builder->build(Object(Illuminate\\Database\\Schema\\Blueprint))
#7 C:\\laragon\\www\\500-STAB-WOUNDS\\vendor\\laravel\\framework\\src\\Illuminate\\Support\\Facades\\Facade.php(361): Illuminate\\Database\\Schema\\Builder->create('products', Object(Closure))
#8 C:\\laragon\\www\\500-STAB-WOUNDS\\database\\migrations\\2025_05_01_120126_create_products_table.php(14): Illuminate\\Support\\Facades\\Facade::__callStatic('create', Array)
#9 C:\\laragon\\www\\500-STAB-WOUNDS\\vendor\\laravel\\framework\\src\\Illuminate\\Database\\Migrations\\Migrator.php(514): Illuminate\\Database\\Migrations\\Migration@anonymous->up()
#10 C:\\laragon\\www\\500-STAB-WOUNDS\\vendor\\laravel\\framework\\src\\Illuminate\\Database\\Migrations\\Migrator.php(439): Illuminate\\Database\\Migrations\\Migrator->runMethod(Object(Illuminate\\Database\\MySqlConnection), Object(Illuminate\\Database\\Migrations\\Migration@anonymous), 'up')
#11 C:\\laragon\\www\\500-STAB-WOUNDS\\vendor\\laravel\\framework\\src\\Illuminate\\Database\\Migrations\\Migrator.php(448): Illuminate\\Database\\Migrations\\Migrator->{closure:Illuminate\\Database\\Migrations\\Migrator::runMigration():435}()
#12 C:\\laragon\\www\\500-STAB-WOUNDS\\vendor\\laravel\\framework\\src\\Illuminate\\Database\\Migrations\\Migrator.php(250): Illuminate\\Database\\Migrations\\Migrator->runMigration(Object(Illuminate\\Database\\Migrations\\Migration@anonymous), 'up')
#13 C:\\laragon\\www\\500-STAB-WOUNDS\\vendor\\laravel\\framework\\src\\Illuminate\\Console\\View\\Components\\Task.php(41): Illuminate\\Database\\Migrations\\Migrator->{closure:Illuminate\\Database\\Migrations\\Migrator::runUp():250}()
#14 C:\\laragon\\www\\500-STAB-WOUNDS\\vendor\\laravel\\framework\\src\\Illuminate\\Database\\Migrations\\Migrator.php(805): Illuminate\\Console\\View\\Components\\Task->render('2025_05_01_1201...', Object(Closure))
#15 C:\\laragon\\www\\500-STAB-WOUNDS\\vendor\\laravel\\framework\\src\\Illuminate\\Database\\Migrations\\Migrator.php(250): Illuminate\\Database\\Migrations\\Migrator->write('Illuminate\\\\Cons...', '2025_05_01_1201...', Object(Closure))
#16 C:\\laragon\\www\\500-STAB-WOUNDS\\vendor\\laravel\\framework\\src\\Illuminate\\Database\\Migrations\\Migrator.php(210): Illuminate\\Database\\Migrations\\Migrator->runUp('C:\\\\laragon\\\\www\\\\...', 1, false)
#17 C:\\laragon\\www\\500-STAB-WOUNDS\\vendor\\laravel\\framework\\src\\Illuminate\\Database\\Migrations\\Migrator.php(137): Illuminate\\Database\\Migrations\\Migrator->runPending(Array, Array)
#18 C:\\laragon\\www\\500-STAB-WOUNDS\\vendor\\laravel\\framework\\src\\Illuminate\\Database\\Console\\Migrations\\MigrateCommand.php(116): Illuminate\\Database\\Migrations\\Migrator->run(Array, Array)
#19 C:\\laragon\\www\\500-STAB-WOUNDS\\vendor\\laravel\\framework\\src\\Illuminate\\Database\\Migrations\\Migrator.php(665): Illuminate\\Database\\Console\\Migrations\\MigrateCommand->{closure:Illuminate\\Database\\Console\\Migrations\\MigrateCommand::runMigrations():109}()
#20 C:\\laragon\\www\\500-STAB-WOUNDS\\vendor\\laravel\\framework\\src\\Illuminate\\Database\\Console\\Migrations\\MigrateCommand.php(109): Illuminate\\Database\\Migrations\\Migrator->usingConnection(NULL, Object(Closure))
#21 C:\\laragon\\www\\500-STAB-WOUNDS\\vendor\\laravel\\framework\\src\\Illuminate\\Database\\Console\\Migrations\\MigrateCommand.php(88): Illuminate\\Database\\Console\\Migrations\\MigrateCommand->runMigrations()
#22 C:\\laragon\\www\\500-STAB-WOUNDS\\vendor\\laravel\\framework\\src\\Illuminate\\Container\\BoundMethod.php(36): Illuminate\\Database\\Console\\Migrations\\MigrateCommand->handle()
#23 C:\\laragon\\www\\500-STAB-WOUNDS\\vendor\\laravel\\framework\\src\\Illuminate\\Container\\Util.php(43): Illuminate\\Container\\BoundMethod::{closure:Illuminate\\Container\\BoundMethod::call():35}()
#24 C:\\laragon\\www\\500-STAB-WOUNDS\\vendor\\laravel\\framework\\src\\Illuminate\\Container\\BoundMethod.php(96): Illuminate\\Container\\Util::unwrapIfClosure(Object(Closure))
#25 C:\\laragon\\www\\500-STAB-WOUNDS\\vendor\\laravel\\framework\\src\\Illuminate\\Container\\BoundMethod.php(35): Illuminate\\Container\\BoundMethod::callBoundMethod(Object(Illuminate\\Foundation\\Application), Array, Object(Closure))
#26 C:\\laragon\\www\\500-STAB-WOUNDS\\vendor\\laravel\\framework\\src\\Illuminate\\Container\\Container.php(754): Illuminate\\Container\\BoundMethod::call(Object(Illuminate\\Foundation\\Application), Array, Array, NULL)
#27 C:\\laragon\\www\\500-STAB-WOUNDS\\vendor\\laravel\\framework\\src\\Illuminate\\Console\\Command.php(211): Illuminate\\Container\\Container->call(Array)
#28 C:\\laragon\\www\\500-STAB-WOUNDS\\vendor\\symfony\\console\\Command\\Command.php(279): Illuminate\\Console\\Command->execute(Object(Symfony\\Component\\Console\\Input\\ArgvInput), Object(Illuminate\\Console\\OutputStyle))
#29 C:\\laragon\\www\\500-STAB-WOUNDS\\vendor\\laravel\\framework\\src\\Illuminate\\Console\\Command.php(180): Symfony\\Component\\Console\\Command\\Command->run(Object(Symfony\\Component\\Console\\Input\\ArgvInput), Object(Illuminate\\Console\\OutputStyle))
#30 C:\\laragon\\www\\500-STAB-WOUNDS\\vendor\\symfony\\console\\Application.php(1094): Illuminate\\Console\\Command->run(Object(Symfony\\Component\\Console\\Input\\ArgvInput), Object(Symfony\\Component\\Console\\Output\\ConsoleOutput))
#31 C:\\laragon\\www\\500-STAB-WOUNDS\\vendor\\symfony\\console\\Application.php(342): Symfony\\Component\\Console\\Application->doRunCommand(Object(Illuminate\\Database\\Console\\Migrations\\MigrateCommand), Object(Symfony\\Component\\Console\\Input\\ArgvInput), Object(Symfony\\Component\\Console\\Output\\ConsoleOutput))
#32 C:\\laragon\\www\\500-STAB-WOUNDS\\vendor\\symfony\\console\\Application.php(193): Symfony\\Component\\Console\\Application->doRun(Object(Symfony\\Component\\Console\\Input\\ArgvInput), Object(Symfony\\Component\\Console\\Output\\ConsoleOutput))
#33 C:\\laragon\\www\\500-STAB-WOUNDS\\vendor\\laravel\\framework\\src\\Illuminate\\Foundation\\Console\\Kernel.php(197): Symfony\\Component\\Console\\Application->run(Object(Symfony\\Component\\Console\\Input\\ArgvInput), Object(Symfony\\Component\\Console\\Output\\ConsoleOutput))
#34 C:\\laragon\\www\\500-STAB-WOUNDS\\vendor\\laravel\\framework\\src\\Illuminate\\Foundation\\Application.php(1234): Illuminate\\Foundation\\Console\\Kernel->handle(Object(Symfony\\Component\\Console\\Input\\ArgvInput), Object(Symfony\\Component\\Console\\Output\\ConsoleOutput))
#35 C:\\laragon\\www\\500-STAB-WOUNDS\\artisan(16): Illuminate\\Foundation\\Application->handleCommand(Object(Symfony\\Component\\Console\\Input\\ArgvInput))
#36 {main}
"} 
[2025-05-01 12:08:43] local.ERROR: SQLSTATE[42S01]: Base table or view already exists: 1050 Table 'products' already exists (Connection: mysql, SQL: create table `products` (`id` bigint unsigned not null auto_increment primary key, `name` varchar(255) not null, `category_id` bigint unsigned not null, `created_at` timestamp null, `updated_at` timestamp null) default character set utf8mb4 collate 'utf8mb4_unicode_ci') {"exception":"[object] (Illuminate\\Database\\QueryException(code: 42S01): SQLSTATE[42S01]: Base table or view already exists: 1050 Table 'products' already exists (Connection: mysql, SQL: create table `products` (`id` bigint unsigned not null auto_increment primary key, `name` varchar(255) not null, `category_id` bigint unsigned not null, `created_at` timestamp null, `updated_at` timestamp null) default character set utf8mb4 collate 'utf8mb4_unicode_ci') at C:\\laragon\\www\\500-STAB-WOUNDS\\vendor\\laravel\\framework\\src\\Illuminate\\Database\\Connection.php:822)
[stacktrace]
#0 C:\\laragon\\www\\500-STAB-WOUNDS\\vendor\\laravel\\framework\\src\\Illuminate\\Database\\Connection.php(776): Illuminate\\Database\\Connection->runQueryCallback('create table `p...', Array, Object(Closure))
#1 C:\\laragon\\www\\500-STAB-WOUNDS\\vendor\\laravel\\framework\\src\\Illuminate\\Database\\Connection.php(557): Illuminate\\Database\\Connection->run('create table `p...', Array, Object(Closure))
#2 C:\\laragon\\www\\500-STAB-WOUNDS\\vendor\\laravel\\framework\\src\\Illuminate\\Database\\Schema\\Blueprint.php(119): Illuminate\\Database\\Connection->statement('create table `p...')
#3 C:\\laragon\\www\\500-STAB-WOUNDS\\vendor\\laravel\\framework\\src\\Illuminate\\Database\\Schema\\Builder.php(618): Illuminate\\Database\\Schema\\Blueprint->build()
#4 C:\\laragon\\www\\500-STAB-WOUNDS\\vendor\\laravel\\framework\\src\\Illuminate\\Database\\Schema\\Builder.php(472): Illuminate\\Database\\Schema\\Builder->build(Object(Illuminate\\Database\\Schema\\Blueprint))
#5 C:\\laragon\\www\\500-STAB-WOUNDS\\vendor\\laravel\\framework\\src\\Illuminate\\Support\\Facades\\Facade.php(361): Illuminate\\Database\\Schema\\Builder->create('products', Object(Closure))
#6 C:\\laragon\\www\\500-STAB-WOUNDS\\database\\migrations\\2025_05_01_120126_create_products_table.php(14): Illuminate\\Support\\Facades\\Facade::__callStatic('create', Array)
#7 C:\\laragon\\www\\500-STAB-WOUNDS\\vendor\\laravel\\framework\\src\\Illuminate\\Database\\Migrations\\Migrator.php(514): Illuminate\\Database\\Migrations\\Migration@anonymous->up()
#8 C:\\laragon\\www\\500-STAB-WOUNDS\\vendor\\laravel\\framework\\src\\Illuminate\\Database\\Migrations\\Migrator.php(439): Illuminate\\Database\\Migrations\\Migrator->runMethod(Object(Illuminate\\Database\\MySqlConnection), Object(Illuminate\\Database\\Migrations\\Migration@anonymous), 'up')
#9 C:\\laragon\\www\\500-STAB-WOUNDS\\vendor\\laravel\\framework\\src\\Illuminate\\Database\\Migrations\\Migrator.php(448): Illuminate\\Database\\Migrations\\Migrator->{closure:Illuminate\\Database\\Migrations\\Migrator::runMigration():435}()
#10 C:\\laragon\\www\\500-STAB-WOUNDS\\vendor\\laravel\\framework\\src\\Illuminate\\Database\\Migrations\\Migrator.php(250): Illuminate\\Database\\Migrations\\Migrator->runMigration(Object(Illuminate\\Database\\Migrations\\Migration@anonymous), 'up')
#11 C:\\laragon\\www\\500-STAB-WOUNDS\\vendor\\laravel\\framework\\src\\Illuminate\\Console\\View\\Components\\Task.php(41): Illuminate\\Database\\Migrations\\Migrator->{closure:Illuminate\\Database\\Migrations\\Migrator::runUp():250}()
#12 C:\\laragon\\www\\500-STAB-WOUNDS\\vendor\\laravel\\framework\\src\\Illuminate\\Database\\Migrations\\Migrator.php(805): Illuminate\\Console\\View\\Components\\Task->render('2025_05_01_1201...', Object(Closure))
#13 C:\\laragon\\www\\500-STAB-WOUNDS\\vendor\\laravel\\framework\\src\\Illuminate\\Database\\Migrations\\Migrator.php(250): Illuminate\\Database\\Migrations\\Migrator->write('Illuminate\\\\Cons...', '2025_05_01_1201...', Object(Closure))
#14 C:\\laragon\\www\\500-STAB-WOUNDS\\vendor\\laravel\\framework\\src\\Illuminate\\Database\\Migrations\\Migrator.php(210): Illuminate\\Database\\Migrations\\Migrator->runUp('C:\\\\laragon\\\\www\\\\...', 2, false)
#15 C:\\laragon\\www\\500-STAB-WOUNDS\\vendor\\laravel\\framework\\src\\Illuminate\\Database\\Migrations\\Migrator.php(137): Illuminate\\Database\\Migrations\\Migrator->runPending(Array, Array)
#16 C:\\laragon\\www\\500-STAB-WOUNDS\\vendor\\laravel\\framework\\src\\Illuminate\\Database\\Console\\Migrations\\MigrateCommand.php(116): Illuminate\\Database\\Migrations\\Migrator->run(Array, Array)
#17 C:\\laragon\\www\\500-STAB-WOUNDS\\vendor\\laravel\\framework\\src\\Illuminate\\Database\\Migrations\\Migrator.php(665): Illuminate\\Database\\Console\\Migrations\\MigrateCommand->{closure:Illuminate\\Database\\Console\\Migrations\\MigrateCommand::runMigrations():109}()
#18 C:\\laragon\\www\\500-STAB-WOUNDS\\vendor\\laravel\\framework\\src\\Illuminate\\Database\\Console\\Migrations\\MigrateCommand.php(109): Illuminate\\Database\\Migrations\\Migrator->usingConnection(NULL, Object(Closure))
#19 C:\\laragon\\www\\500-STAB-WOUNDS\\vendor\\laravel\\framework\\src\\Illuminate\\Database\\Console\\Migrations\\MigrateCommand.php(88): Illuminate\\Database\\Console\\Migrations\\MigrateCommand->runMigrations()
#20 C:\\laragon\\www\\500-STAB-WOUNDS\\vendor\\laravel\\framework\\src\\Illuminate\\Container\\BoundMethod.php(36): Illuminate\\Database\\Console\\Migrations\\MigrateCommand->handle()
#21 C:\\laragon\\www\\500-STAB-WOUNDS\\vendor\\laravel\\framework\\src\\Illuminate\\Container\\Util.php(43): Illuminate\\Container\\BoundMethod::{closure:Illuminate\\Container\\BoundMethod::call():35}()
#22 C:\\laragon\\www\\500-STAB-WOUNDS\\vendor\\laravel\\framework\\src\\Illuminate\\Container\\BoundMethod.php(96): Illuminate\\Container\\Util::unwrapIfClosure(Object(Closure))
#23 C:\\laragon\\www\\500-STAB-WOUNDS\\vendor\\laravel\\framework\\src\\Illuminate\\Container\\BoundMethod.php(35): Illuminate\\Container\\BoundMethod::callBoundMethod(Object(Illuminate\\Foundation\\Application), Array, Object(Closure))
#24 C:\\laragon\\www\\500-STAB-WOUNDS\\vendor\\laravel\\framework\\src\\Illuminate\\Container\\Container.php(754): Illuminate\\Container\\BoundMethod::call(Object(Illuminate\\Foundation\\Application), Array, Array, NULL)
#25 C:\\laragon\\www\\500-STAB-WOUNDS\\vendor\\laravel\\framework\\src\\Illuminate\\Console\\Command.php(211): Illuminate\\Container\\Container->call(Array)
#26 C:\\laragon\\www\\500-STAB-WOUNDS\\vendor\\symfony\\console\\Command\\Command.php(279): Illuminate\\Console\\Command->execute(Object(Symfony\\Component\\Console\\Input\\ArgvInput), Object(Illuminate\\Console\\OutputStyle))
#27 C:\\laragon\\www\\500-STAB-WOUNDS\\vendor\\laravel\\framework\\src\\Illuminate\\Console\\Command.php(180): Symfony\\Component\\Console\\Command\\Command->run(Object(Symfony\\Component\\Console\\Input\\ArgvInput), Object(Illuminate\\Console\\OutputStyle))
#28 C:\\laragon\\www\\500-STAB-WOUNDS\\vendor\\symfony\\console\\Application.php(1094): Illuminate\\Console\\Command->run(Object(Symfony\\Component\\Console\\Input\\ArgvInput), Object(Symfony\\Component\\Console\\Output\\ConsoleOutput))
#29 C:\\laragon\\www\\500-STAB-WOUNDS\\vendor\\symfony\\console\\Application.php(342): Symfony\\Component\\Console\\Application->doRunCommand(Object(Illuminate\\Database\\Console\\Migrations\\MigrateCommand), Object(Symfony\\Component\\Console\\Input\\ArgvInput), Object(Symfony\\Component\\Console\\Output\\ConsoleOutput))
#30 C:\\laragon\\www\\500-STAB-WOUNDS\\vendor\\symfony\\console\\Application.php(193): Symfony\\Component\\Console\\Application->doRun(Object(Symfony\\Component\\Console\\Input\\ArgvInput), Object(Symfony\\Component\\Console\\Output\\ConsoleOutput))
#31 C:\\laragon\\www\\500-STAB-WOUNDS\\vendor\\laravel\\framework\\src\\Illuminate\\Foundation\\Console\\Kernel.php(197): Symfony\\Component\\Console\\Application->run(Object(Symfony\\Component\\Console\\Input\\ArgvInput), Object(Symfony\\Component\\Console\\Output\\ConsoleOutput))
#32 C:\\laragon\\www\\500-STAB-WOUNDS\\vendor\\laravel\\framework\\src\\Illuminate\\Foundation\\Application.php(1234): Illuminate\\Foundation\\Console\\Kernel->handle(Object(Symfony\\Component\\Console\\Input\\ArgvInput), Object(Symfony\\Component\\Console\\Output\\ConsoleOutput))
#33 C:\\laragon\\www\\500-STAB-WOUNDS\\artisan(16): Illuminate\\Foundation\\Application->handleCommand(Object(Symfony\\Component\\Console\\Input\\ArgvInput))
#34 {main}

[previous exception] [object] (PDOException(code: 42S01): SQLSTATE[42S01]: Base table or view already exists: 1050 Table 'products' already exists at C:\\laragon\\www\\500-STAB-WOUNDS\\vendor\\laravel\\framework\\src\\Illuminate\\Database\\Connection.php:568)
[stacktrace]
#0 C:\\laragon\\www\\500-STAB-WOUNDS\\vendor\\laravel\\framework\\src\\Illuminate\\Database\\Connection.php(568): PDOStatement->execute()
#1 C:\\laragon\\www\\500-STAB-WOUNDS\\vendor\\laravel\\framework\\src\\Illuminate\\Database\\Connection.php(809): Illuminate\\Database\\Connection->{closure:Illuminate\\Database\\Connection::statement():557}('create table `p...', Array)
#2 C:\\laragon\\www\\500-STAB-WOUNDS\\vendor\\laravel\\framework\\src\\Illuminate\\Database\\Connection.php(776): Illuminate\\Database\\Connection->runQueryCallback('create table `p...', Array, Object(Closure))
#3 C:\\laragon\\www\\500-STAB-WOUNDS\\vendor\\laravel\\framework\\src\\Illuminate\\Database\\Connection.php(557): Illuminate\\Database\\Connection->run('create table `p...', Array, Object(Closure))
#4 C:\\laragon\\www\\500-STAB-WOUNDS\\vendor\\laravel\\framework\\src\\Illuminate\\Database\\Schema\\Blueprint.php(119): Illuminate\\Database\\Connection->statement('create table `p...')
#5 C:\\laragon\\www\\500-STAB-WOUNDS\\vendor\\laravel\\framework\\src\\Illuminate\\Database\\Schema\\Builder.php(618): Illuminate\\Database\\Schema\\Blueprint->build()
#6 C:\\laragon\\www\\500-STAB-WOUNDS\\vendor\\laravel\\framework\\src\\Illuminate\\Database\\Schema\\Builder.php(472): Illuminate\\Database\\Schema\\Builder->build(Object(Illuminate\\Database\\Schema\\Blueprint))
#7 C:\\laragon\\www\\500-STAB-WOUNDS\\vendor\\laravel\\framework\\src\\Illuminate\\Support\\Facades\\Facade.php(361): Illuminate\\Database\\Schema\\Builder->create('products', Object(Closure))
#8 C:\\laragon\\www\\500-STAB-WOUNDS\\database\\migrations\\2025_05_01_120126_create_products_table.php(14): Illuminate\\Support\\Facades\\Facade::__callStatic('create', Array)
#9 C:\\laragon\\www\\500-STAB-WOUNDS\\vendor\\laravel\\framework\\src\\Illuminate\\Database\\Migrations\\Migrator.php(514): Illuminate\\Database\\Migrations\\Migration@anonymous->up()
#10 C:\\laragon\\www\\500-STAB-WOUNDS\\vendor\\laravel\\framework\\src\\Illuminate\\Database\\Migrations\\Migrator.php(439): Illuminate\\Database\\Migrations\\Migrator->runMethod(Object(Illuminate\\Database\\MySqlConnection), Object(Illuminate\\Database\\Migrations\\Migration@anonymous), 'up')
#11 C:\\laragon\\www\\500-STAB-WOUNDS\\vendor\\laravel\\framework\\src\\Illuminate\\Database\\Migrations\\Migrator.php(448): Illuminate\\Database\\Migrations\\Migrator->{closure:Illuminate\\Database\\Migrations\\Migrator::runMigration():435}()
#12 C:\\laragon\\www\\500-STAB-WOUNDS\\vendor\\laravel\\framework\\src\\Illuminate\\Database\\Migrations\\Migrator.php(250): Illuminate\\Database\\Migrations\\Migrator->runMigration(Object(Illuminate\\Database\\Migrations\\Migration@anonymous), 'up')
#13 C:\\laragon\\www\\500-STAB-WOUNDS\\vendor\\laravel\\framework\\src\\Illuminate\\Console\\View\\Components\\Task.php(41): Illuminate\\Database\\Migrations\\Migrator->{closure:Illuminate\\Database\\Migrations\\Migrator::runUp():250}()
#14 C:\\laragon\\www\\500-STAB-WOUNDS\\vendor\\laravel\\framework\\src\\Illuminate\\Database\\Migrations\\Migrator.php(805): Illuminate\\Console\\View\\Components\\Task->render('2025_05_01_1201...', Object(Closure))
#15 C:\\laragon\\www\\500-STAB-WOUNDS\\vendor\\laravel\\framework\\src\\Illuminate\\Database\\Migrations\\Migrator.php(250): Illuminate\\Database\\Migrations\\Migrator->write('Illuminate\\\\Cons...', '2025_05_01_1201...', Object(Closure))
#16 C:\\laragon\\www\\500-STAB-WOUNDS\\vendor\\laravel\\framework\\src\\Illuminate\\Database\\Migrations\\Migrator.php(210): Illuminate\\Database\\Migrations\\Migrator->runUp('C:\\\\laragon\\\\www\\\\...', 2, false)
#17 C:\\laragon\\www\\500-STAB-WOUNDS\\vendor\\laravel\\framework\\src\\Illuminate\\Database\\Migrations\\Migrator.php(137): Illuminate\\Database\\Migrations\\Migrator->runPending(Array, Array)
#18 C:\\laragon\\www\\500-STAB-WOUNDS\\vendor\\laravel\\framework\\src\\Illuminate\\Database\\Console\\Migrations\\MigrateCommand.php(116): Illuminate\\Database\\Migrations\\Migrator->run(Array, Array)
#19 C:\\laragon\\www\\500-STAB-WOUNDS\\vendor\\laravel\\framework\\src\\Illuminate\\Database\\Migrations\\Migrator.php(665): Illuminate\\Database\\Console\\Migrations\\MigrateCommand->{closure:Illuminate\\Database\\Console\\Migrations\\MigrateCommand::runMigrations():109}()
#20 C:\\laragon\\www\\500-STAB-WOUNDS\\vendor\\laravel\\framework\\src\\Illuminate\\Database\\Console\\Migrations\\MigrateCommand.php(109): Illuminate\\Database\\Migrations\\Migrator->usingConnection(NULL, Object(Closure))
#21 C:\\laragon\\www\\500-STAB-WOUNDS\\vendor\\laravel\\framework\\src\\Illuminate\\Database\\Console\\Migrations\\MigrateCommand.php(88): Illuminate\\Database\\Console\\Migrations\\MigrateCommand->runMigrations()
#22 C:\\laragon\\www\\500-STAB-WOUNDS\\vendor\\laravel\\framework\\src\\Illuminate\\Container\\BoundMethod.php(36): Illuminate\\Database\\Console\\Migrations\\MigrateCommand->handle()
#23 C:\\laragon\\www\\500-STAB-WOUNDS\\vendor\\laravel\\framework\\src\\Illuminate\\Container\\Util.php(43): Illuminate\\Container\\BoundMethod::{closure:Illuminate\\Container\\BoundMethod::call():35}()
#24 C:\\laragon\\www\\500-STAB-WOUNDS\\vendor\\laravel\\framework\\src\\Illuminate\\Container\\BoundMethod.php(96): Illuminate\\Container\\Util::unwrapIfClosure(Object(Closure))
#25 C:\\laragon\\www\\500-STAB-WOUNDS\\vendor\\laravel\\framework\\src\\Illuminate\\Container\\BoundMethod.php(35): Illuminate\\Container\\BoundMethod::callBoundMethod(Object(Illuminate\\Foundation\\Application), Array, Object(Closure))
#26 C:\\laragon\\www\\500-STAB-WOUNDS\\vendor\\laravel\\framework\\src\\Illuminate\\Container\\Container.php(754): Illuminate\\Container\\BoundMethod::call(Object(Illuminate\\Foundation\\Application), Array, Array, NULL)
#27 C:\\laragon\\www\\500-STAB-WOUNDS\\vendor\\laravel\\framework\\src\\Illuminate\\Console\\Command.php(211): Illuminate\\Container\\Container->call(Array)
#28 C:\\laragon\\www\\500-STAB-WOUNDS\\vendor\\symfony\\console\\Command\\Command.php(279): Illuminate\\Console\\Command->execute(Object(Symfony\\Component\\Console\\Input\\ArgvInput), Object(Illuminate\\Console\\OutputStyle))
#29 C:\\laragon\\www\\500-STAB-WOUNDS\\vendor\\laravel\\framework\\src\\Illuminate\\Console\\Command.php(180): Symfony\\Component\\Console\\Command\\Command->run(Object(Symfony\\Component\\Console\\Input\\ArgvInput), Object(Illuminate\\Console\\OutputStyle))
#30 C:\\laragon\\www\\500-STAB-WOUNDS\\vendor\\symfony\\console\\Application.php(1094): Illuminate\\Console\\Command->run(Object(Symfony\\Component\\Console\\Input\\ArgvInput), Object(Symfony\\Component\\Console\\Output\\ConsoleOutput))
#31 C:\\laragon\\www\\500-STAB-WOUNDS\\vendor\\symfony\\console\\Application.php(342): Symfony\\Component\\Console\\Application->doRunCommand(Object(Illuminate\\Database\\Console\\Migrations\\MigrateCommand), Object(Symfony\\Component\\Console\\Input\\ArgvInput), Object(Symfony\\Component\\Console\\Output\\ConsoleOutput))
#32 C:\\laragon\\www\\500-STAB-WOUNDS\\vendor\\symfony\\console\\Application.php(193): Symfony\\Component\\Console\\Application->doRun(Object(Symfony\\Component\\Console\\Input\\ArgvInput), Object(Symfony\\Component\\Console\\Output\\ConsoleOutput))
#33 C:\\laragon\\www\\500-STAB-WOUNDS\\vendor\\laravel\\framework\\src\\Illuminate\\Foundation\\Console\\Kernel.php(197): Symfony\\Component\\Console\\Application->run(Object(Symfony\\Component\\Console\\Input\\ArgvInput), Object(Symfony\\Component\\Console\\Output\\ConsoleOutput))
#34 C:\\laragon\\www\\500-STAB-WOUNDS\\vendor\\laravel\\framework\\src\\Illuminate\\Foundation\\Application.php(1234): Illuminate\\Foundation\\Console\\Kernel->handle(Object(Symfony\\Component\\Console\\Input\\ArgvInput), Object(Symfony\\Component\\Console\\Output\\ConsoleOutput))
#35 C:\\laragon\\www\\500-STAB-WOUNDS\\artisan(16): Illuminate\\Foundation\\Application->handleCommand(Object(Symfony\\Component\\Console\\Input\\ArgvInput))
#36 {main}
"} 
[2025-05-01 12:09:21] local.ERROR: SQLSTATE[HY000]: General error: 1824 Failed to open the referenced table 'categories' (Connection: mysql, SQL: alter table `products` add constraint `products_category_id_foreign` foreign key (`category_id`) references `categories` (`id`)) {"exception":"[object] (Illuminate\\Database\\QueryException(code: HY000): SQLSTATE[HY000]: General error: 1824 Failed to open the referenced table 'categories' (Connection: mysql, SQL: alter table `products` add constraint `products_category_id_foreign` foreign key (`category_id`) references `categories` (`id`)) at C:\\laragon\\www\\500-STAB-WOUNDS\\vendor\\laravel\\framework\\src\\Illuminate\\Database\\Connection.php:822)
[stacktrace]
#0 C:\\laragon\\www\\500-STAB-WOUNDS\\vendor\\laravel\\framework\\src\\Illuminate\\Database\\Connection.php(776): Illuminate\\Database\\Connection->runQueryCallback('alter table `pr...', Array, Object(Closure))
#1 C:\\laragon\\www\\500-STAB-WOUNDS\\vendor\\laravel\\framework\\src\\Illuminate\\Database\\Connection.php(557): Illuminate\\Database\\Connection->run('alter table `pr...', Array, Object(Closure))
#2 C:\\laragon\\www\\500-STAB-WOUNDS\\vendor\\laravel\\framework\\src\\Illuminate\\Database\\Schema\\Blueprint.php(119): Illuminate\\Database\\Connection->statement('alter table `pr...')
#3 C:\\laragon\\www\\500-STAB-WOUNDS\\vendor\\laravel\\framework\\src\\Illuminate\\Database\\Schema\\Builder.php(618): Illuminate\\Database\\Schema\\Blueprint->build()
#4 C:\\laragon\\www\\500-STAB-WOUNDS\\vendor\\laravel\\framework\\src\\Illuminate\\Database\\Schema\\Builder.php(472): Illuminate\\Database\\Schema\\Builder->build(Object(Illuminate\\Database\\Schema\\Blueprint))
#5 C:\\laragon\\www\\500-STAB-WOUNDS\\vendor\\laravel\\framework\\src\\Illuminate\\Support\\Facades\\Facade.php(361): Illuminate\\Database\\Schema\\Builder->create('products', Object(Closure))
#6 C:\\laragon\\www\\500-STAB-WOUNDS\\database\\migrations\\2025_05_01_120126_create_products_table.php(14): Illuminate\\Support\\Facades\\Facade::__callStatic('create', Array)
#7 C:\\laragon\\www\\500-STAB-WOUNDS\\vendor\\laravel\\framework\\src\\Illuminate\\Database\\Migrations\\Migrator.php(514): Illuminate\\Database\\Migrations\\Migration@anonymous->up()
#8 C:\\laragon\\www\\500-STAB-WOUNDS\\vendor\\laravel\\framework\\src\\Illuminate\\Database\\Migrations\\Migrator.php(439): Illuminate\\Database\\Migrations\\Migrator->runMethod(Object(Illuminate\\Database\\MySqlConnection), Object(Illuminate\\Database\\Migrations\\Migration@anonymous), 'up')
#9 C:\\laragon\\www\\500-STAB-WOUNDS\\vendor\\laravel\\framework\\src\\Illuminate\\Database\\Migrations\\Migrator.php(448): Illuminate\\Database\\Migrations\\Migrator->{closure:Illuminate\\Database\\Migrations\\Migrator::runMigration():435}()
#10 C:\\laragon\\www\\500-STAB-WOUNDS\\vendor\\laravel\\framework\\src\\Illuminate\\Database\\Migrations\\Migrator.php(250): Illuminate\\Database\\Migrations\\Migrator->runMigration(Object(Illuminate\\Database\\Migrations\\Migration@anonymous), 'up')
#11 C:\\laragon\\www\\500-STAB-WOUNDS\\vendor\\laravel\\framework\\src\\Illuminate\\Console\\View\\Components\\Task.php(41): Illuminate\\Database\\Migrations\\Migrator->{closure:Illuminate\\Database\\Migrations\\Migrator::runUp():250}()
#12 C:\\laragon\\www\\500-STAB-WOUNDS\\vendor\\laravel\\framework\\src\\Illuminate\\Database\\Migrations\\Migrator.php(805): Illuminate\\Console\\View\\Components\\Task->render('2025_05_01_1201...', Object(Closure))
#13 C:\\laragon\\www\\500-STAB-WOUNDS\\vendor\\laravel\\framework\\src\\Illuminate\\Database\\Migrations\\Migrator.php(250): Illuminate\\Database\\Migrations\\Migrator->write('Illuminate\\\\Cons...', '2025_05_01_1201...', Object(Closure))
#14 C:\\laragon\\www\\500-STAB-WOUNDS\\vendor\\laravel\\framework\\src\\Illuminate\\Database\\Migrations\\Migrator.php(210): Illuminate\\Database\\Migrations\\Migrator->runUp('C:\\\\laragon\\\\www\\\\...', 1, false)
#15 C:\\laragon\\www\\500-STAB-WOUNDS\\vendor\\laravel\\framework\\src\\Illuminate\\Database\\Migrations\\Migrator.php(137): Illuminate\\Database\\Migrations\\Migrator->runPending(Array, Array)
#16 C:\\laragon\\www\\500-STAB-WOUNDS\\vendor\\laravel\\framework\\src\\Illuminate\\Database\\Console\\Migrations\\MigrateCommand.php(116): Illuminate\\Database\\Migrations\\Migrator->run(Array, Array)
#17 C:\\laragon\\www\\500-STAB-WOUNDS\\vendor\\laravel\\framework\\src\\Illuminate\\Database\\Migrations\\Migrator.php(665): Illuminate\\Database\\Console\\Migrations\\MigrateCommand->{closure:Illuminate\\Database\\Console\\Migrations\\MigrateCommand::runMigrations():109}()
#18 C:\\laragon\\www\\500-STAB-WOUNDS\\vendor\\laravel\\framework\\src\\Illuminate\\Database\\Console\\Migrations\\MigrateCommand.php(109): Illuminate\\Database\\Migrations\\Migrator->usingConnection(NULL, Object(Closure))
#19 C:\\laragon\\www\\500-STAB-WOUNDS\\vendor\\laravel\\framework\\src\\Illuminate\\Database\\Console\\Migrations\\MigrateCommand.php(88): Illuminate\\Database\\Console\\Migrations\\MigrateCommand->runMigrations()
#20 C:\\laragon\\www\\500-STAB-WOUNDS\\vendor\\laravel\\framework\\src\\Illuminate\\Container\\BoundMethod.php(36): Illuminate\\Database\\Console\\Migrations\\MigrateCommand->handle()
#21 C:\\laragon\\www\\500-STAB-WOUNDS\\vendor\\laravel\\framework\\src\\Illuminate\\Container\\Util.php(43): Illuminate\\Container\\BoundMethod::{closure:Illuminate\\Container\\BoundMethod::call():35}()
#22 C:\\laragon\\www\\500-STAB-WOUNDS\\vendor\\laravel\\framework\\src\\Illuminate\\Container\\BoundMethod.php(96): Illuminate\\Container\\Util::unwrapIfClosure(Object(Closure))
#23 C:\\laragon\\www\\500-STAB-WOUNDS\\vendor\\laravel\\framework\\src\\Illuminate\\Container\\BoundMethod.php(35): Illuminate\\Container\\BoundMethod::callBoundMethod(Object(Illuminate\\Foundation\\Application), Array, Object(Closure))
#24 C:\\laragon\\www\\500-STAB-WOUNDS\\vendor\\laravel\\framework\\src\\Illuminate\\Container\\Container.php(754): Illuminate\\Container\\BoundMethod::call(Object(Illuminate\\Foundation\\Application), Array, Array, NULL)
#25 C:\\laragon\\www\\500-STAB-WOUNDS\\vendor\\laravel\\framework\\src\\Illuminate\\Console\\Command.php(211): Illuminate\\Container\\Container->call(Array)
#26 C:\\laragon\\www\\500-STAB-WOUNDS\\vendor\\symfony\\console\\Command\\Command.php(279): Illuminate\\Console\\Command->execute(Object(Symfony\\Component\\Console\\Input\\ArrayInput), Object(Illuminate\\Console\\OutputStyle))
#27 C:\\laragon\\www\\500-STAB-WOUNDS\\vendor\\laravel\\framework\\src\\Illuminate\\Console\\Command.php(180): Symfony\\Component\\Console\\Command\\Command->run(Object(Symfony\\Component\\Console\\Input\\ArrayInput), Object(Illuminate\\Console\\OutputStyle))
#28 C:\\laragon\\www\\500-STAB-WOUNDS\\vendor\\laravel\\framework\\src\\Illuminate\\Console\\Concerns\\CallsCommands.php(68): Illuminate\\Console\\Command->run(Object(Symfony\\Component\\Console\\Input\\ArrayInput), Object(Illuminate\\Console\\OutputStyle))
#29 C:\\laragon\\www\\500-STAB-WOUNDS\\vendor\\laravel\\framework\\src\\Illuminate\\Console\\Concerns\\CallsCommands.php(29): Illuminate\\Console\\Command->runCommand('migrate', Array, Object(Illuminate\\Console\\OutputStyle))
#30 C:\\laragon\\www\\500-STAB-WOUNDS\\vendor\\laravel\\framework\\src\\Illuminate\\Database\\Console\\Migrations\\FreshCommand.php(81): Illuminate\\Console\\Command->call('migrate', Array)
#31 C:\\laragon\\www\\500-STAB-WOUNDS\\vendor\\laravel\\framework\\src\\Illuminate\\Container\\BoundMethod.php(36): Illuminate\\Database\\Console\\Migrations\\FreshCommand->handle()
#32 C:\\laragon\\www\\500-STAB-WOUNDS\\vendor\\laravel\\framework\\src\\Illuminate\\Container\\Util.php(43): Illuminate\\Container\\BoundMethod::{closure:Illuminate\\Container\\BoundMethod::call():35}()
#33 C:\\laragon\\www\\500-STAB-WOUNDS\\vendor\\laravel\\framework\\src\\Illuminate\\Container\\BoundMethod.php(96): Illuminate\\Container\\Util::unwrapIfClosure(Object(Closure))
#34 C:\\laragon\\www\\500-STAB-WOUNDS\\vendor\\laravel\\framework\\src\\Illuminate\\Container\\BoundMethod.php(35): Illuminate\\Container\\BoundMethod::callBoundMethod(Object(Illuminate\\Foundation\\Application), Array, Object(Closure))
#35 C:\\laragon\\www\\500-STAB-WOUNDS\\vendor\\laravel\\framework\\src\\Illuminate\\Container\\Container.php(754): Illuminate\\Container\\BoundMethod::call(Object(Illuminate\\Foundation\\Application), Array, Array, NULL)
#36 C:\\laragon\\www\\500-STAB-WOUNDS\\vendor\\laravel\\framework\\src\\Illuminate\\Console\\Command.php(211): Illuminate\\Container\\Container->call(Array)
#37 C:\\laragon\\www\\500-STAB-WOUNDS\\vendor\\symfony\\console\\Command\\Command.php(279): Illuminate\\Console\\Command->execute(Object(Symfony\\Component\\Console\\Input\\ArgvInput), Object(Illuminate\\Console\\OutputStyle))
#38 C:\\laragon\\www\\500-STAB-WOUNDS\\vendor\\laravel\\framework\\src\\Illuminate\\Console\\Command.php(180): Symfony\\Component\\Console\\Command\\Command->run(Object(Symfony\\Component\\Console\\Input\\ArgvInput), Object(Illuminate\\Console\\OutputStyle))
#39 C:\\laragon\\www\\500-STAB-WOUNDS\\vendor\\symfony\\console\\Application.php(1094): Illuminate\\Console\\Command->run(Object(Symfony\\Component\\Console\\Input\\ArgvInput), Object(Symfony\\Component\\Console\\Output\\ConsoleOutput))
#40 C:\\laragon\\www\\500-STAB-WOUNDS\\vendor\\symfony\\console\\Application.php(342): Symfony\\Component\\Console\\Application->doRunCommand(Object(Illuminate\\Database\\Console\\Migrations\\FreshCommand), Object(Symfony\\Component\\Console\\Input\\ArgvInput), Object(Symfony\\Component\\Console\\Output\\ConsoleOutput))
#41 C:\\laragon\\www\\500-STAB-WOUNDS\\vendor\\symfony\\console\\Application.php(193): Symfony\\Component\\Console\\Application->doRun(Object(Symfony\\Component\\Console\\Input\\ArgvInput), Object(Symfony\\Component\\Console\\Output\\ConsoleOutput))
#42 C:\\laragon\\www\\500-STAB-WOUNDS\\vendor\\laravel\\framework\\src\\Illuminate\\Foundation\\Console\\Kernel.php(197): Symfony\\Component\\Console\\Application->run(Object(Symfony\\Component\\Console\\Input\\ArgvInput), Object(Symfony\\Component\\Console\\Output\\ConsoleOutput))
#43 C:\\laragon\\www\\500-STAB-WOUNDS\\vendor\\laravel\\framework\\src\\Illuminate\\Foundation\\Application.php(1234): Illuminate\\Foundation\\Console\\Kernel->handle(Object(Symfony\\Component\\Console\\Input\\ArgvInput), Object(Symfony\\Component\\Console\\Output\\ConsoleOutput))
#44 C:\\laragon\\www\\500-STAB-WOUNDS\\artisan(16): Illuminate\\Foundation\\Application->handleCommand(Object(Symfony\\Component\\Console\\Input\\ArgvInput))
#45 {main}

[previous exception] [object] (PDOException(code: HY000): SQLSTATE[HY000]: General error: 1824 Failed to open the referenced table 'categories' at C:\\laragon\\www\\500-STAB-WOUNDS\\vendor\\laravel\\framework\\src\\Illuminate\\Database\\Connection.php:568)
[stacktrace]
#0 C:\\laragon\\www\\500-STAB-WOUNDS\\vendor\\laravel\\framework\\src\\Illuminate\\Database\\Connection.php(568): PDOStatement->execute()
#1 C:\\laragon\\www\\500-STAB-WOUNDS\\vendor\\laravel\\framework\\src\\Illuminate\\Database\\Connection.php(809): Illuminate\\Database\\Connection->{closure:Illuminate\\Database\\Connection::statement():557}('alter table `pr...', Array)
#2 C:\\laragon\\www\\500-STAB-WOUNDS\\vendor\\laravel\\framework\\src\\Illuminate\\Database\\Connection.php(776): Illuminate\\Database\\Connection->runQueryCallback('alter table `pr...', Array, Object(Closure))
#3 C:\\laragon\\www\\500-STAB-WOUNDS\\vendor\\laravel\\framework\\src\\Illuminate\\Database\\Connection.php(557): Illuminate\\Database\\Connection->run('alter table `pr...', Array, Object(Closure))
#4 C:\\laragon\\www\\500-STAB-WOUNDS\\vendor\\laravel\\framework\\src\\Illuminate\\Database\\Schema\\Blueprint.php(119): Illuminate\\Database\\Connection->statement('alter table `pr...')
#5 C:\\laragon\\www\\500-STAB-WOUNDS\\vendor\\laravel\\framework\\src\\Illuminate\\Database\\Schema\\Builder.php(618): Illuminate\\Database\\Schema\\Blueprint->build()
#6 C:\\laragon\\www\\500-STAB-WOUNDS\\vendor\\laravel\\framework\\src\\Illuminate\\Database\\Schema\\Builder.php(472): Illuminate\\Database\\Schema\\Builder->build(Object(Illuminate\\Database\\Schema\\Blueprint))
#7 C:\\laragon\\www\\500-STAB-WOUNDS\\vendor\\laravel\\framework\\src\\Illuminate\\Support\\Facades\\Facade.php(361): Illuminate\\Database\\Schema\\Builder->create('products', Object(Closure))
#8 C:\\laragon\\www\\500-STAB-WOUNDS\\database\\migrations\\2025_05_01_120126_create_products_table.php(14): Illuminate\\Support\\Facades\\Facade::__callStatic('create', Array)
#9 C:\\laragon\\www\\500-STAB-WOUNDS\\vendor\\laravel\\framework\\src\\Illuminate\\Database\\Migrations\\Migrator.php(514): Illuminate\\Database\\Migrations\\Migration@anonymous->up()
#10 C:\\laragon\\www\\500-STAB-WOUNDS\\vendor\\laravel\\framework\\src\\Illuminate\\Database\\Migrations\\Migrator.php(439): Illuminate\\Database\\Migrations\\Migrator->runMethod(Object(Illuminate\\Database\\MySqlConnection), Object(Illuminate\\Database\\Migrations\\Migration@anonymous), 'up')
#11 C:\\laragon\\www\\500-STAB-WOUNDS\\vendor\\laravel\\framework\\src\\Illuminate\\Database\\Migrations\\Migrator.php(448): Illuminate\\Database\\Migrations\\Migrator->{closure:Illuminate\\Database\\Migrations\\Migrator::runMigration():435}()
#12 C:\\laragon\\www\\500-STAB-WOUNDS\\vendor\\laravel\\framework\\src\\Illuminate\\Database\\Migrations\\Migrator.php(250): Illuminate\\Database\\Migrations\\Migrator->runMigration(Object(Illuminate\\Database\\Migrations\\Migration@anonymous), 'up')
#13 C:\\laragon\\www\\500-STAB-WOUNDS\\vendor\\laravel\\framework\\src\\Illuminate\\Console\\View\\Components\\Task.php(41): Illuminate\\Database\\Migrations\\Migrator->{closure:Illuminate\\Database\\Migrations\\Migrator::runUp():250}()
#14 C:\\laragon\\www\\500-STAB-WOUNDS\\vendor\\laravel\\framework\\src\\Illuminate\\Database\\Migrations\\Migrator.php(805): Illuminate\\Console\\View\\Components\\Task->render('2025_05_01_1201...', Object(Closure))
#15 C:\\laragon\\www\\500-STAB-WOUNDS\\vendor\\laravel\\framework\\src\\Illuminate\\Database\\Migrations\\Migrator.php(250): Illuminate\\Database\\Migrations\\Migrator->write('Illuminate\\\\Cons...', '2025_05_01_1201...', Object(Closure))
#16 C:\\laragon\\www\\500-STAB-WOUNDS\\vendor\\laravel\\framework\\src\\Illuminate\\Database\\Migrations\\Migrator.php(210): Illuminate\\Database\\Migrations\\Migrator->runUp('C:\\\\laragon\\\\www\\\\...', 1, false)
#17 C:\\laragon\\www\\500-STAB-WOUNDS\\vendor\\laravel\\framework\\src\\Illuminate\\Database\\Migrations\\Migrator.php(137): Illuminate\\Database\\Migrations\\Migrator->runPending(Array, Array)
#18 C:\\laragon\\www\\500-STAB-WOUNDS\\vendor\\laravel\\framework\\src\\Illuminate\\Database\\Console\\Migrations\\MigrateCommand.php(116): Illuminate\\Database\\Migrations\\Migrator->run(Array, Array)
#19 C:\\laragon\\www\\500-STAB-WOUNDS\\vendor\\laravel\\framework\\src\\Illuminate\\Database\\Migrations\\Migrator.php(665): Illuminate\\Database\\Console\\Migrations\\MigrateCommand->{closure:Illuminate\\Database\\Console\\Migrations\\MigrateCommand::runMigrations():109}()
#20 C:\\laragon\\www\\500-STAB-WOUNDS\\vendor\\laravel\\framework\\src\\Illuminate\\Database\\Console\\Migrations\\MigrateCommand.php(109): Illuminate\\Database\\Migrations\\Migrator->usingConnection(NULL, Object(Closure))
#21 C:\\laragon\\www\\500-STAB-WOUNDS\\vendor\\laravel\\framework\\src\\Illuminate\\Database\\Console\\Migrations\\MigrateCommand.php(88): Illuminate\\Database\\Console\\Migrations\\MigrateCommand->runMigrations()
#22 C:\\laragon\\www\\500-STAB-WOUNDS\\vendor\\laravel\\framework\\src\\Illuminate\\Container\\BoundMethod.php(36): Illuminate\\Database\\Console\\Migrations\\MigrateCommand->handle()
#23 C:\\laragon\\www\\500-STAB-WOUNDS\\vendor\\laravel\\framework\\src\\Illuminate\\Container\\Util.php(43): Illuminate\\Container\\BoundMethod::{closure:Illuminate\\Container\\BoundMethod::call():35}()
#24 C:\\laragon\\www\\500-STAB-WOUNDS\\vendor\\laravel\\framework\\src\\Illuminate\\Container\\BoundMethod.php(96): Illuminate\\Container\\Util::unwrapIfClosure(Object(Closure))
#25 C:\\laragon\\www\\500-STAB-WOUNDS\\vendor\\laravel\\framework\\src\\Illuminate\\Container\\BoundMethod.php(35): Illuminate\\Container\\BoundMethod::callBoundMethod(Object(Illuminate\\Foundation\\Application), Array, Object(Closure))
#26 C:\\laragon\\www\\500-STAB-WOUNDS\\vendor\\laravel\\framework\\src\\Illuminate\\Container\\Container.php(754): Illuminate\\Container\\BoundMethod::call(Object(Illuminate\\Foundation\\Application), Array, Array, NULL)
#27 C:\\laragon\\www\\500-STAB-WOUNDS\\vendor\\laravel\\framework\\src\\Illuminate\\Console\\Command.php(211): Illuminate\\Container\\Container->call(Array)
#28 C:\\laragon\\www\\500-STAB-WOUNDS\\vendor\\symfony\\console\\Command\\Command.php(279): Illuminate\\Console\\Command->execute(Object(Symfony\\Component\\Console\\Input\\ArrayInput), Object(Illuminate\\Console\\OutputStyle))
#29 C:\\laragon\\www\\500-STAB-WOUNDS\\vendor\\laravel\\framework\\src\\Illuminate\\Console\\Command.php(180): Symfony\\Component\\Console\\Command\\Command->run(Object(Symfony\\Component\\Console\\Input\\ArrayInput), Object(Illuminate\\Console\\OutputStyle))
#30 C:\\laragon\\www\\500-STAB-WOUNDS\\vendor\\laravel\\framework\\src\\Illuminate\\Console\\Concerns\\CallsCommands.php(68): Illuminate\\Console\\Command->run(Object(Symfony\\Component\\Console\\Input\\ArrayInput), Object(Illuminate\\Console\\OutputStyle))
#31 C:\\laragon\\www\\500-STAB-WOUNDS\\vendor\\laravel\\framework\\src\\Illuminate\\Console\\Concerns\\CallsCommands.php(29): Illuminate\\Console\\Command->runCommand('migrate', Array, Object(Illuminate\\Console\\OutputStyle))
#32 C:\\laragon\\www\\500-STAB-WOUNDS\\vendor\\laravel\\framework\\src\\Illuminate\\Database\\Console\\Migrations\\FreshCommand.php(81): Illuminate\\Console\\Command->call('migrate', Array)
#33 C:\\laragon\\www\\500-STAB-WOUNDS\\vendor\\laravel\\framework\\src\\Illuminate\\Container\\BoundMethod.php(36): Illuminate\\Database\\Console\\Migrations\\FreshCommand->handle()
#34 C:\\laragon\\www\\500-STAB-WOUNDS\\vendor\\laravel\\framework\\src\\Illuminate\\Container\\Util.php(43): Illuminate\\Container\\BoundMethod::{closure:Illuminate\\Container\\BoundMethod::call():35}()
#35 C:\\laragon\\www\\500-STAB-WOUNDS\\vendor\\laravel\\framework\\src\\Illuminate\\Container\\BoundMethod.php(96): Illuminate\\Container\\Util::unwrapIfClosure(Object(Closure))
#36 C:\\laragon\\www\\500-STAB-WOUNDS\\vendor\\laravel\\framework\\src\\Illuminate\\Container\\BoundMethod.php(35): Illuminate\\Container\\BoundMethod::callBoundMethod(Object(Illuminate\\Foundation\\Application), Array, Object(Closure))
#37 C:\\laragon\\www\\500-STAB-WOUNDS\\vendor\\laravel\\framework\\src\\Illuminate\\Container\\Container.php(754): Illuminate\\Container\\BoundMethod::call(Object(Illuminate\\Foundation\\Application), Array, Array, NULL)
#38 C:\\laragon\\www\\500-STAB-WOUNDS\\vendor\\laravel\\framework\\src\\Illuminate\\Console\\Command.php(211): Illuminate\\Container\\Container->call(Array)
#39 C:\\laragon\\www\\500-STAB-WOUNDS\\vendor\\symfony\\console\\Command\\Command.php(279): Illuminate\\Console\\Command->execute(Object(Symfony\\Component\\Console\\Input\\ArgvInput), Object(Illuminate\\Console\\OutputStyle))
#40 C:\\laragon\\www\\500-STAB-WOUNDS\\vendor\\laravel\\framework\\src\\Illuminate\\Console\\Command.php(180): Symfony\\Component\\Console\\Command\\Command->run(Object(Symfony\\Component\\Console\\Input\\ArgvInput), Object(Illuminate\\Console\\OutputStyle))
#41 C:\\laragon\\www\\500-STAB-WOUNDS\\vendor\\symfony\\console\\Application.php(1094): Illuminate\\Console\\Command->run(Object(Symfony\\Component\\Console\\Input\\ArgvInput), Object(Symfony\\Component\\Console\\Output\\ConsoleOutput))
#42 C:\\laragon\\www\\500-STAB-WOUNDS\\vendor\\symfony\\console\\Application.php(342): Symfony\\Component\\Console\\Application->doRunCommand(Object(Illuminate\\Database\\Console\\Migrations\\FreshCommand), Object(Symfony\\Component\\Console\\Input\\ArgvInput), Object(Symfony\\Component\\Console\\Output\\ConsoleOutput))
#43 C:\\laragon\\www\\500-STAB-WOUNDS\\vendor\\symfony\\console\\Application.php(193): Symfony\\Component\\Console\\Application->doRun(Object(Symfony\\Component\\Console\\Input\\ArgvInput), Object(Symfony\\Component\\Console\\Output\\ConsoleOutput))
#44 C:\\laragon\\www\\500-STAB-WOUNDS\\vendor\\laravel\\framework\\src\\Illuminate\\Foundation\\Console\\Kernel.php(197): Symfony\\Component\\Console\\Application->run(Object(Symfony\\Component\\Console\\Input\\ArgvInput), Object(Symfony\\Component\\Console\\Output\\ConsoleOutput))
#45 C:\\laragon\\www\\500-STAB-WOUNDS\\vendor\\laravel\\framework\\src\\Illuminate\\Foundation\\Application.php(1234): Illuminate\\Foundation\\Console\\Kernel->handle(Object(Symfony\\Component\\Console\\Input\\ArgvInput), Object(Symfony\\Component\\Console\\Output\\ConsoleOutput))
#46 C:\\laragon\\www\\500-STAB-WOUNDS\\artisan(16): Illuminate\\Foundation\\Application->handleCommand(Object(Symfony\\Component\\Console\\Input\\ArgvInput))
#47 {main}
"} 
[2025-05-01 12:11:13] local.ERROR: SQLSTATE[42S01]: Base table or view already exists: 1050 Table 'products' already exists (Connection: mysql, SQL: create table `products` (`id` bigint unsigned not null auto_increment primary key, `name` varchar(255) not null, `category_id` bigint unsigned not null, `created_at` timestamp null, `updated_at` timestamp null) default character set utf8mb4 collate 'utf8mb4_unicode_ci') {"exception":"[object] (Illuminate\\Database\\QueryException(code: 42S01): SQLSTATE[42S01]: Base table or view already exists: 1050 Table 'products' already exists (Connection: mysql, SQL: create table `products` (`id` bigint unsigned not null auto_increment primary key, `name` varchar(255) not null, `category_id` bigint unsigned not null, `created_at` timestamp null, `updated_at` timestamp null) default character set utf8mb4 collate 'utf8mb4_unicode_ci') at C:\\laragon\\www\\500-STAB-WOUNDS\\vendor\\laravel\\framework\\src\\Illuminate\\Database\\Connection.php:822)
[stacktrace]
#0 C:\\laragon\\www\\500-STAB-WOUNDS\\vendor\\laravel\\framework\\src\\Illuminate\\Database\\Connection.php(776): Illuminate\\Database\\Connection->runQueryCallback('create table `p...', Array, Object(Closure))
#1 C:\\laragon\\www\\500-STAB-WOUNDS\\vendor\\laravel\\framework\\src\\Illuminate\\Database\\Connection.php(557): Illuminate\\Database\\Connection->run('create table `p...', Array, Object(Closure))
#2 C:\\laragon\\www\\500-STAB-WOUNDS\\vendor\\laravel\\framework\\src\\Illuminate\\Database\\Schema\\Blueprint.php(119): Illuminate\\Database\\Connection->statement('create table `p...')
#3 C:\\laragon\\www\\500-STAB-WOUNDS\\vendor\\laravel\\framework\\src\\Illuminate\\Database\\Schema\\Builder.php(618): Illuminate\\Database\\Schema\\Blueprint->build()
#4 C:\\laragon\\www\\500-STAB-WOUNDS\\vendor\\laravel\\framework\\src\\Illuminate\\Database\\Schema\\Builder.php(472): Illuminate\\Database\\Schema\\Builder->build(Object(Illuminate\\Database\\Schema\\Blueprint))
#5 C:\\laragon\\www\\500-STAB-WOUNDS\\vendor\\laravel\\framework\\src\\Illuminate\\Support\\Facades\\Facade.php(361): Illuminate\\Database\\Schema\\Builder->create('products', Object(Closure))
#6 C:\\laragon\\www\\500-STAB-WOUNDS\\database\\migrations\\2025_05_01_120126_create_products_table.php(14): Illuminate\\Support\\Facades\\Facade::__callStatic('create', Array)
#7 C:\\laragon\\www\\500-STAB-WOUNDS\\vendor\\laravel\\framework\\src\\Illuminate\\Database\\Migrations\\Migrator.php(514): Illuminate\\Database\\Migrations\\Migration@anonymous->up()
#8 C:\\laragon\\www\\500-STAB-WOUNDS\\vendor\\laravel\\framework\\src\\Illuminate\\Database\\Migrations\\Migrator.php(439): Illuminate\\Database\\Migrations\\Migrator->runMethod(Object(Illuminate\\Database\\MySqlConnection), Object(Illuminate\\Database\\Migrations\\Migration@anonymous), 'up')
#9 C:\\laragon\\www\\500-STAB-WOUNDS\\vendor\\laravel\\framework\\src\\Illuminate\\Database\\Migrations\\Migrator.php(448): Illuminate\\Database\\Migrations\\Migrator->{closure:Illuminate\\Database\\Migrations\\Migrator::runMigration():435}()
#10 C:\\laragon\\www\\500-STAB-WOUNDS\\vendor\\laravel\\framework\\src\\Illuminate\\Database\\Migrations\\Migrator.php(250): Illuminate\\Database\\Migrations\\Migrator->runMigration(Object(Illuminate\\Database\\Migrations\\Migration@anonymous), 'up')
#11 C:\\laragon\\www\\500-STAB-WOUNDS\\vendor\\laravel\\framework\\src\\Illuminate\\Console\\View\\Components\\Task.php(41): Illuminate\\Database\\Migrations\\Migrator->{closure:Illuminate\\Database\\Migrations\\Migrator::runUp():250}()
#12 C:\\laragon\\www\\500-STAB-WOUNDS\\vendor\\laravel\\framework\\src\\Illuminate\\Database\\Migrations\\Migrator.php(805): Illuminate\\Console\\View\\Components\\Task->render('2025_05_01_1201...', Object(Closure))
#13 C:\\laragon\\www\\500-STAB-WOUNDS\\vendor\\laravel\\framework\\src\\Illuminate\\Database\\Migrations\\Migrator.php(250): Illuminate\\Database\\Migrations\\Migrator->write('Illuminate\\\\Cons...', '2025_05_01_1201...', Object(Closure))
#14 C:\\laragon\\www\\500-STAB-WOUNDS\\vendor\\laravel\\framework\\src\\Illuminate\\Database\\Migrations\\Migrator.php(210): Illuminate\\Database\\Migrations\\Migrator->runUp('C:\\\\laragon\\\\www\\\\...', 2, false)
#15 C:\\laragon\\www\\500-STAB-WOUNDS\\vendor\\laravel\\framework\\src\\Illuminate\\Database\\Migrations\\Migrator.php(137): Illuminate\\Database\\Migrations\\Migrator->runPending(Array, Array)
#16 C:\\laragon\\www\\500-STAB-WOUNDS\\vendor\\laravel\\framework\\src\\Illuminate\\Database\\Console\\Migrations\\MigrateCommand.php(116): Illuminate\\Database\\Migrations\\Migrator->run(Array, Array)
#17 C:\\laragon\\www\\500-STAB-WOUNDS\\vendor\\laravel\\framework\\src\\Illuminate\\Database\\Migrations\\Migrator.php(665): Illuminate\\Database\\Console\\Migrations\\MigrateCommand->{closure:Illuminate\\Database\\Console\\Migrations\\MigrateCommand::runMigrations():109}()
#18 C:\\laragon\\www\\500-STAB-WOUNDS\\vendor\\laravel\\framework\\src\\Illuminate\\Database\\Console\\Migrations\\MigrateCommand.php(109): Illuminate\\Database\\Migrations\\Migrator->usingConnection(NULL, Object(Closure))
#19 C:\\laragon\\www\\500-STAB-WOUNDS\\vendor\\laravel\\framework\\src\\Illuminate\\Database\\Console\\Migrations\\MigrateCommand.php(88): Illuminate\\Database\\Console\\Migrations\\MigrateCommand->runMigrations()
#20 C:\\laragon\\www\\500-STAB-WOUNDS\\vendor\\laravel\\framework\\src\\Illuminate\\Container\\BoundMethod.php(36): Illuminate\\Database\\Console\\Migrations\\MigrateCommand->handle()
#21 C:\\laragon\\www\\500-STAB-WOUNDS\\vendor\\laravel\\framework\\src\\Illuminate\\Container\\Util.php(43): Illuminate\\Container\\BoundMethod::{closure:Illuminate\\Container\\BoundMethod::call():35}()
#22 C:\\laragon\\www\\500-STAB-WOUNDS\\vendor\\laravel\\framework\\src\\Illuminate\\Container\\BoundMethod.php(96): Illuminate\\Container\\Util::unwrapIfClosure(Object(Closure))
#23 C:\\laragon\\www\\500-STAB-WOUNDS\\vendor\\laravel\\framework\\src\\Illuminate\\Container\\BoundMethod.php(35): Illuminate\\Container\\BoundMethod::callBoundMethod(Object(Illuminate\\Foundation\\Application), Array, Object(Closure))
#24 C:\\laragon\\www\\500-STAB-WOUNDS\\vendor\\laravel\\framework\\src\\Illuminate\\Container\\Container.php(754): Illuminate\\Container\\BoundMethod::call(Object(Illuminate\\Foundation\\Application), Array, Array, NULL)
#25 C:\\laragon\\www\\500-STAB-WOUNDS\\vendor\\laravel\\framework\\src\\Illuminate\\Console\\Command.php(211): Illuminate\\Container\\Container->call(Array)
#26 C:\\laragon\\www\\500-STAB-WOUNDS\\vendor\\symfony\\console\\Command\\Command.php(279): Illuminate\\Console\\Command->execute(Object(Symfony\\Component\\Console\\Input\\ArgvInput), Object(Illuminate\\Console\\OutputStyle))
#27 C:\\laragon\\www\\500-STAB-WOUNDS\\vendor\\laravel\\framework\\src\\Illuminate\\Console\\Command.php(180): Symfony\\Component\\Console\\Command\\Command->run(Object(Symfony\\Component\\Console\\Input\\ArgvInput), Object(Illuminate\\Console\\OutputStyle))
#28 C:\\laragon\\www\\500-STAB-WOUNDS\\vendor\\symfony\\console\\Application.php(1094): Illuminate\\Console\\Command->run(Object(Symfony\\Component\\Console\\Input\\ArgvInput), Object(Symfony\\Component\\Console\\Output\\ConsoleOutput))
#29 C:\\laragon\\www\\500-STAB-WOUNDS\\vendor\\symfony\\console\\Application.php(342): Symfony\\Component\\Console\\Application->doRunCommand(Object(Illuminate\\Database\\Console\\Migrations\\MigrateCommand), Object(Symfony\\Component\\Console\\Input\\ArgvInput), Object(Symfony\\Component\\Console\\Output\\ConsoleOutput))
#30 C:\\laragon\\www\\500-STAB-WOUNDS\\vendor\\symfony\\console\\Application.php(193): Symfony\\Component\\Console\\Application->doRun(Object(Symfony\\Component\\Console\\Input\\ArgvInput), Object(Symfony\\Component\\Console\\Output\\ConsoleOutput))
#31 C:\\laragon\\www\\500-STAB-WOUNDS\\vendor\\laravel\\framework\\src\\Illuminate\\Foundation\\Console\\Kernel.php(197): Symfony\\Component\\Console\\Application->run(Object(Symfony\\Component\\Console\\Input\\ArgvInput), Object(Symfony\\Component\\Console\\Output\\ConsoleOutput))
#32 C:\\laragon\\www\\500-STAB-WOUNDS\\vendor\\laravel\\framework\\src\\Illuminate\\Foundation\\Application.php(1234): Illuminate\\Foundation\\Console\\Kernel->handle(Object(Symfony\\Component\\Console\\Input\\ArgvInput), Object(Symfony\\Component\\Console\\Output\\ConsoleOutput))
#33 C:\\laragon\\www\\500-STAB-WOUNDS\\artisan(16): Illuminate\\Foundation\\Application->handleCommand(Object(Symfony\\Component\\Console\\Input\\ArgvInput))
#34 {main}

[previous exception] [object] (PDOException(code: 42S01): SQLSTATE[42S01]: Base table or view already exists: 1050 Table 'products' already exists at C:\\laragon\\www\\500-STAB-WOUNDS\\vendor\\laravel\\framework\\src\\Illuminate\\Database\\Connection.php:568)
[stacktrace]
#0 C:\\laragon\\www\\500-STAB-WOUNDS\\vendor\\laravel\\framework\\src\\Illuminate\\Database\\Connection.php(568): PDOStatement->execute()
#1 C:\\laragon\\www\\500-STAB-WOUNDS\\vendor\\laravel\\framework\\src\\Illuminate\\Database\\Connection.php(809): Illuminate\\Database\\Connection->{closure:Illuminate\\Database\\Connection::statement():557}('create table `p...', Array)
#2 C:\\laragon\\www\\500-STAB-WOUNDS\\vendor\\laravel\\framework\\src\\Illuminate\\Database\\Connection.php(776): Illuminate\\Database\\Connection->runQueryCallback('create table `p...', Array, Object(Closure))
#3 C:\\laragon\\www\\500-STAB-WOUNDS\\vendor\\laravel\\framework\\src\\Illuminate\\Database\\Connection.php(557): Illuminate\\Database\\Connection->run('create table `p...', Array, Object(Closure))
#4 C:\\laragon\\www\\500-STAB-WOUNDS\\vendor\\laravel\\framework\\src\\Illuminate\\Database\\Schema\\Blueprint.php(119): Illuminate\\Database\\Connection->statement('create table `p...')
#5 C:\\laragon\\www\\500-STAB-WOUNDS\\vendor\\laravel\\framework\\src\\Illuminate\\Database\\Schema\\Builder.php(618): Illuminate\\Database\\Schema\\Blueprint->build()
#6 C:\\laragon\\www\\500-STAB-WOUNDS\\vendor\\laravel\\framework\\src\\Illuminate\\Database\\Schema\\Builder.php(472): Illuminate\\Database\\Schema\\Builder->build(Object(Illuminate\\Database\\Schema\\Blueprint))
#7 C:\\laragon\\www\\500-STAB-WOUNDS\\vendor\\laravel\\framework\\src\\Illuminate\\Support\\Facades\\Facade.php(361): Illuminate\\Database\\Schema\\Builder->create('products', Object(Closure))
#8 C:\\laragon\\www\\500-STAB-WOUNDS\\database\\migrations\\2025_05_01_120126_create_products_table.php(14): Illuminate\\Support\\Facades\\Facade::__callStatic('create', Array)
#9 C:\\laragon\\www\\500-STAB-WOUNDS\\vendor\\laravel\\framework\\src\\Illuminate\\Database\\Migrations\\Migrator.php(514): Illuminate\\Database\\Migrations\\Migration@anonymous->up()
#10 C:\\laragon\\www\\500-STAB-WOUNDS\\vendor\\laravel\\framework\\src\\Illuminate\\Database\\Migrations\\Migrator.php(439): Illuminate\\Database\\Migrations\\Migrator->runMethod(Object(Illuminate\\Database\\MySqlConnection), Object(Illuminate\\Database\\Migrations\\Migration@anonymous), 'up')
#11 C:\\laragon\\www\\500-STAB-WOUNDS\\vendor\\laravel\\framework\\src\\Illuminate\\Database\\Migrations\\Migrator.php(448): Illuminate\\Database\\Migrations\\Migrator->{closure:Illuminate\\Database\\Migrations\\Migrator::runMigration():435}()
#12 C:\\laragon\\www\\500-STAB-WOUNDS\\vendor\\laravel\\framework\\src\\Illuminate\\Database\\Migrations\\Migrator.php(250): Illuminate\\Database\\Migrations\\Migrator->runMigration(Object(Illuminate\\Database\\Migrations\\Migration@anonymous), 'up')
#13 C:\\laragon\\www\\500-STAB-WOUNDS\\vendor\\laravel\\framework\\src\\Illuminate\\Console\\View\\Components\\Task.php(41): Illuminate\\Database\\Migrations\\Migrator->{closure:Illuminate\\Database\\Migrations\\Migrator::runUp():250}()
#14 C:\\laragon\\www\\500-STAB-WOUNDS\\vendor\\laravel\\framework\\src\\Illuminate\\Database\\Migrations\\Migrator.php(805): Illuminate\\Console\\View\\Components\\Task->render('2025_05_01_1201...', Object(Closure))
#15 C:\\laragon\\www\\500-STAB-WOUNDS\\vendor\\laravel\\framework\\src\\Illuminate\\Database\\Migrations\\Migrator.php(250): Illuminate\\Database\\Migrations\\Migrator->write('Illuminate\\\\Cons...', '2025_05_01_1201...', Object(Closure))
#16 C:\\laragon\\www\\500-STAB-WOUNDS\\vendor\\laravel\\framework\\src\\Illuminate\\Database\\Migrations\\Migrator.php(210): Illuminate\\Database\\Migrations\\Migrator->runUp('C:\\\\laragon\\\\www\\\\...', 2, false)
#17 C:\\laragon\\www\\500-STAB-WOUNDS\\vendor\\laravel\\framework\\src\\Illuminate\\Database\\Migrations\\Migrator.php(137): Illuminate\\Database\\Migrations\\Migrator->runPending(Array, Array)
#18 C:\\laragon\\www\\500-STAB-WOUNDS\\vendor\\laravel\\framework\\src\\Illuminate\\Database\\Console\\Migrations\\MigrateCommand.php(116): Illuminate\\Database\\Migrations\\Migrator->run(Array, Array)
#19 C:\\laragon\\www\\500-STAB-WOUNDS\\vendor\\laravel\\framework\\src\\Illuminate\\Database\\Migrations\\Migrator.php(665): Illuminate\\Database\\Console\\Migrations\\MigrateCommand->{closure:Illuminate\\Database\\Console\\Migrations\\MigrateCommand::runMigrations():109}()
#20 C:\\laragon\\www\\500-STAB-WOUNDS\\vendor\\laravel\\framework\\src\\Illuminate\\Database\\Console\\Migrations\\MigrateCommand.php(109): Illuminate\\Database\\Migrations\\Migrator->usingConnection(NULL, Object(Closure))
#21 C:\\laragon\\www\\500-STAB-WOUNDS\\vendor\\laravel\\framework\\src\\Illuminate\\Database\\Console\\Migrations\\MigrateCommand.php(88): Illuminate\\Database\\Console\\Migrations\\MigrateCommand->runMigrations()
#22 C:\\laragon\\www\\500-STAB-WOUNDS\\vendor\\laravel\\framework\\src\\Illuminate\\Container\\BoundMethod.php(36): Illuminate\\Database\\Console\\Migrations\\MigrateCommand->handle()
#23 C:\\laragon\\www\\500-STAB-WOUNDS\\vendor\\laravel\\framework\\src\\Illuminate\\Container\\Util.php(43): Illuminate\\Container\\BoundMethod::{closure:Illuminate\\Container\\BoundMethod::call():35}()
#24 C:\\laragon\\www\\500-STAB-WOUNDS\\vendor\\laravel\\framework\\src\\Illuminate\\Container\\BoundMethod.php(96): Illuminate\\Container\\Util::unwrapIfClosure(Object(Closure))
#25 C:\\laragon\\www\\500-STAB-WOUNDS\\vendor\\laravel\\framework\\src\\Illuminate\\Container\\BoundMethod.php(35): Illuminate\\Container\\BoundMethod::callBoundMethod(Object(Illuminate\\Foundation\\Application), Array, Object(Closure))
#26 C:\\laragon\\www\\500-STAB-WOUNDS\\vendor\\laravel\\framework\\src\\Illuminate\\Container\\Container.php(754): Illuminate\\Container\\BoundMethod::call(Object(Illuminate\\Foundation\\Application), Array, Array, NULL)
#27 C:\\laragon\\www\\500-STAB-WOUNDS\\vendor\\laravel\\framework\\src\\Illuminate\\Console\\Command.php(211): Illuminate\\Container\\Container->call(Array)
#28 C:\\laragon\\www\\500-STAB-WOUNDS\\vendor\\symfony\\console\\Command\\Command.php(279): Illuminate\\Console\\Command->execute(Object(Symfony\\Component\\Console\\Input\\ArgvInput), Object(Illuminate\\Console\\OutputStyle))
#29 C:\\laragon\\www\\500-STAB-WOUNDS\\vendor\\laravel\\framework\\src\\Illuminate\\Console\\Command.php(180): Symfony\\Component\\Console\\Command\\Command->run(Object(Symfony\\Component\\Console\\Input\\ArgvInput), Object(Illuminate\\Console\\OutputStyle))
#30 C:\\laragon\\www\\500-STAB-WOUNDS\\vendor\\symfony\\console\\Application.php(1094): Illuminate\\Console\\Command->run(Object(Symfony\\Component\\Console\\Input\\ArgvInput), Object(Symfony\\Component\\Console\\Output\\ConsoleOutput))
#31 C:\\laragon\\www\\500-STAB-WOUNDS\\vendor\\symfony\\console\\Application.php(342): Symfony\\Component\\Console\\Application->doRunCommand(Object(Illuminate\\Database\\Console\\Migrations\\MigrateCommand), Object(Symfony\\Component\\Console\\Input\\ArgvInput), Object(Symfony\\Component\\Console\\Output\\ConsoleOutput))
#32 C:\\laragon\\www\\500-STAB-WOUNDS\\vendor\\symfony\\console\\Application.php(193): Symfony\\Component\\Console\\Application->doRun(Object(Symfony\\Component\\Console\\Input\\ArgvInput), Object(Symfony\\Component\\Console\\Output\\ConsoleOutput))
#33 C:\\laragon\\www\\500-STAB-WOUNDS\\vendor\\laravel\\framework\\src\\Illuminate\\Foundation\\Console\\Kernel.php(197): Symfony\\Component\\Console\\Application->run(Object(Symfony\\Component\\Console\\Input\\ArgvInput), Object(Symfony\\Component\\Console\\Output\\ConsoleOutput))
#34 C:\\laragon\\www\\500-STAB-WOUNDS\\vendor\\laravel\\framework\\src\\Illuminate\\Foundation\\Application.php(1234): Illuminate\\Foundation\\Console\\Kernel->handle(Object(Symfony\\Component\\Console\\Input\\ArgvInput), Object(Symfony\\Component\\Console\\Output\\ConsoleOutput))
#35 C:\\laragon\\www\\500-STAB-WOUNDS\\artisan(16): Illuminate\\Foundation\\Application->handleCommand(Object(Symfony\\Component\\Console\\Input\\ArgvInput))
#36 {main}
"} 
[2025-05-01 12:11:19] local.ERROR: SQLSTATE[HY000]: General error: 1824 Failed to open the referenced table 'salespeople' (Connection: mysql, SQL: alter table `sales` add constraint `sales_salesperson_id_foreign` foreign key (`salesperson_id`) references `salespeople` (`id`)) {"exception":"[object] (Illuminate\\Database\\QueryException(code: HY000): SQLSTATE[HY000]: General error: 1824 Failed to open the referenced table 'salespeople' (Connection: mysql, SQL: alter table `sales` add constraint `sales_salesperson_id_foreign` foreign key (`salesperson_id`) references `salespeople` (`id`)) at C:\\laragon\\www\\500-STAB-WOUNDS\\vendor\\laravel\\framework\\src\\Illuminate\\Database\\Connection.php:822)
[stacktrace]
#0 C:\\laragon\\www\\500-STAB-WOUNDS\\vendor\\laravel\\framework\\src\\Illuminate\\Database\\Connection.php(776): Illuminate\\Database\\Connection->runQueryCallback('alter table `sa...', Array, Object(Closure))
#1 C:\\laragon\\www\\500-STAB-WOUNDS\\vendor\\laravel\\framework\\src\\Illuminate\\Database\\Connection.php(557): Illuminate\\Database\\Connection->run('alter table `sa...', Array, Object(Closure))
#2 C:\\laragon\\www\\500-STAB-WOUNDS\\vendor\\laravel\\framework\\src\\Illuminate\\Database\\Schema\\Blueprint.php(119): Illuminate\\Database\\Connection->statement('alter table `sa...')
#3 C:\\laragon\\www\\500-STAB-WOUNDS\\vendor\\laravel\\framework\\src\\Illuminate\\Database\\Schema\\Builder.php(618): Illuminate\\Database\\Schema\\Blueprint->build()
#4 C:\\laragon\\www\\500-STAB-WOUNDS\\vendor\\laravel\\framework\\src\\Illuminate\\Database\\Schema\\Builder.php(472): Illuminate\\Database\\Schema\\Builder->build(Object(Illuminate\\Database\\Schema\\Blueprint))
#5 C:\\laragon\\www\\500-STAB-WOUNDS\\vendor\\laravel\\framework\\src\\Illuminate\\Support\\Facades\\Facade.php(361): Illuminate\\Database\\Schema\\Builder->create('sales', Object(Closure))
#6 C:\\laragon\\www\\500-STAB-WOUNDS\\database\\migrations\\2025_05_01_120128_create_sales_table.php(14): Illuminate\\Support\\Facades\\Facade::__callStatic('create', Array)
#7 C:\\laragon\\www\\500-STAB-WOUNDS\\vendor\\laravel\\framework\\src\\Illuminate\\Database\\Migrations\\Migrator.php(514): Illuminate\\Database\\Migrations\\Migration@anonymous->up()
#8 C:\\laragon\\www\\500-STAB-WOUNDS\\vendor\\laravel\\framework\\src\\Illuminate\\Database\\Migrations\\Migrator.php(439): Illuminate\\Database\\Migrations\\Migrator->runMethod(Object(Illuminate\\Database\\MySqlConnection), Object(Illuminate\\Database\\Migrations\\Migration@anonymous), 'up')
#9 C:\\laragon\\www\\500-STAB-WOUNDS\\vendor\\laravel\\framework\\src\\Illuminate\\Database\\Migrations\\Migrator.php(448): Illuminate\\Database\\Migrations\\Migrator->{closure:Illuminate\\Database\\Migrations\\Migrator::runMigration():435}()
#10 C:\\laragon\\www\\500-STAB-WOUNDS\\vendor\\laravel\\framework\\src\\Illuminate\\Database\\Migrations\\Migrator.php(250): Illuminate\\Database\\Migrations\\Migrator->runMigration(Object(Illuminate\\Database\\Migrations\\Migration@anonymous), 'up')
#11 C:\\laragon\\www\\500-STAB-WOUNDS\\vendor\\laravel\\framework\\src\\Illuminate\\Console\\View\\Components\\Task.php(41): Illuminate\\Database\\Migrations\\Migrator->{closure:Illuminate\\Database\\Migrations\\Migrator::runUp():250}()
#12 C:\\laragon\\www\\500-STAB-WOUNDS\\vendor\\laravel\\framework\\src\\Illuminate\\Database\\Migrations\\Migrator.php(805): Illuminate\\Console\\View\\Components\\Task->render('2025_05_01_1201...', Object(Closure))
#13 C:\\laragon\\www\\500-STAB-WOUNDS\\vendor\\laravel\\framework\\src\\Illuminate\\Database\\Migrations\\Migrator.php(250): Illuminate\\Database\\Migrations\\Migrator->write('Illuminate\\\\Cons...', '2025_05_01_1201...', Object(Closure))
#14 C:\\laragon\\www\\500-STAB-WOUNDS\\vendor\\laravel\\framework\\src\\Illuminate\\Database\\Migrations\\Migrator.php(210): Illuminate\\Database\\Migrations\\Migrator->runUp('C:\\\\laragon\\\\www\\\\...', 1, false)
#15 C:\\laragon\\www\\500-STAB-WOUNDS\\vendor\\laravel\\framework\\src\\Illuminate\\Database\\Migrations\\Migrator.php(137): Illuminate\\Database\\Migrations\\Migrator->runPending(Array, Array)
#16 C:\\laragon\\www\\500-STAB-WOUNDS\\vendor\\laravel\\framework\\src\\Illuminate\\Database\\Console\\Migrations\\MigrateCommand.php(116): Illuminate\\Database\\Migrations\\Migrator->run(Array, Array)
#17 C:\\laragon\\www\\500-STAB-WOUNDS\\vendor\\laravel\\framework\\src\\Illuminate\\Database\\Migrations\\Migrator.php(665): Illuminate\\Database\\Console\\Migrations\\MigrateCommand->{closure:Illuminate\\Database\\Console\\Migrations\\MigrateCommand::runMigrations():109}()
#18 C:\\laragon\\www\\500-STAB-WOUNDS\\vendor\\laravel\\framework\\src\\Illuminate\\Database\\Console\\Migrations\\MigrateCommand.php(109): Illuminate\\Database\\Migrations\\Migrator->usingConnection(NULL, Object(Closure))
#19 C:\\laragon\\www\\500-STAB-WOUNDS\\vendor\\laravel\\framework\\src\\Illuminate\\Database\\Console\\Migrations\\MigrateCommand.php(88): Illuminate\\Database\\Console\\Migrations\\MigrateCommand->runMigrations()
#20 C:\\laragon\\www\\500-STAB-WOUNDS\\vendor\\laravel\\framework\\src\\Illuminate\\Container\\BoundMethod.php(36): Illuminate\\Database\\Console\\Migrations\\MigrateCommand->handle()
#21 C:\\laragon\\www\\500-STAB-WOUNDS\\vendor\\laravel\\framework\\src\\Illuminate\\Container\\Util.php(43): Illuminate\\Container\\BoundMethod::{closure:Illuminate\\Container\\BoundMethod::call():35}()
#22 C:\\laragon\\www\\500-STAB-WOUNDS\\vendor\\laravel\\framework\\src\\Illuminate\\Container\\BoundMethod.php(96): Illuminate\\Container\\Util::unwrapIfClosure(Object(Closure))
#23 C:\\laragon\\www\\500-STAB-WOUNDS\\vendor\\laravel\\framework\\src\\Illuminate\\Container\\BoundMethod.php(35): Illuminate\\Container\\BoundMethod::callBoundMethod(Object(Illuminate\\Foundation\\Application), Array, Object(Closure))
#24 C:\\laragon\\www\\500-STAB-WOUNDS\\vendor\\laravel\\framework\\src\\Illuminate\\Container\\Container.php(754): Illuminate\\Container\\BoundMethod::call(Object(Illuminate\\Foundation\\Application), Array, Array, NULL)
#25 C:\\laragon\\www\\500-STAB-WOUNDS\\vendor\\laravel\\framework\\src\\Illuminate\\Console\\Command.php(211): Illuminate\\Container\\Container->call(Array)
#26 C:\\laragon\\www\\500-STAB-WOUNDS\\vendor\\symfony\\console\\Command\\Command.php(279): Illuminate\\Console\\Command->execute(Object(Symfony\\Component\\Console\\Input\\ArrayInput), Object(Illuminate\\Console\\OutputStyle))
#27 C:\\laragon\\www\\500-STAB-WOUNDS\\vendor\\laravel\\framework\\src\\Illuminate\\Console\\Command.php(180): Symfony\\Component\\Console\\Command\\Command->run(Object(Symfony\\Component\\Console\\Input\\ArrayInput), Object(Illuminate\\Console\\OutputStyle))
#28 C:\\laragon\\www\\500-STAB-WOUNDS\\vendor\\laravel\\framework\\src\\Illuminate\\Console\\Concerns\\CallsCommands.php(68): Illuminate\\Console\\Command->run(Object(Symfony\\Component\\Console\\Input\\ArrayInput), Object(Illuminate\\Console\\OutputStyle))
#29 C:\\laragon\\www\\500-STAB-WOUNDS\\vendor\\laravel\\framework\\src\\Illuminate\\Console\\Concerns\\CallsCommands.php(29): Illuminate\\Console\\Command->runCommand('migrate', Array, Object(Illuminate\\Console\\OutputStyle))
#30 C:\\laragon\\www\\500-STAB-WOUNDS\\vendor\\laravel\\framework\\src\\Illuminate\\Database\\Console\\Migrations\\FreshCommand.php(81): Illuminate\\Console\\Command->call('migrate', Array)
#31 C:\\laragon\\www\\500-STAB-WOUNDS\\vendor\\laravel\\framework\\src\\Illuminate\\Container\\BoundMethod.php(36): Illuminate\\Database\\Console\\Migrations\\FreshCommand->handle()
#32 C:\\laragon\\www\\500-STAB-WOUNDS\\vendor\\laravel\\framework\\src\\Illuminate\\Container\\Util.php(43): Illuminate\\Container\\BoundMethod::{closure:Illuminate\\Container\\BoundMethod::call():35}()
#33 C:\\laragon\\www\\500-STAB-WOUNDS\\vendor\\laravel\\framework\\src\\Illuminate\\Container\\BoundMethod.php(96): Illuminate\\Container\\Util::unwrapIfClosure(Object(Closure))
#34 C:\\laragon\\www\\500-STAB-WOUNDS\\vendor\\laravel\\framework\\src\\Illuminate\\Container\\BoundMethod.php(35): Illuminate\\Container\\BoundMethod::callBoundMethod(Object(Illuminate\\Foundation\\Application), Array, Object(Closure))
#35 C:\\laragon\\www\\500-STAB-WOUNDS\\vendor\\laravel\\framework\\src\\Illuminate\\Container\\Container.php(754): Illuminate\\Container\\BoundMethod::call(Object(Illuminate\\Foundation\\Application), Array, Array, NULL)
#36 C:\\laragon\\www\\500-STAB-WOUNDS\\vendor\\laravel\\framework\\src\\Illuminate\\Console\\Command.php(211): Illuminate\\Container\\Container->call(Array)
#37 C:\\laragon\\www\\500-STAB-WOUNDS\\vendor\\symfony\\console\\Command\\Command.php(279): Illuminate\\Console\\Command->execute(Object(Symfony\\Component\\Console\\Input\\ArgvInput), Object(Illuminate\\Console\\OutputStyle))
#38 C:\\laragon\\www\\500-STAB-WOUNDS\\vendor\\laravel\\framework\\src\\Illuminate\\Console\\Command.php(180): Symfony\\Component\\Console\\Command\\Command->run(Object(Symfony\\Component\\Console\\Input\\ArgvInput), Object(Illuminate\\Console\\OutputStyle))
#39 C:\\laragon\\www\\500-STAB-WOUNDS\\vendor\\symfony\\console\\Application.php(1094): Illuminate\\Console\\Command->run(Object(Symfony\\Component\\Console\\Input\\ArgvInput), Object(Symfony\\Component\\Console\\Output\\ConsoleOutput))
#40 C:\\laragon\\www\\500-STAB-WOUNDS\\vendor\\symfony\\console\\Application.php(342): Symfony\\Component\\Console\\Application->doRunCommand(Object(Illuminate\\Database\\Console\\Migrations\\FreshCommand), Object(Symfony\\Component\\Console\\Input\\ArgvInput), Object(Symfony\\Component\\Console\\Output\\ConsoleOutput))
#41 C:\\laragon\\www\\500-STAB-WOUNDS\\vendor\\symfony\\console\\Application.php(193): Symfony\\Component\\Console\\Application->doRun(Object(Symfony\\Component\\Console\\Input\\ArgvInput), Object(Symfony\\Component\\Console\\Output\\ConsoleOutput))
#42 C:\\laragon\\www\\500-STAB-WOUNDS\\vendor\\laravel\\framework\\src\\Illuminate\\Foundation\\Console\\Kernel.php(197): Symfony\\Component\\Console\\Application->run(Object(Symfony\\Component\\Console\\Input\\ArgvInput), Object(Symfony\\Component\\Console\\Output\\ConsoleOutput))
#43 C:\\laragon\\www\\500-STAB-WOUNDS\\vendor\\laravel\\framework\\src\\Illuminate\\Foundation\\Application.php(1234): Illuminate\\Foundation\\Console\\Kernel->handle(Object(Symfony\\Component\\Console\\Input\\ArgvInput), Object(Symfony\\Component\\Console\\Output\\ConsoleOutput))
#44 C:\\laragon\\www\\500-STAB-WOUNDS\\artisan(16): Illuminate\\Foundation\\Application->handleCommand(Object(Symfony\\Component\\Console\\Input\\ArgvInput))
#45 {main}

[previous exception] [object] (PDOException(code: HY000): SQLSTATE[HY000]: General error: 1824 Failed to open the referenced table 'salespeople' at C:\\laragon\\www\\500-STAB-WOUNDS\\vendor\\laravel\\framework\\src\\Illuminate\\Database\\Connection.php:568)
[stacktrace]
#0 C:\\laragon\\www\\500-STAB-WOUNDS\\vendor\\laravel\\framework\\src\\Illuminate\\Database\\Connection.php(568): PDOStatement->execute()
#1 C:\\laragon\\www\\500-STAB-WOUNDS\\vendor\\laravel\\framework\\src\\Illuminate\\Database\\Connection.php(809): Illuminate\\Database\\Connection->{closure:Illuminate\\Database\\Connection::statement():557}('alter table `sa...', Array)
#2 C:\\laragon\\www\\500-STAB-WOUNDS\\vendor\\laravel\\framework\\src\\Illuminate\\Database\\Connection.php(776): Illuminate\\Database\\Connection->runQueryCallback('alter table `sa...', Array, Object(Closure))
#3 C:\\laragon\\www\\500-STAB-WOUNDS\\vendor\\laravel\\framework\\src\\Illuminate\\Database\\Connection.php(557): Illuminate\\Database\\Connection->run('alter table `sa...', Array, Object(Closure))
#4 C:\\laragon\\www\\500-STAB-WOUNDS\\vendor\\laravel\\framework\\src\\Illuminate\\Database\\Schema\\Blueprint.php(119): Illuminate\\Database\\Connection->statement('alter table `sa...')
#5 C:\\laragon\\www\\500-STAB-WOUNDS\\vendor\\laravel\\framework\\src\\Illuminate\\Database\\Schema\\Builder.php(618): Illuminate\\Database\\Schema\\Blueprint->build()
#6 C:\\laragon\\www\\500-STAB-WOUNDS\\vendor\\laravel\\framework\\src\\Illuminate\\Database\\Schema\\Builder.php(472): Illuminate\\Database\\Schema\\Builder->build(Object(Illuminate\\Database\\Schema\\Blueprint))
#7 C:\\laragon\\www\\500-STAB-WOUNDS\\vendor\\laravel\\framework\\src\\Illuminate\\Support\\Facades\\Facade.php(361): Illuminate\\Database\\Schema\\Builder->create('sales', Object(Closure))
#8 C:\\laragon\\www\\500-STAB-WOUNDS\\database\\migrations\\2025_05_01_120128_create_sales_table.php(14): Illuminate\\Support\\Facades\\Facade::__callStatic('create', Array)
#9 C:\\laragon\\www\\500-STAB-WOUNDS\\vendor\\laravel\\framework\\src\\Illuminate\\Database\\Migrations\\Migrator.php(514): Illuminate\\Database\\Migrations\\Migration@anonymous->up()
#10 C:\\laragon\\www\\500-STAB-WOUNDS\\vendor\\laravel\\framework\\src\\Illuminate\\Database\\Migrations\\Migrator.php(439): Illuminate\\Database\\Migrations\\Migrator->runMethod(Object(Illuminate\\Database\\MySqlConnection), Object(Illuminate\\Database\\Migrations\\Migration@anonymous), 'up')
#11 C:\\laragon\\www\\500-STAB-WOUNDS\\vendor\\laravel\\framework\\src\\Illuminate\\Database\\Migrations\\Migrator.php(448): Illuminate\\Database\\Migrations\\Migrator->{closure:Illuminate\\Database\\Migrations\\Migrator::runMigration():435}()
#12 C:\\laragon\\www\\500-STAB-WOUNDS\\vendor\\laravel\\framework\\src\\Illuminate\\Database\\Migrations\\Migrator.php(250): Illuminate\\Database\\Migrations\\Migrator->runMigration(Object(Illuminate\\Database\\Migrations\\Migration@anonymous), 'up')
#13 C:\\laragon\\www\\500-STAB-WOUNDS\\vendor\\laravel\\framework\\src\\Illuminate\\Console\\View\\Components\\Task.php(41): Illuminate\\Database\\Migrations\\Migrator->{closure:Illuminate\\Database\\Migrations\\Migrator::runUp():250}()
#14 C:\\laragon\\www\\500-STAB-WOUNDS\\vendor\\laravel\\framework\\src\\Illuminate\\Database\\Migrations\\Migrator.php(805): Illuminate\\Console\\View\\Components\\Task->render('2025_05_01_1201...', Object(Closure))
#15 C:\\laragon\\www\\500-STAB-WOUNDS\\vendor\\laravel\\framework\\src\\Illuminate\\Database\\Migrations\\Migrator.php(250): Illuminate\\Database\\Migrations\\Migrator->write('Illuminate\\\\Cons...', '2025_05_01_1201...', Object(Closure))
#16 C:\\laragon\\www\\500-STAB-WOUNDS\\vendor\\laravel\\framework\\src\\Illuminate\\Database\\Migrations\\Migrator.php(210): Illuminate\\Database\\Migrations\\Migrator->runUp('C:\\\\laragon\\\\www\\\\...', 1, false)
#17 C:\\laragon\\www\\500-STAB-WOUNDS\\vendor\\laravel\\framework\\src\\Illuminate\\Database\\Migrations\\Migrator.php(137): Illuminate\\Database\\Migrations\\Migrator->runPending(Array, Array)
#18 C:\\laragon\\www\\500-STAB-WOUNDS\\vendor\\laravel\\framework\\src\\Illuminate\\Database\\Console\\Migrations\\MigrateCommand.php(116): Illuminate\\Database\\Migrations\\Migrator->run(Array, Array)
#19 C:\\laragon\\www\\500-STAB-WOUNDS\\vendor\\laravel\\framework\\src\\Illuminate\\Database\\Migrations\\Migrator.php(665): Illuminate\\Database\\Console\\Migrations\\MigrateCommand->{closure:Illuminate\\Database\\Console\\Migrations\\MigrateCommand::runMigrations():109}()
#20 C:\\laragon\\www\\500-STAB-WOUNDS\\vendor\\laravel\\framework\\src\\Illuminate\\Database\\Console\\Migrations\\MigrateCommand.php(109): Illuminate\\Database\\Migrations\\Migrator->usingConnection(NULL, Object(Closure))
#21 C:\\laragon\\www\\500-STAB-WOUNDS\\vendor\\laravel\\framework\\src\\Illuminate\\Database\\Console\\Migrations\\MigrateCommand.php(88): Illuminate\\Database\\Console\\Migrations\\MigrateCommand->runMigrations()
#22 C:\\laragon\\www\\500-STAB-WOUNDS\\vendor\\laravel\\framework\\src\\Illuminate\\Container\\BoundMethod.php(36): Illuminate\\Database\\Console\\Migrations\\MigrateCommand->handle()
#23 C:\\laragon\\www\\500-STAB-WOUNDS\\vendor\\laravel\\framework\\src\\Illuminate\\Container\\Util.php(43): Illuminate\\Container\\BoundMethod::{closure:Illuminate\\Container\\BoundMethod::call():35}()
#24 C:\\laragon\\www\\500-STAB-WOUNDS\\vendor\\laravel\\framework\\src\\Illuminate\\Container\\BoundMethod.php(96): Illuminate\\Container\\Util::unwrapIfClosure(Object(Closure))
#25 C:\\laragon\\www\\500-STAB-WOUNDS\\vendor\\laravel\\framework\\src\\Illuminate\\Container\\BoundMethod.php(35): Illuminate\\Container\\BoundMethod::callBoundMethod(Object(Illuminate\\Foundation\\Application), Array, Object(Closure))
#26 C:\\laragon\\www\\500-STAB-WOUNDS\\vendor\\laravel\\framework\\src\\Illuminate\\Container\\Container.php(754): Illuminate\\Container\\BoundMethod::call(Object(Illuminate\\Foundation\\Application), Array, Array, NULL)
#27 C:\\laragon\\www\\500-STAB-WOUNDS\\vendor\\laravel\\framework\\src\\Illuminate\\Console\\Command.php(211): Illuminate\\Container\\Container->call(Array)
#28 C:\\laragon\\www\\500-STAB-WOUNDS\\vendor\\symfony\\console\\Command\\Command.php(279): Illuminate\\Console\\Command->execute(Object(Symfony\\Component\\Console\\Input\\ArrayInput), Object(Illuminate\\Console\\OutputStyle))
#29 C:\\laragon\\www\\500-STAB-WOUNDS\\vendor\\laravel\\framework\\src\\Illuminate\\Console\\Command.php(180): Symfony\\Component\\Console\\Command\\Command->run(Object(Symfony\\Component\\Console\\Input\\ArrayInput), Object(Illuminate\\Console\\OutputStyle))
#30 C:\\laragon\\www\\500-STAB-WOUNDS\\vendor\\laravel\\framework\\src\\Illuminate\\Console\\Concerns\\CallsCommands.php(68): Illuminate\\Console\\Command->run(Object(Symfony\\Component\\Console\\Input\\ArrayInput), Object(Illuminate\\Console\\OutputStyle))
#31 C:\\laragon\\www\\500-STAB-WOUNDS\\vendor\\laravel\\framework\\src\\Illuminate\\Console\\Concerns\\CallsCommands.php(29): Illuminate\\Console\\Command->runCommand('migrate', Array, Object(Illuminate\\Console\\OutputStyle))
#32 C:\\laragon\\www\\500-STAB-WOUNDS\\vendor\\laravel\\framework\\src\\Illuminate\\Database\\Console\\Migrations\\FreshCommand.php(81): Illuminate\\Console\\Command->call('migrate', Array)
#33 C:\\laragon\\www\\500-STAB-WOUNDS\\vendor\\laravel\\framework\\src\\Illuminate\\Container\\BoundMethod.php(36): Illuminate\\Database\\Console\\Migrations\\FreshCommand->handle()
#34 C:\\laragon\\www\\500-STAB-WOUNDS\\vendor\\laravel\\framework\\src\\Illuminate\\Container\\Util.php(43): Illuminate\\Container\\BoundMethod::{closure:Illuminate\\Container\\BoundMethod::call():35}()
#35 C:\\laragon\\www\\500-STAB-WOUNDS\\vendor\\laravel\\framework\\src\\Illuminate\\Container\\BoundMethod.php(96): Illuminate\\Container\\Util::unwrapIfClosure(Object(Closure))
#36 C:\\laragon\\www\\500-STAB-WOUNDS\\vendor\\laravel\\framework\\src\\Illuminate\\Container\\BoundMethod.php(35): Illuminate\\Container\\BoundMethod::callBoundMethod(Object(Illuminate\\Foundation\\Application), Array, Object(Closure))
#37 C:\\laragon\\www\\500-STAB-WOUNDS\\vendor\\laravel\\framework\\src\\Illuminate\\Container\\Container.php(754): Illuminate\\Container\\BoundMethod::call(Object(Illuminate\\Foundation\\Application), Array, Array, NULL)
#38 C:\\laragon\\www\\500-STAB-WOUNDS\\vendor\\laravel\\framework\\src\\Illuminate\\Console\\Command.php(211): Illuminate\\Container\\Container->call(Array)
#39 C:\\laragon\\www\\500-STAB-WOUNDS\\vendor\\symfony\\console\\Command\\Command.php(279): Illuminate\\Console\\Command->execute(Object(Symfony\\Component\\Console\\Input\\ArgvInput), Object(Illuminate\\Console\\OutputStyle))
#40 C:\\laragon\\www\\500-STAB-WOUNDS\\vendor\\laravel\\framework\\src\\Illuminate\\Console\\Command.php(180): Symfony\\Component\\Console\\Command\\Command->run(Object(Symfony\\Component\\Console\\Input\\ArgvInput), Object(Illuminate\\Console\\OutputStyle))
#41 C:\\laragon\\www\\500-STAB-WOUNDS\\vendor\\symfony\\console\\Application.php(1094): Illuminate\\Console\\Command->run(Object(Symfony\\Component\\Console\\Input\\ArgvInput), Object(Symfony\\Component\\Console\\Output\\ConsoleOutput))
#42 C:\\laragon\\www\\500-STAB-WOUNDS\\vendor\\symfony\\console\\Application.php(342): Symfony\\Component\\Console\\Application->doRunCommand(Object(Illuminate\\Database\\Console\\Migrations\\FreshCommand), Object(Symfony\\Component\\Console\\Input\\ArgvInput), Object(Symfony\\Component\\Console\\Output\\ConsoleOutput))
#43 C:\\laragon\\www\\500-STAB-WOUNDS\\vendor\\symfony\\console\\Application.php(193): Symfony\\Component\\Console\\Application->doRun(Object(Symfony\\Component\\Console\\Input\\ArgvInput), Object(Symfony\\Component\\Console\\Output\\ConsoleOutput))
#44 C:\\laragon\\www\\500-STAB-WOUNDS\\vendor\\laravel\\framework\\src\\Illuminate\\Foundation\\Console\\Kernel.php(197): Symfony\\Component\\Console\\Application->run(Object(Symfony\\Component\\Console\\Input\\ArgvInput), Object(Symfony\\Component\\Console\\Output\\ConsoleOutput))
#45 C:\\laragon\\www\\500-STAB-WOUNDS\\vendor\\laravel\\framework\\src\\Illuminate\\Foundation\\Application.php(1234): Illuminate\\Foundation\\Console\\Kernel->handle(Object(Symfony\\Component\\Console\\Input\\ArgvInput), Object(Symfony\\Component\\Console\\Output\\ConsoleOutput))
#46 C:\\laragon\\www\\500-STAB-WOUNDS\\artisan(16): Illuminate\\Foundation\\Application->handleCommand(Object(Symfony\\Component\\Console\\Input\\ArgvInput))
#47 {main}
"} 
[2025-05-01 12:11:57] local.ERROR: SQLSTATE[HY000]: General error: 1824 Failed to open the referenced table 'salespeople' (Connection: mysql, SQL: alter table `sales` add constraint `sales_salesperson_id_foreign` foreign key (`salesperson_id`) references `salespeople` (`id`)) {"exception":"[object] (Illuminate\\Database\\QueryException(code: HY000): SQLSTATE[HY000]: General error: 1824 Failed to open the referenced table 'salespeople' (Connection: mysql, SQL: alter table `sales` add constraint `sales_salesperson_id_foreign` foreign key (`salesperson_id`) references `salespeople` (`id`)) at C:\\laragon\\www\\500-STAB-WOUNDS\\vendor\\laravel\\framework\\src\\Illuminate\\Database\\Connection.php:822)
[stacktrace]
#0 C:\\laragon\\www\\500-STAB-WOUNDS\\vendor\\laravel\\framework\\src\\Illuminate\\Database\\Connection.php(776): Illuminate\\Database\\Connection->runQueryCallback('alter table `sa...', Array, Object(Closure))
#1 C:\\laragon\\www\\500-STAB-WOUNDS\\vendor\\laravel\\framework\\src\\Illuminate\\Database\\Connection.php(557): Illuminate\\Database\\Connection->run('alter table `sa...', Array, Object(Closure))
#2 C:\\laragon\\www\\500-STAB-WOUNDS\\vendor\\laravel\\framework\\src\\Illuminate\\Database\\Schema\\Blueprint.php(119): Illuminate\\Database\\Connection->statement('alter table `sa...')
#3 C:\\laragon\\www\\500-STAB-WOUNDS\\vendor\\laravel\\framework\\src\\Illuminate\\Database\\Schema\\Builder.php(618): Illuminate\\Database\\Schema\\Blueprint->build()
#4 C:\\laragon\\www\\500-STAB-WOUNDS\\vendor\\laravel\\framework\\src\\Illuminate\\Database\\Schema\\Builder.php(472): Illuminate\\Database\\Schema\\Builder->build(Object(Illuminate\\Database\\Schema\\Blueprint))
#5 C:\\laragon\\www\\500-STAB-WOUNDS\\vendor\\laravel\\framework\\src\\Illuminate\\Support\\Facades\\Facade.php(361): Illuminate\\Database\\Schema\\Builder->create('sales', Object(Closure))
#6 C:\\laragon\\www\\500-STAB-WOUNDS\\database\\migrations\\2025_05_01_120128_create_sales_table.php(14): Illuminate\\Support\\Facades\\Facade::__callStatic('create', Array)
#7 C:\\laragon\\www\\500-STAB-WOUNDS\\vendor\\laravel\\framework\\src\\Illuminate\\Database\\Migrations\\Migrator.php(514): Illuminate\\Database\\Migrations\\Migration@anonymous->up()
#8 C:\\laragon\\www\\500-STAB-WOUNDS\\vendor\\laravel\\framework\\src\\Illuminate\\Database\\Migrations\\Migrator.php(439): Illuminate\\Database\\Migrations\\Migrator->runMethod(Object(Illuminate\\Database\\MySqlConnection), Object(Illuminate\\Database\\Migrations\\Migration@anonymous), 'up')
#9 C:\\laragon\\www\\500-STAB-WOUNDS\\vendor\\laravel\\framework\\src\\Illuminate\\Database\\Migrations\\Migrator.php(448): Illuminate\\Database\\Migrations\\Migrator->{closure:Illuminate\\Database\\Migrations\\Migrator::runMigration():435}()
#10 C:\\laragon\\www\\500-STAB-WOUNDS\\vendor\\laravel\\framework\\src\\Illuminate\\Database\\Migrations\\Migrator.php(250): Illuminate\\Database\\Migrations\\Migrator->runMigration(Object(Illuminate\\Database\\Migrations\\Migration@anonymous), 'up')
#11 C:\\laragon\\www\\500-STAB-WOUNDS\\vendor\\laravel\\framework\\src\\Illuminate\\Console\\View\\Components\\Task.php(41): Illuminate\\Database\\Migrations\\Migrator->{closure:Illuminate\\Database\\Migrations\\Migrator::runUp():250}()
#12 C:\\laragon\\www\\500-STAB-WOUNDS\\vendor\\laravel\\framework\\src\\Illuminate\\Database\\Migrations\\Migrator.php(805): Illuminate\\Console\\View\\Components\\Task->render('2025_05_01_1201...', Object(Closure))
#13 C:\\laragon\\www\\500-STAB-WOUNDS\\vendor\\laravel\\framework\\src\\Illuminate\\Database\\Migrations\\Migrator.php(250): Illuminate\\Database\\Migrations\\Migrator->write('Illuminate\\\\Cons...', '2025_05_01_1201...', Object(Closure))
#14 C:\\laragon\\www\\500-STAB-WOUNDS\\vendor\\laravel\\framework\\src\\Illuminate\\Database\\Migrations\\Migrator.php(210): Illuminate\\Database\\Migrations\\Migrator->runUp('C:\\\\laragon\\\\www\\\\...', 1, false)
#15 C:\\laragon\\www\\500-STAB-WOUNDS\\vendor\\laravel\\framework\\src\\Illuminate\\Database\\Migrations\\Migrator.php(137): Illuminate\\Database\\Migrations\\Migrator->runPending(Array, Array)
#16 C:\\laragon\\www\\500-STAB-WOUNDS\\vendor\\laravel\\framework\\src\\Illuminate\\Database\\Console\\Migrations\\MigrateCommand.php(116): Illuminate\\Database\\Migrations\\Migrator->run(Array, Array)
#17 C:\\laragon\\www\\500-STAB-WOUNDS\\vendor\\laravel\\framework\\src\\Illuminate\\Database\\Migrations\\Migrator.php(665): Illuminate\\Database\\Console\\Migrations\\MigrateCommand->{closure:Illuminate\\Database\\Console\\Migrations\\MigrateCommand::runMigrations():109}()
#18 C:\\laragon\\www\\500-STAB-WOUNDS\\vendor\\laravel\\framework\\src\\Illuminate\\Database\\Console\\Migrations\\MigrateCommand.php(109): Illuminate\\Database\\Migrations\\Migrator->usingConnection(NULL, Object(Closure))
#19 C:\\laragon\\www\\500-STAB-WOUNDS\\vendor\\laravel\\framework\\src\\Illuminate\\Database\\Console\\Migrations\\MigrateCommand.php(88): Illuminate\\Database\\Console\\Migrations\\MigrateCommand->runMigrations()
#20 C:\\laragon\\www\\500-STAB-WOUNDS\\vendor\\laravel\\framework\\src\\Illuminate\\Container\\BoundMethod.php(36): Illuminate\\Database\\Console\\Migrations\\MigrateCommand->handle()
#21 C:\\laragon\\www\\500-STAB-WOUNDS\\vendor\\laravel\\framework\\src\\Illuminate\\Container\\Util.php(43): Illuminate\\Container\\BoundMethod::{closure:Illuminate\\Container\\BoundMethod::call():35}()
#22 C:\\laragon\\www\\500-STAB-WOUNDS\\vendor\\laravel\\framework\\src\\Illuminate\\Container\\BoundMethod.php(96): Illuminate\\Container\\Util::unwrapIfClosure(Object(Closure))
#23 C:\\laragon\\www\\500-STAB-WOUNDS\\vendor\\laravel\\framework\\src\\Illuminate\\Container\\BoundMethod.php(35): Illuminate\\Container\\BoundMethod::callBoundMethod(Object(Illuminate\\Foundation\\Application), Array, Object(Closure))
#24 C:\\laragon\\www\\500-STAB-WOUNDS\\vendor\\laravel\\framework\\src\\Illuminate\\Container\\Container.php(754): Illuminate\\Container\\BoundMethod::call(Object(Illuminate\\Foundation\\Application), Array, Array, NULL)
#25 C:\\laragon\\www\\500-STAB-WOUNDS\\vendor\\laravel\\framework\\src\\Illuminate\\Console\\Command.php(211): Illuminate\\Container\\Container->call(Array)
#26 C:\\laragon\\www\\500-STAB-WOUNDS\\vendor\\symfony\\console\\Command\\Command.php(279): Illuminate\\Console\\Command->execute(Object(Symfony\\Component\\Console\\Input\\ArrayInput), Object(Illuminate\\Console\\OutputStyle))
#27 C:\\laragon\\www\\500-STAB-WOUNDS\\vendor\\laravel\\framework\\src\\Illuminate\\Console\\Command.php(180): Symfony\\Component\\Console\\Command\\Command->run(Object(Symfony\\Component\\Console\\Input\\ArrayInput), Object(Illuminate\\Console\\OutputStyle))
#28 C:\\laragon\\www\\500-STAB-WOUNDS\\vendor\\laravel\\framework\\src\\Illuminate\\Console\\Concerns\\CallsCommands.php(68): Illuminate\\Console\\Command->run(Object(Symfony\\Component\\Console\\Input\\ArrayInput), Object(Illuminate\\Console\\OutputStyle))
#29 C:\\laragon\\www\\500-STAB-WOUNDS\\vendor\\laravel\\framework\\src\\Illuminate\\Console\\Concerns\\CallsCommands.php(29): Illuminate\\Console\\Command->runCommand('migrate', Array, Object(Illuminate\\Console\\OutputStyle))
#30 C:\\laragon\\www\\500-STAB-WOUNDS\\vendor\\laravel\\framework\\src\\Illuminate\\Database\\Console\\Migrations\\FreshCommand.php(81): Illuminate\\Console\\Command->call('migrate', Array)
#31 C:\\laragon\\www\\500-STAB-WOUNDS\\vendor\\laravel\\framework\\src\\Illuminate\\Container\\BoundMethod.php(36): Illuminate\\Database\\Console\\Migrations\\FreshCommand->handle()
#32 C:\\laragon\\www\\500-STAB-WOUNDS\\vendor\\laravel\\framework\\src\\Illuminate\\Container\\Util.php(43): Illuminate\\Container\\BoundMethod::{closure:Illuminate\\Container\\BoundMethod::call():35}()
#33 C:\\laragon\\www\\500-STAB-WOUNDS\\vendor\\laravel\\framework\\src\\Illuminate\\Container\\BoundMethod.php(96): Illuminate\\Container\\Util::unwrapIfClosure(Object(Closure))
#34 C:\\laragon\\www\\500-STAB-WOUNDS\\vendor\\laravel\\framework\\src\\Illuminate\\Container\\BoundMethod.php(35): Illuminate\\Container\\BoundMethod::callBoundMethod(Object(Illuminate\\Foundation\\Application), Array, Object(Closure))
#35 C:\\laragon\\www\\500-STAB-WOUNDS\\vendor\\laravel\\framework\\src\\Illuminate\\Container\\Container.php(754): Illuminate\\Container\\BoundMethod::call(Object(Illuminate\\Foundation\\Application), Array, Array, NULL)
#36 C:\\laragon\\www\\500-STAB-WOUNDS\\vendor\\laravel\\framework\\src\\Illuminate\\Console\\Command.php(211): Illuminate\\Container\\Container->call(Array)
#37 C:\\laragon\\www\\500-STAB-WOUNDS\\vendor\\symfony\\console\\Command\\Command.php(279): Illuminate\\Console\\Command->execute(Object(Symfony\\Component\\Console\\Input\\ArgvInput), Object(Illuminate\\Console\\OutputStyle))
#38 C:\\laragon\\www\\500-STAB-WOUNDS\\vendor\\laravel\\framework\\src\\Illuminate\\Console\\Command.php(180): Symfony\\Component\\Console\\Command\\Command->run(Object(Symfony\\Component\\Console\\Input\\ArgvInput), Object(Illuminate\\Console\\OutputStyle))
#39 C:\\laragon\\www\\500-STAB-WOUNDS\\vendor\\symfony\\console\\Application.php(1094): Illuminate\\Console\\Command->run(Object(Symfony\\Component\\Console\\Input\\ArgvInput), Object(Symfony\\Component\\Console\\Output\\ConsoleOutput))
#40 C:\\laragon\\www\\500-STAB-WOUNDS\\vendor\\symfony\\console\\Application.php(342): Symfony\\Component\\Console\\Application->doRunCommand(Object(Illuminate\\Database\\Console\\Migrations\\FreshCommand), Object(Symfony\\Component\\Console\\Input\\ArgvInput), Object(Symfony\\Component\\Console\\Output\\ConsoleOutput))
#41 C:\\laragon\\www\\500-STAB-WOUNDS\\vendor\\symfony\\console\\Application.php(193): Symfony\\Component\\Console\\Application->doRun(Object(Symfony\\Component\\Console\\Input\\ArgvInput), Object(Symfony\\Component\\Console\\Output\\ConsoleOutput))
#42 C:\\laragon\\www\\500-STAB-WOUNDS\\vendor\\laravel\\framework\\src\\Illuminate\\Foundation\\Console\\Kernel.php(197): Symfony\\Component\\Console\\Application->run(Object(Symfony\\Component\\Console\\Input\\ArgvInput), Object(Symfony\\Component\\Console\\Output\\ConsoleOutput))
#43 C:\\laragon\\www\\500-STAB-WOUNDS\\vendor\\laravel\\framework\\src\\Illuminate\\Foundation\\Application.php(1234): Illuminate\\Foundation\\Console\\Kernel->handle(Object(Symfony\\Component\\Console\\Input\\ArgvInput), Object(Symfony\\Component\\Console\\Output\\ConsoleOutput))
#44 C:\\laragon\\www\\500-STAB-WOUNDS\\artisan(16): Illuminate\\Foundation\\Application->handleCommand(Object(Symfony\\Component\\Console\\Input\\ArgvInput))
#45 {main}

[previous exception] [object] (PDOException(code: HY000): SQLSTATE[HY000]: General error: 1824 Failed to open the referenced table 'salespeople' at C:\\laragon\\www\\500-STAB-WOUNDS\\vendor\\laravel\\framework\\src\\Illuminate\\Database\\Connection.php:568)
[stacktrace]
#0 C:\\laragon\\www\\500-STAB-WOUNDS\\vendor\\laravel\\framework\\src\\Illuminate\\Database\\Connection.php(568): PDOStatement->execute()
#1 C:\\laragon\\www\\500-STAB-WOUNDS\\vendor\\laravel\\framework\\src\\Illuminate\\Database\\Connection.php(809): Illuminate\\Database\\Connection->{closure:Illuminate\\Database\\Connection::statement():557}('alter table `sa...', Array)
#2 C:\\laragon\\www\\500-STAB-WOUNDS\\vendor\\laravel\\framework\\src\\Illuminate\\Database\\Connection.php(776): Illuminate\\Database\\Connection->runQueryCallback('alter table `sa...', Array, Object(Closure))
#3 C:\\laragon\\www\\500-STAB-WOUNDS\\vendor\\laravel\\framework\\src\\Illuminate\\Database\\Connection.php(557): Illuminate\\Database\\Connection->run('alter table `sa...', Array, Object(Closure))
#4 C:\\laragon\\www\\500-STAB-WOUNDS\\vendor\\laravel\\framework\\src\\Illuminate\\Database\\Schema\\Blueprint.php(119): Illuminate\\Database\\Connection->statement('alter table `sa...')
#5 C:\\laragon\\www\\500-STAB-WOUNDS\\vendor\\laravel\\framework\\src\\Illuminate\\Database\\Schema\\Builder.php(618): Illuminate\\Database\\Schema\\Blueprint->build()
#6 C:\\laragon\\www\\500-STAB-WOUNDS\\vendor\\laravel\\framework\\src\\Illuminate\\Database\\Schema\\Builder.php(472): Illuminate\\Database\\Schema\\Builder->build(Object(Illuminate\\Database\\Schema\\Blueprint))
#7 C:\\laragon\\www\\500-STAB-WOUNDS\\vendor\\laravel\\framework\\src\\Illuminate\\Support\\Facades\\Facade.php(361): Illuminate\\Database\\Schema\\Builder->create('sales', Object(Closure))
#8 C:\\laragon\\www\\500-STAB-WOUNDS\\database\\migrations\\2025_05_01_120128_create_sales_table.php(14): Illuminate\\Support\\Facades\\Facade::__callStatic('create', Array)
#9 C:\\laragon\\www\\500-STAB-WOUNDS\\vendor\\laravel\\framework\\src\\Illuminate\\Database\\Migrations\\Migrator.php(514): Illuminate\\Database\\Migrations\\Migration@anonymous->up()
#10 C:\\laragon\\www\\500-STAB-WOUNDS\\vendor\\laravel\\framework\\src\\Illuminate\\Database\\Migrations\\Migrator.php(439): Illuminate\\Database\\Migrations\\Migrator->runMethod(Object(Illuminate\\Database\\MySqlConnection), Object(Illuminate\\Database\\Migrations\\Migration@anonymous), 'up')
#11 C:\\laragon\\www\\500-STAB-WOUNDS\\vendor\\laravel\\framework\\src\\Illuminate\\Database\\Migrations\\Migrator.php(448): Illuminate\\Database\\Migrations\\Migrator->{closure:Illuminate\\Database\\Migrations\\Migrator::runMigration():435}()
#12 C:\\laragon\\www\\500-STAB-WOUNDS\\vendor\\laravel\\framework\\src\\Illuminate\\Database\\Migrations\\Migrator.php(250): Illuminate\\Database\\Migrations\\Migrator->runMigration(Object(Illuminate\\Database\\Migrations\\Migration@anonymous), 'up')
#13 C:\\laragon\\www\\500-STAB-WOUNDS\\vendor\\laravel\\framework\\src\\Illuminate\\Console\\View\\Components\\Task.php(41): Illuminate\\Database\\Migrations\\Migrator->{closure:Illuminate\\Database\\Migrations\\Migrator::runUp():250}()
#14 C:\\laragon\\www\\500-STAB-WOUNDS\\vendor\\laravel\\framework\\src\\Illuminate\\Database\\Migrations\\Migrator.php(805): Illuminate\\Console\\View\\Components\\Task->render('2025_05_01_1201...', Object(Closure))
#15 C:\\laragon\\www\\500-STAB-WOUNDS\\vendor\\laravel\\framework\\src\\Illuminate\\Database\\Migrations\\Migrator.php(250): Illuminate\\Database\\Migrations\\Migrator->write('Illuminate\\\\Cons...', '2025_05_01_1201...', Object(Closure))
#16 C:\\laragon\\www\\500-STAB-WOUNDS\\vendor\\laravel\\framework\\src\\Illuminate\\Database\\Migrations\\Migrator.php(210): Illuminate\\Database\\Migrations\\Migrator->runUp('C:\\\\laragon\\\\www\\\\...', 1, false)
#17 C:\\laragon\\www\\500-STAB-WOUNDS\\vendor\\laravel\\framework\\src\\Illuminate\\Database\\Migrations\\Migrator.php(137): Illuminate\\Database\\Migrations\\Migrator->runPending(Array, Array)
#18 C:\\laragon\\www\\500-STAB-WOUNDS\\vendor\\laravel\\framework\\src\\Illuminate\\Database\\Console\\Migrations\\MigrateCommand.php(116): Illuminate\\Database\\Migrations\\Migrator->run(Array, Array)
#19 C:\\laragon\\www\\500-STAB-WOUNDS\\vendor\\laravel\\framework\\src\\Illuminate\\Database\\Migrations\\Migrator.php(665): Illuminate\\Database\\Console\\Migrations\\MigrateCommand->{closure:Illuminate\\Database\\Console\\Migrations\\MigrateCommand::runMigrations():109}()
#20 C:\\laragon\\www\\500-STAB-WOUNDS\\vendor\\laravel\\framework\\src\\Illuminate\\Database\\Console\\Migrations\\MigrateCommand.php(109): Illuminate\\Database\\Migrations\\Migrator->usingConnection(NULL, Object(Closure))
#21 C:\\laragon\\www\\500-STAB-WOUNDS\\vendor\\laravel\\framework\\src\\Illuminate\\Database\\Console\\Migrations\\MigrateCommand.php(88): Illuminate\\Database\\Console\\Migrations\\MigrateCommand->runMigrations()
#22 C:\\laragon\\www\\500-STAB-WOUNDS\\vendor\\laravel\\framework\\src\\Illuminate\\Container\\BoundMethod.php(36): Illuminate\\Database\\Console\\Migrations\\MigrateCommand->handle()
#23 C:\\laragon\\www\\500-STAB-WOUNDS\\vendor\\laravel\\framework\\src\\Illuminate\\Container\\Util.php(43): Illuminate\\Container\\BoundMethod::{closure:Illuminate\\Container\\BoundMethod::call():35}()
#24 C:\\laragon\\www\\500-STAB-WOUNDS\\vendor\\laravel\\framework\\src\\Illuminate\\Container\\BoundMethod.php(96): Illuminate\\Container\\Util::unwrapIfClosure(Object(Closure))
#25 C:\\laragon\\www\\500-STAB-WOUNDS\\vendor\\laravel\\framework\\src\\Illuminate\\Container\\BoundMethod.php(35): Illuminate\\Container\\BoundMethod::callBoundMethod(Object(Illuminate\\Foundation\\Application), Array, Object(Closure))
#26 C:\\laragon\\www\\500-STAB-WOUNDS\\vendor\\laravel\\framework\\src\\Illuminate\\Container\\Container.php(754): Illuminate\\Container\\BoundMethod::call(Object(Illuminate\\Foundation\\Application), Array, Array, NULL)
#27 C:\\laragon\\www\\500-STAB-WOUNDS\\vendor\\laravel\\framework\\src\\Illuminate\\Console\\Command.php(211): Illuminate\\Container\\Container->call(Array)
#28 C:\\laragon\\www\\500-STAB-WOUNDS\\vendor\\symfony\\console\\Command\\Command.php(279): Illuminate\\Console\\Command->execute(Object(Symfony\\Component\\Console\\Input\\ArrayInput), Object(Illuminate\\Console\\OutputStyle))
#29 C:\\laragon\\www\\500-STAB-WOUNDS\\vendor\\laravel\\framework\\src\\Illuminate\\Console\\Command.php(180): Symfony\\Component\\Console\\Command\\Command->run(Object(Symfony\\Component\\Console\\Input\\ArrayInput), Object(Illuminate\\Console\\OutputStyle))
#30 C:\\laragon\\www\\500-STAB-WOUNDS\\vendor\\laravel\\framework\\src\\Illuminate\\Console\\Concerns\\CallsCommands.php(68): Illuminate\\Console\\Command->run(Object(Symfony\\Component\\Console\\Input\\ArrayInput), Object(Illuminate\\Console\\OutputStyle))
#31 C:\\laragon\\www\\500-STAB-WOUNDS\\vendor\\laravel\\framework\\src\\Illuminate\\Console\\Concerns\\CallsCommands.php(29): Illuminate\\Console\\Command->runCommand('migrate', Array, Object(Illuminate\\Console\\OutputStyle))
#32 C:\\laragon\\www\\500-STAB-WOUNDS\\vendor\\laravel\\framework\\src\\Illuminate\\Database\\Console\\Migrations\\FreshCommand.php(81): Illuminate\\Console\\Command->call('migrate', Array)
#33 C:\\laragon\\www\\500-STAB-WOUNDS\\vendor\\laravel\\framework\\src\\Illuminate\\Container\\BoundMethod.php(36): Illuminate\\Database\\Console\\Migrations\\FreshCommand->handle()
#34 C:\\laragon\\www\\500-STAB-WOUNDS\\vendor\\laravel\\framework\\src\\Illuminate\\Container\\Util.php(43): Illuminate\\Container\\BoundMethod::{closure:Illuminate\\Container\\BoundMethod::call():35}()
#35 C:\\laragon\\www\\500-STAB-WOUNDS\\vendor\\laravel\\framework\\src\\Illuminate\\Container\\BoundMethod.php(96): Illuminate\\Container\\Util::unwrapIfClosure(Object(Closure))
#36 C:\\laragon\\www\\500-STAB-WOUNDS\\vendor\\laravel\\framework\\src\\Illuminate\\Container\\BoundMethod.php(35): Illuminate\\Container\\BoundMethod::callBoundMethod(Object(Illuminate\\Foundation\\Application), Array, Object(Closure))
#37 C:\\laragon\\www\\500-STAB-WOUNDS\\vendor\\laravel\\framework\\src\\Illuminate\\Container\\Container.php(754): Illuminate\\Container\\BoundMethod::call(Object(Illuminate\\Foundation\\Application), Array, Array, NULL)
#38 C:\\laragon\\www\\500-STAB-WOUNDS\\vendor\\laravel\\framework\\src\\Illuminate\\Console\\Command.php(211): Illuminate\\Container\\Container->call(Array)
#39 C:\\laragon\\www\\500-STAB-WOUNDS\\vendor\\symfony\\console\\Command\\Command.php(279): Illuminate\\Console\\Command->execute(Object(Symfony\\Component\\Console\\Input\\ArgvInput), Object(Illuminate\\Console\\OutputStyle))
#40 C:\\laragon\\www\\500-STAB-WOUNDS\\vendor\\laravel\\framework\\src\\Illuminate\\Console\\Command.php(180): Symfony\\Component\\Console\\Command\\Command->run(Object(Symfony\\Component\\Console\\Input\\ArgvInput), Object(Illuminate\\Console\\OutputStyle))
#41 C:\\laragon\\www\\500-STAB-WOUNDS\\vendor\\symfony\\console\\Application.php(1094): Illuminate\\Console\\Command->run(Object(Symfony\\Component\\Console\\Input\\ArgvInput), Object(Symfony\\Component\\Console\\Output\\ConsoleOutput))
#42 C:\\laragon\\www\\500-STAB-WOUNDS\\vendor\\symfony\\console\\Application.php(342): Symfony\\Component\\Console\\Application->doRunCommand(Object(Illuminate\\Database\\Console\\Migrations\\FreshCommand), Object(Symfony\\Component\\Console\\Input\\ArgvInput), Object(Symfony\\Component\\Console\\Output\\ConsoleOutput))
#43 C:\\laragon\\www\\500-STAB-WOUNDS\\vendor\\symfony\\console\\Application.php(193): Symfony\\Component\\Console\\Application->doRun(Object(Symfony\\Component\\Console\\Input\\ArgvInput), Object(Symfony\\Component\\Console\\Output\\ConsoleOutput))
#44 C:\\laragon\\www\\500-STAB-WOUNDS\\vendor\\laravel\\framework\\src\\Illuminate\\Foundation\\Console\\Kernel.php(197): Symfony\\Component\\Console\\Application->run(Object(Symfony\\Component\\Console\\Input\\ArgvInput), Object(Symfony\\Component\\Console\\Output\\ConsoleOutput))
#45 C:\\laragon\\www\\500-STAB-WOUNDS\\vendor\\laravel\\framework\\src\\Illuminate\\Foundation\\Application.php(1234): Illuminate\\Foundation\\Console\\Kernel->handle(Object(Symfony\\Component\\Console\\Input\\ArgvInput), Object(Symfony\\Component\\Console\\Output\\ConsoleOutput))
#46 C:\\laragon\\www\\500-STAB-WOUNDS\\artisan(16): Illuminate\\Foundation\\Application->handleCommand(Object(Symfony\\Component\\Console\\Input\\ArgvInput))
#47 {main}
"} 
[2025-05-01 12:26:45] local.ERROR: Target class [Database\Seeders\SalesSeeder] does not exist. {"exception":"[object] (Illuminate\\Contracts\\Container\\BindingResolutionException(code: 0): Target class [Database\\Seeders\\SalesSeeder] does not exist. at C:\\laragon\\www\\500-STAB-WOUNDS\\vendor\\laravel\\framework\\src\\Illuminate\\Container\\Container.php:1019)
[stacktrace]
#0 C:\\laragon\\www\\500-STAB-WOUNDS\\vendor\\laravel\\framework\\src\\Illuminate\\Container\\Container.php(890): Illuminate\\Container\\Container->build('Database\\\\Seeder...')
#1 C:\\laragon\\www\\500-STAB-WOUNDS\\vendor\\laravel\\framework\\src\\Illuminate\\Foundation\\Application.php(1077): Illuminate\\Container\\Container->resolve('Database\\\\Seeder...', Array, true)
#2 C:\\laragon\\www\\500-STAB-WOUNDS\\vendor\\laravel\\framework\\src\\Illuminate\\Container\\Container.php(821): Illuminate\\Foundation\\Application->resolve('Database\\\\Seeder...', Array)
#3 C:\\laragon\\www\\500-STAB-WOUNDS\\vendor\\laravel\\framework\\src\\Illuminate\\Foundation\\Application.php(1057): Illuminate\\Container\\Container->make('Database\\\\Seeder...', Array)
#4 C:\\laragon\\www\\500-STAB-WOUNDS\\vendor\\laravel\\framework\\src\\Illuminate\\Database\\Seeder.php(133): Illuminate\\Foundation\\Application->make('Database\\\\Seeder...')
#5 C:\\laragon\\www\\500-STAB-WOUNDS\\vendor\\laravel\\framework\\src\\Illuminate\\Database\\Seeder.php(48): Illuminate\\Database\\Seeder->resolve('Database\\\\Seeder...')
#6 C:\\laragon\\www\\500-STAB-WOUNDS\\database\\seeders\\DatabaseSeeder.php(18): Illuminate\\Database\\Seeder->call('Database\\\\Seeder...')
#7 C:\\laragon\\www\\500-STAB-WOUNDS\\vendor\\laravel\\framework\\src\\Illuminate\\Container\\BoundMethod.php(36): Database\\Seeders\\DatabaseSeeder->run()
#8 C:\\laragon\\www\\500-STAB-WOUNDS\\vendor\\laravel\\framework\\src\\Illuminate\\Container\\Util.php(43): Illuminate\\Container\\BoundMethod::{closure:Illuminate\\Container\\BoundMethod::call():35}()
#9 C:\\laragon\\www\\500-STAB-WOUNDS\\vendor\\laravel\\framework\\src\\Illuminate\\Container\\BoundMethod.php(96): Illuminate\\Container\\Util::unwrapIfClosure(Object(Closure))
#10 C:\\laragon\\www\\500-STAB-WOUNDS\\vendor\\laravel\\framework\\src\\Illuminate\\Container\\BoundMethod.php(35): Illuminate\\Container\\BoundMethod::callBoundMethod(Object(Illuminate\\Foundation\\Application), Array, Object(Closure))
#11 C:\\laragon\\www\\500-STAB-WOUNDS\\vendor\\laravel\\framework\\src\\Illuminate\\Container\\Container.php(754): Illuminate\\Container\\BoundMethod::call(Object(Illuminate\\Foundation\\Application), Array, Array, NULL)
#12 C:\\laragon\\www\\500-STAB-WOUNDS\\vendor\\laravel\\framework\\src\\Illuminate\\Database\\Seeder.php(188): Illuminate\\Container\\Container->call(Array, Array)
#13 C:\\laragon\\www\\500-STAB-WOUNDS\\vendor\\laravel\\framework\\src\\Illuminate\\Database\\Seeder.php(197): Illuminate\\Database\\Seeder->{closure:Illuminate\\Database\\Seeder::__invoke():187}()
#14 C:\\laragon\\www\\500-STAB-WOUNDS\\vendor\\laravel\\framework\\src\\Illuminate\\Database\\Console\\Seeds\\SeedCommand.php(71): Illuminate\\Database\\Seeder->__invoke()
#15 C:\\laragon\\www\\500-STAB-WOUNDS\\vendor\\laravel\\framework\\src\\Illuminate\\Database\\Eloquent\\Concerns\\GuardsAttributes.php(155): Illuminate\\Database\\Console\\Seeds\\SeedCommand->{closure:Illuminate\\Database\\Console\\Seeds\\SeedCommand::handle():70}()
#16 C:\\laragon\\www\\500-STAB-WOUNDS\\vendor\\laravel\\framework\\src\\Illuminate\\Database\\Console\\Seeds\\SeedCommand.php(70): Illuminate\\Database\\Eloquent\\Model::unguarded(Object(Closure))
#17 C:\\laragon\\www\\500-STAB-WOUNDS\\vendor\\laravel\\framework\\src\\Illuminate\\Container\\BoundMethod.php(36): Illuminate\\Database\\Console\\Seeds\\SeedCommand->handle()
#18 C:\\laragon\\www\\500-STAB-WOUNDS\\vendor\\laravel\\framework\\src\\Illuminate\\Container\\Util.php(43): Illuminate\\Container\\BoundMethod::{closure:Illuminate\\Container\\BoundMethod::call():35}()
#19 C:\\laragon\\www\\500-STAB-WOUNDS\\vendor\\laravel\\framework\\src\\Illuminate\\Container\\BoundMethod.php(96): Illuminate\\Container\\Util::unwrapIfClosure(Object(Closure))
#20 C:\\laragon\\www\\500-STAB-WOUNDS\\vendor\\laravel\\framework\\src\\Illuminate\\Container\\BoundMethod.php(35): Illuminate\\Container\\BoundMethod::callBoundMethod(Object(Illuminate\\Foundation\\Application), Array, Object(Closure))
#21 C:\\laragon\\www\\500-STAB-WOUNDS\\vendor\\laravel\\framework\\src\\Illuminate\\Container\\Container.php(754): Illuminate\\Container\\BoundMethod::call(Object(Illuminate\\Foundation\\Application), Array, Array, NULL)
#22 C:\\laragon\\www\\500-STAB-WOUNDS\\vendor\\laravel\\framework\\src\\Illuminate\\Console\\Command.php(211): Illuminate\\Container\\Container->call(Array)
#23 C:\\laragon\\www\\500-STAB-WOUNDS\\vendor\\symfony\\console\\Command\\Command.php(279): Illuminate\\Console\\Command->execute(Object(Symfony\\Component\\Console\\Input\\ArgvInput), Object(Illuminate\\Console\\OutputStyle))
#24 C:\\laragon\\www\\500-STAB-WOUNDS\\vendor\\laravel\\framework\\src\\Illuminate\\Console\\Command.php(180): Symfony\\Component\\Console\\Command\\Command->run(Object(Symfony\\Component\\Console\\Input\\ArgvInput), Object(Illuminate\\Console\\OutputStyle))
#25 C:\\laragon\\www\\500-STAB-WOUNDS\\vendor\\symfony\\console\\Application.php(1094): Illuminate\\Console\\Command->run(Object(Symfony\\Component\\Console\\Input\\ArgvInput), Object(Symfony\\Component\\Console\\Output\\ConsoleOutput))
#26 C:\\laragon\\www\\500-STAB-WOUNDS\\vendor\\symfony\\console\\Application.php(342): Symfony\\Component\\Console\\Application->doRunCommand(Object(Illuminate\\Database\\Console\\Seeds\\SeedCommand), Object(Symfony\\Component\\Console\\Input\\ArgvInput), Object(Symfony\\Component\\Console\\Output\\ConsoleOutput))
#27 C:\\laragon\\www\\500-STAB-WOUNDS\\vendor\\symfony\\console\\Application.php(193): Symfony\\Component\\Console\\Application->doRun(Object(Symfony\\Component\\Console\\Input\\ArgvInput), Object(Symfony\\Component\\Console\\Output\\ConsoleOutput))
#28 C:\\laragon\\www\\500-STAB-WOUNDS\\vendor\\laravel\\framework\\src\\Illuminate\\Foundation\\Console\\Kernel.php(197): Symfony\\Component\\Console\\Application->run(Object(Symfony\\Component\\Console\\Input\\ArgvInput), Object(Symfony\\Component\\Console\\Output\\ConsoleOutput))
#29 C:\\laragon\\www\\500-STAB-WOUNDS\\vendor\\laravel\\framework\\src\\Illuminate\\Foundation\\Application.php(1234): Illuminate\\Foundation\\Console\\Kernel->handle(Object(Symfony\\Component\\Console\\Input\\ArgvInput), Object(Symfony\\Component\\Console\\Output\\ConsoleOutput))
#30 C:\\laragon\\www\\500-STAB-WOUNDS\\artisan(16): Illuminate\\Foundation\\Application->handleCommand(Object(Symfony\\Component\\Console\\Input\\ArgvInput))
#31 {main}

[previous exception] [object] (ReflectionException(code: -1): Class \"Database\\Seeders\\SalesSeeder\" does not exist at C:\\laragon\\www\\500-STAB-WOUNDS\\vendor\\laravel\\framework\\src\\Illuminate\\Container\\Container.php:1017)
[stacktrace]
#0 C:\\laragon\\www\\500-STAB-WOUNDS\\vendor\\laravel\\framework\\src\\Illuminate\\Container\\Container.php(1017): ReflectionClass->__construct('Database\\\\Seeder...')
#1 C:\\laragon\\www\\500-STAB-WOUNDS\\vendor\\laravel\\framework\\src\\Illuminate\\Container\\Container.php(890): Illuminate\\Container\\Container->build('Database\\\\Seeder...')
#2 C:\\laragon\\www\\500-STAB-WOUNDS\\vendor\\laravel\\framework\\src\\Illuminate\\Foundation\\Application.php(1077): Illuminate\\Container\\Container->resolve('Database\\\\Seeder...', Array, true)
#3 C:\\laragon\\www\\500-STAB-WOUNDS\\vendor\\laravel\\framework\\src\\Illuminate\\Container\\Container.php(821): Illuminate\\Foundation\\Application->resolve('Database\\\\Seeder...', Array)
#4 C:\\laragon\\www\\500-STAB-WOUNDS\\vendor\\laravel\\framework\\src\\Illuminate\\Foundation\\Application.php(1057): Illuminate\\Container\\Container->make('Database\\\\Seeder...', Array)
#5 C:\\laragon\\www\\500-STAB-WOUNDS\\vendor\\laravel\\framework\\src\\Illuminate\\Database\\Seeder.php(133): Illuminate\\Foundation\\Application->make('Database\\\\Seeder...')
#6 C:\\laragon\\www\\500-STAB-WOUNDS\\vendor\\laravel\\framework\\src\\Illuminate\\Database\\Seeder.php(48): Illuminate\\Database\\Seeder->resolve('Database\\\\Seeder...')
#7 C:\\laragon\\www\\500-STAB-WOUNDS\\database\\seeders\\DatabaseSeeder.php(18): Illuminate\\Database\\Seeder->call('Database\\\\Seeder...')
#8 C:\\laragon\\www\\500-STAB-WOUNDS\\vendor\\laravel\\framework\\src\\Illuminate\\Container\\BoundMethod.php(36): Database\\Seeders\\DatabaseSeeder->run()
#9 C:\\laragon\\www\\500-STAB-WOUNDS\\vendor\\laravel\\framework\\src\\Illuminate\\Container\\Util.php(43): Illuminate\\Container\\BoundMethod::{closure:Illuminate\\Container\\BoundMethod::call():35}()
#10 C:\\laragon\\www\\500-STAB-WOUNDS\\vendor\\laravel\\framework\\src\\Illuminate\\Container\\BoundMethod.php(96): Illuminate\\Container\\Util::unwrapIfClosure(Object(Closure))
#11 C:\\laragon\\www\\500-STAB-WOUNDS\\vendor\\laravel\\framework\\src\\Illuminate\\Container\\BoundMethod.php(35): Illuminate\\Container\\BoundMethod::callBoundMethod(Object(Illuminate\\Foundation\\Application), Array, Object(Closure))
#12 C:\\laragon\\www\\500-STAB-WOUNDS\\vendor\\laravel\\framework\\src\\Illuminate\\Container\\Container.php(754): Illuminate\\Container\\BoundMethod::call(Object(Illuminate\\Foundation\\Application), Array, Array, NULL)
#13 C:\\laragon\\www\\500-STAB-WOUNDS\\vendor\\laravel\\framework\\src\\Illuminate\\Database\\Seeder.php(188): Illuminate\\Container\\Container->call(Array, Array)
#14 C:\\laragon\\www\\500-STAB-WOUNDS\\vendor\\laravel\\framework\\src\\Illuminate\\Database\\Seeder.php(197): Illuminate\\Database\\Seeder->{closure:Illuminate\\Database\\Seeder::__invoke():187}()
#15 C:\\laragon\\www\\500-STAB-WOUNDS\\vendor\\laravel\\framework\\src\\Illuminate\\Database\\Console\\Seeds\\SeedCommand.php(71): Illuminate\\Database\\Seeder->__invoke()
#16 C:\\laragon\\www\\500-STAB-WOUNDS\\vendor\\laravel\\framework\\src\\Illuminate\\Database\\Eloquent\\Concerns\\GuardsAttributes.php(155): Illuminate\\Database\\Console\\Seeds\\SeedCommand->{closure:Illuminate\\Database\\Console\\Seeds\\SeedCommand::handle():70}()
#17 C:\\laragon\\www\\500-STAB-WOUNDS\\vendor\\laravel\\framework\\src\\Illuminate\\Database\\Console\\Seeds\\SeedCommand.php(70): Illuminate\\Database\\Eloquent\\Model::unguarded(Object(Closure))
#18 C:\\laragon\\www\\500-STAB-WOUNDS\\vendor\\laravel\\framework\\src\\Illuminate\\Container\\BoundMethod.php(36): Illuminate\\Database\\Console\\Seeds\\SeedCommand->handle()
#19 C:\\laragon\\www\\500-STAB-WOUNDS\\vendor\\laravel\\framework\\src\\Illuminate\\Container\\Util.php(43): Illuminate\\Container\\BoundMethod::{closure:Illuminate\\Container\\BoundMethod::call():35}()
#20 C:\\laragon\\www\\500-STAB-WOUNDS\\vendor\\laravel\\framework\\src\\Illuminate\\Container\\BoundMethod.php(96): Illuminate\\Container\\Util::unwrapIfClosure(Object(Closure))
#21 C:\\laragon\\www\\500-STAB-WOUNDS\\vendor\\laravel\\framework\\src\\Illuminate\\Container\\BoundMethod.php(35): Illuminate\\Container\\BoundMethod::callBoundMethod(Object(Illuminate\\Foundation\\Application), Array, Object(Closure))
#22 C:\\laragon\\www\\500-STAB-WOUNDS\\vendor\\laravel\\framework\\src\\Illuminate\\Container\\Container.php(754): Illuminate\\Container\\BoundMethod::call(Object(Illuminate\\Foundation\\Application), Array, Array, NULL)
#23 C:\\laragon\\www\\500-STAB-WOUNDS\\vendor\\laravel\\framework\\src\\Illuminate\\Console\\Command.php(211): Illuminate\\Container\\Container->call(Array)
#24 C:\\laragon\\www\\500-STAB-WOUNDS\\vendor\\symfony\\console\\Command\\Command.php(279): Illuminate\\Console\\Command->execute(Object(Symfony\\Component\\Console\\Input\\ArgvInput), Object(Illuminate\\Console\\OutputStyle))
#25 C:\\laragon\\www\\500-STAB-WOUNDS\\vendor\\laravel\\framework\\src\\Illuminate\\Console\\Command.php(180): Symfony\\Component\\Console\\Command\\Command->run(Object(Symfony\\Component\\Console\\Input\\ArgvInput), Object(Illuminate\\Console\\OutputStyle))
#26 C:\\laragon\\www\\500-STAB-WOUNDS\\vendor\\symfony\\console\\Application.php(1094): Illuminate\\Console\\Command->run(Object(Symfony\\Component\\Console\\Input\\ArgvInput), Object(Symfony\\Component\\Console\\Output\\ConsoleOutput))
#27 C:\\laragon\\www\\500-STAB-WOUNDS\\vendor\\symfony\\console\\Application.php(342): Symfony\\Component\\Console\\Application->doRunCommand(Object(Illuminate\\Database\\Console\\Seeds\\SeedCommand), Object(Symfony\\Component\\Console\\Input\\ArgvInput), Object(Symfony\\Component\\Console\\Output\\ConsoleOutput))
#28 C:\\laragon\\www\\500-STAB-WOUNDS\\vendor\\symfony\\console\\Application.php(193): Symfony\\Component\\Console\\Application->doRun(Object(Symfony\\Component\\Console\\Input\\ArgvInput), Object(Symfony\\Component\\Console\\Output\\ConsoleOutput))
#29 C:\\laragon\\www\\500-STAB-WOUNDS\\vendor\\laravel\\framework\\src\\Illuminate\\Foundation\\Console\\Kernel.php(197): Symfony\\Component\\Console\\Application->run(Object(Symfony\\Component\\Console\\Input\\ArgvInput), Object(Symfony\\Component\\Console\\Output\\ConsoleOutput))
#30 C:\\laragon\\www\\500-STAB-WOUNDS\\vendor\\laravel\\framework\\src\\Illuminate\\Foundation\\Application.php(1234): Illuminate\\Foundation\\Console\\Kernel->handle(Object(Symfony\\Component\\Console\\Input\\ArgvInput), Object(Symfony\\Component\\Console\\Output\\ConsoleOutput))
#31 C:\\laragon\\www\\500-STAB-WOUNDS\\artisan(16): Illuminate\\Foundation\\Application->handleCommand(Object(Symfony\\Component\\Console\\Input\\ArgvInput))
#32 {main}
"} 
[2025-05-01 12:29:02] local.ERROR: SQLSTATE[23000]: Integrity constraint violation: 1062 Duplicate entry 'test@example.com' for key 'users.users_email_unique' (Connection: mysql, SQL: insert into `users` (`name`, `email`, `email_verified_at`, `password`, `remember_token`, `updated_at`, `created_at`) values (Test User, test@example.com, 2025-05-01 12:29:02, $2y$12$dVQLkqJXTrwvnPZJJoE/6Oltjakdwwmopmvl/r6jCi8c5Uk1.9Coa, THzyVDYrjF, 2025-05-01 12:29:02, 2025-05-01 12:29:02)) {"exception":"[object] (Illuminate\\Database\\UniqueConstraintViolationException(code: 23000): SQLSTATE[23000]: Integrity constraint violation: 1062 Duplicate entry 'test@example.com' for key 'users.users_email_unique' (Connection: mysql, SQL: insert into `users` (`name`, `email`, `email_verified_at`, `password`, `remember_token`, `updated_at`, `created_at`) values (Test User, test@example.com, 2025-05-01 12:29:02, $2y$12$dVQLkqJXTrwvnPZJJoE/6Oltjakdwwmopmvl/r6jCi8c5Uk1.9Coa, THzyVDYrjF, 2025-05-01 12:29:02, 2025-05-01 12:29:02)) at C:\\laragon\\www\\500-STAB-WOUNDS\\vendor\\laravel\\framework\\src\\Illuminate\\Database\\Connection.php:817)
[stacktrace]
#0 C:\\laragon\\www\\500-STAB-WOUNDS\\vendor\\laravel\\framework\\src\\Illuminate\\Database\\Connection.php(776): Illuminate\\Database\\Connection->runQueryCallback('insert into `us...', Array, Object(Closure))
#1 C:\\laragon\\www\\500-STAB-WOUNDS\\vendor\\laravel\\framework\\src\\Illuminate\\Database\\MySqlConnection.php(42): Illuminate\\Database\\Connection->run('insert into `us...', Array, Object(Closure))
#2 C:\\laragon\\www\\500-STAB-WOUNDS\\vendor\\laravel\\framework\\src\\Illuminate\\Database\\Query\\Processors\\MySqlProcessor.php(35): Illuminate\\Database\\MySqlConnection->insert('insert into `us...', Array, 'id')
#3 C:\\laragon\\www\\500-STAB-WOUNDS\\vendor\\laravel\\framework\\src\\Illuminate\\Database\\Query\\Builder.php(3779): Illuminate\\Database\\Query\\Processors\\MySqlProcessor->processInsertGetId(Object(Illuminate\\Database\\Query\\Builder), 'insert into `us...', Array, 'id')
#4 C:\\laragon\\www\\500-STAB-WOUNDS\\vendor\\laravel\\framework\\src\\Illuminate\\Database\\Eloquent\\Builder.php(2204): Illuminate\\Database\\Query\\Builder->insertGetId(Array, 'id')
#5 C:\\laragon\\www\\500-STAB-WOUNDS\\vendor\\laravel\\framework\\src\\Illuminate\\Database\\Eloquent\\Model.php(1408): Illuminate\\Database\\Eloquent\\Builder->__call('insertGetId', Array)
#6 C:\\laragon\\www\\500-STAB-WOUNDS\\vendor\\laravel\\framework\\src\\Illuminate\\Database\\Eloquent\\Model.php(1373): Illuminate\\Database\\Eloquent\\Model->insertAndSetId(Object(Illuminate\\Database\\Eloquent\\Builder), Array)
#7 C:\\laragon\\www\\500-STAB-WOUNDS\\vendor\\laravel\\framework\\src\\Illuminate\\Database\\Eloquent\\Model.php(1212): Illuminate\\Database\\Eloquent\\Model->performInsert(Object(Illuminate\\Database\\Eloquent\\Builder))
#8 C:\\laragon\\www\\500-STAB-WOUNDS\\vendor\\laravel\\framework\\src\\Illuminate\\Database\\Eloquent\\Factories\\Factory.php(351): Illuminate\\Database\\Eloquent\\Model->save()
#9 C:\\laragon\\www\\500-STAB-WOUNDS\\vendor\\laravel\\framework\\src\\Illuminate\\Collections\\Traits\\EnumeratesValues.php(274): Illuminate\\Database\\Eloquent\\Factories\\Factory->{closure:Illuminate\\Database\\Eloquent\\Factories\\Factory::store():346}(Object(App\\Models\\User), 0)
#10 C:\\laragon\\www\\500-STAB-WOUNDS\\vendor\\laravel\\framework\\src\\Illuminate\\Database\\Eloquent\\Factories\\Factory.php(346): Illuminate\\Support\\Collection->each(Object(Closure))
#11 C:\\laragon\\www\\500-STAB-WOUNDS\\vendor\\laravel\\framework\\src\\Illuminate\\Database\\Eloquent\\Factories\\Factory.php(302): Illuminate\\Database\\Eloquent\\Factories\\Factory->store(Object(Illuminate\\Support\\Collection))
#12 C:\\laragon\\www\\500-STAB-WOUNDS\\vendor\\laravel\\framework\\src\\Illuminate\\Database\\Eloquent\\Factories\\Factory.php(296): Illuminate\\Database\\Eloquent\\Factories\\Factory->create(Array, NULL)
#13 C:\\laragon\\www\\500-STAB-WOUNDS\\database\\seeders\\DatabaseSeeder.php(13): Illuminate\\Database\\Eloquent\\Factories\\Factory->create(Array)
#14 C:\\laragon\\www\\500-STAB-WOUNDS\\vendor\\laravel\\framework\\src\\Illuminate\\Container\\BoundMethod.php(36): Database\\Seeders\\DatabaseSeeder->run()
#15 C:\\laragon\\www\\500-STAB-WOUNDS\\vendor\\laravel\\framework\\src\\Illuminate\\Container\\Util.php(43): Illuminate\\Container\\BoundMethod::{closure:Illuminate\\Container\\BoundMethod::call():35}()
#16 C:\\laragon\\www\\500-STAB-WOUNDS\\vendor\\laravel\\framework\\src\\Illuminate\\Container\\BoundMethod.php(96): Illuminate\\Container\\Util::unwrapIfClosure(Object(Closure))
#17 C:\\laragon\\www\\500-STAB-WOUNDS\\vendor\\laravel\\framework\\src\\Illuminate\\Container\\BoundMethod.php(35): Illuminate\\Container\\BoundMethod::callBoundMethod(Object(Illuminate\\Foundation\\Application), Array, Object(Closure))
#18 C:\\laragon\\www\\500-STAB-WOUNDS\\vendor\\laravel\\framework\\src\\Illuminate\\Container\\Container.php(754): Illuminate\\Container\\BoundMethod::call(Object(Illuminate\\Foundation\\Application), Array, Array, NULL)
#19 C:\\laragon\\www\\500-STAB-WOUNDS\\vendor\\laravel\\framework\\src\\Illuminate\\Database\\Seeder.php(188): Illuminate\\Container\\Container->call(Array, Array)
#20 C:\\laragon\\www\\500-STAB-WOUNDS\\vendor\\laravel\\framework\\src\\Illuminate\\Database\\Seeder.php(197): Illuminate\\Database\\Seeder->{closure:Illuminate\\Database\\Seeder::__invoke():187}()
#21 C:\\laragon\\www\\500-STAB-WOUNDS\\vendor\\laravel\\framework\\src\\Illuminate\\Database\\Console\\Seeds\\SeedCommand.php(71): Illuminate\\Database\\Seeder->__invoke()
#22 C:\\laragon\\www\\500-STAB-WOUNDS\\vendor\\laravel\\framework\\src\\Illuminate\\Database\\Eloquent\\Concerns\\GuardsAttributes.php(155): Illuminate\\Database\\Console\\Seeds\\SeedCommand->{closure:Illuminate\\Database\\Console\\Seeds\\SeedCommand::handle():70}()
#23 C:\\laragon\\www\\500-STAB-WOUNDS\\vendor\\laravel\\framework\\src\\Illuminate\\Database\\Console\\Seeds\\SeedCommand.php(70): Illuminate\\Database\\Eloquent\\Model::unguarded(Object(Closure))
#24 C:\\laragon\\www\\500-STAB-WOUNDS\\vendor\\laravel\\framework\\src\\Illuminate\\Container\\BoundMethod.php(36): Illuminate\\Database\\Console\\Seeds\\SeedCommand->handle()
#25 C:\\laragon\\www\\500-STAB-WOUNDS\\vendor\\laravel\\framework\\src\\Illuminate\\Container\\Util.php(43): Illuminate\\Container\\BoundMethod::{closure:Illuminate\\Container\\BoundMethod::call():35}()
#26 C:\\laragon\\www\\500-STAB-WOUNDS\\vendor\\laravel\\framework\\src\\Illuminate\\Container\\BoundMethod.php(96): Illuminate\\Container\\Util::unwrapIfClosure(Object(Closure))
#27 C:\\laragon\\www\\500-STAB-WOUNDS\\vendor\\laravel\\framework\\src\\Illuminate\\Container\\BoundMethod.php(35): Illuminate\\Container\\BoundMethod::callBoundMethod(Object(Illuminate\\Foundation\\Application), Array, Object(Closure))
#28 C:\\laragon\\www\\500-STAB-WOUNDS\\vendor\\laravel\\framework\\src\\Illuminate\\Container\\Container.php(754): Illuminate\\Container\\BoundMethod::call(Object(Illuminate\\Foundation\\Application), Array, Array, NULL)
#29 C:\\laragon\\www\\500-STAB-WOUNDS\\vendor\\laravel\\framework\\src\\Illuminate\\Console\\Command.php(211): Illuminate\\Container\\Container->call(Array)
#30 C:\\laragon\\www\\500-STAB-WOUNDS\\vendor\\symfony\\console\\Command\\Command.php(279): Illuminate\\Console\\Command->execute(Object(Symfony\\Component\\Console\\Input\\ArgvInput), Object(Illuminate\\Console\\OutputStyle))
#31 C:\\laragon\\www\\500-STAB-WOUNDS\\vendor\\laravel\\framework\\src\\Illuminate\\Console\\Command.php(180): Symfony\\Component\\Console\\Command\\Command->run(Object(Symfony\\Component\\Console\\Input\\ArgvInput), Object(Illuminate\\Console\\OutputStyle))
#32 C:\\laragon\\www\\500-STAB-WOUNDS\\vendor\\symfony\\console\\Application.php(1094): Illuminate\\Console\\Command->run(Object(Symfony\\Component\\Console\\Input\\ArgvInput), Object(Symfony\\Component\\Console\\Output\\ConsoleOutput))
#33 C:\\laragon\\www\\500-STAB-WOUNDS\\vendor\\symfony\\console\\Application.php(342): Symfony\\Component\\Console\\Application->doRunCommand(Object(Illuminate\\Database\\Console\\Seeds\\SeedCommand), Object(Symfony\\Component\\Console\\Input\\ArgvInput), Object(Symfony\\Component\\Console\\Output\\ConsoleOutput))
#34 C:\\laragon\\www\\500-STAB-WOUNDS\\vendor\\symfony\\console\\Application.php(193): Symfony\\Component\\Console\\Application->doRun(Object(Symfony\\Component\\Console\\Input\\ArgvInput), Object(Symfony\\Component\\Console\\Output\\ConsoleOutput))
#35 C:\\laragon\\www\\500-STAB-WOUNDS\\vendor\\laravel\\framework\\src\\Illuminate\\Foundation\\Console\\Kernel.php(197): Symfony\\Component\\Console\\Application->run(Object(Symfony\\Component\\Console\\Input\\ArgvInput), Object(Symfony\\Component\\Console\\Output\\ConsoleOutput))
#36 C:\\laragon\\www\\500-STAB-WOUNDS\\vendor\\laravel\\framework\\src\\Illuminate\\Foundation\\Application.php(1234): Illuminate\\Foundation\\Console\\Kernel->handle(Object(Symfony\\Component\\Console\\Input\\ArgvInput), Object(Symfony\\Component\\Console\\Output\\ConsoleOutput))
#37 C:\\laragon\\www\\500-STAB-WOUNDS\\artisan(16): Illuminate\\Foundation\\Application->handleCommand(Object(Symfony\\Component\\Console\\Input\\ArgvInput))
#38 {main}

[previous exception] [object] (PDOException(code: 23000): SQLSTATE[23000]: Integrity constraint violation: 1062 Duplicate entry 'test@example.com' for key 'users.users_email_unique' at C:\\laragon\\www\\500-STAB-WOUNDS\\vendor\\laravel\\framework\\src\\Illuminate\\Database\\MySqlConnection.php:53)
[stacktrace]
#0 C:\\laragon\\www\\500-STAB-WOUNDS\\vendor\\laravel\\framework\\src\\Illuminate\\Database\\MySqlConnection.php(53): PDOStatement->execute()
#1 C:\\laragon\\www\\500-STAB-WOUNDS\\vendor\\laravel\\framework\\src\\Illuminate\\Database\\Connection.php(809): Illuminate\\Database\\MySqlConnection->{closure:Illuminate\\Database\\MySqlConnection::insert():42}('insert into `us...', Array)
#2 C:\\laragon\\www\\500-STAB-WOUNDS\\vendor\\laravel\\framework\\src\\Illuminate\\Database\\Connection.php(776): Illuminate\\Database\\Connection->runQueryCallback('insert into `us...', Array, Object(Closure))
#3 C:\\laragon\\www\\500-STAB-WOUNDS\\vendor\\laravel\\framework\\src\\Illuminate\\Database\\MySqlConnection.php(42): Illuminate\\Database\\Connection->run('insert into `us...', Array, Object(Closure))
#4 C:\\laragon\\www\\500-STAB-WOUNDS\\vendor\\laravel\\framework\\src\\Illuminate\\Database\\Query\\Processors\\MySqlProcessor.php(35): Illuminate\\Database\\MySqlConnection->insert('insert into `us...', Array, 'id')
#5 C:\\laragon\\www\\500-STAB-WOUNDS\\vendor\\laravel\\framework\\src\\Illuminate\\Database\\Query\\Builder.php(3779): Illuminate\\Database\\Query\\Processors\\MySqlProcessor->processInsertGetId(Object(Illuminate\\Database\\Query\\Builder), 'insert into `us...', Array, 'id')
#6 C:\\laragon\\www\\500-STAB-WOUNDS\\vendor\\laravel\\framework\\src\\Illuminate\\Database\\Eloquent\\Builder.php(2204): Illuminate\\Database\\Query\\Builder->insertGetId(Array, 'id')
#7 C:\\laragon\\www\\500-STAB-WOUNDS\\vendor\\laravel\\framework\\src\\Illuminate\\Database\\Eloquent\\Model.php(1408): Illuminate\\Database\\Eloquent\\Builder->__call('insertGetId', Array)
#8 C:\\laragon\\www\\500-STAB-WOUNDS\\vendor\\laravel\\framework\\src\\Illuminate\\Database\\Eloquent\\Model.php(1373): Illuminate\\Database\\Eloquent\\Model->insertAndSetId(Object(Illuminate\\Database\\Eloquent\\Builder), Array)
#9 C:\\laragon\\www\\500-STAB-WOUNDS\\vendor\\laravel\\framework\\src\\Illuminate\\Database\\Eloquent\\Model.php(1212): Illuminate\\Database\\Eloquent\\Model->performInsert(Object(Illuminate\\Database\\Eloquent\\Builder))
#10 C:\\laragon\\www\\500-STAB-WOUNDS\\vendor\\laravel\\framework\\src\\Illuminate\\Database\\Eloquent\\Factories\\Factory.php(351): Illuminate\\Database\\Eloquent\\Model->save()
#11 C:\\laragon\\www\\500-STAB-WOUNDS\\vendor\\laravel\\framework\\src\\Illuminate\\Collections\\Traits\\EnumeratesValues.php(274): Illuminate\\Database\\Eloquent\\Factories\\Factory->{closure:Illuminate\\Database\\Eloquent\\Factories\\Factory::store():346}(Object(App\\Models\\User), 0)
#12 C:\\laragon\\www\\500-STAB-WOUNDS\\vendor\\laravel\\framework\\src\\Illuminate\\Database\\Eloquent\\Factories\\Factory.php(346): Illuminate\\Support\\Collection->each(Object(Closure))
#13 C:\\laragon\\www\\500-STAB-WOUNDS\\vendor\\laravel\\framework\\src\\Illuminate\\Database\\Eloquent\\Factories\\Factory.php(302): Illuminate\\Database\\Eloquent\\Factories\\Factory->store(Object(Illuminate\\Support\\Collection))
#14 C:\\laragon\\www\\500-STAB-WOUNDS\\vendor\\laravel\\framework\\src\\Illuminate\\Database\\Eloquent\\Factories\\Factory.php(296): Illuminate\\Database\\Eloquent\\Factories\\Factory->create(Array, NULL)
#15 C:\\laragon\\www\\500-STAB-WOUNDS\\database\\seeders\\DatabaseSeeder.php(13): Illuminate\\Database\\Eloquent\\Factories\\Factory->create(Array)
#16 C:\\laragon\\www\\500-STAB-WOUNDS\\vendor\\laravel\\framework\\src\\Illuminate\\Container\\BoundMethod.php(36): Database\\Seeders\\DatabaseSeeder->run()
#17 C:\\laragon\\www\\500-STAB-WOUNDS\\vendor\\laravel\\framework\\src\\Illuminate\\Container\\Util.php(43): Illuminate\\Container\\BoundMethod::{closure:Illuminate\\Container\\BoundMethod::call():35}()
#18 C:\\laragon\\www\\500-STAB-WOUNDS\\vendor\\laravel\\framework\\src\\Illuminate\\Container\\BoundMethod.php(96): Illuminate\\Container\\Util::unwrapIfClosure(Object(Closure))
#19 C:\\laragon\\www\\500-STAB-WOUNDS\\vendor\\laravel\\framework\\src\\Illuminate\\Container\\BoundMethod.php(35): Illuminate\\Container\\BoundMethod::callBoundMethod(Object(Illuminate\\Foundation\\Application), Array, Object(Closure))
#20 C:\\laragon\\www\\500-STAB-WOUNDS\\vendor\\laravel\\framework\\src\\Illuminate\\Container\\Container.php(754): Illuminate\\Container\\BoundMethod::call(Object(Illuminate\\Foundation\\Application), Array, Array, NULL)
#21 C:\\laragon\\www\\500-STAB-WOUNDS\\vendor\\laravel\\framework\\src\\Illuminate\\Database\\Seeder.php(188): Illuminate\\Container\\Container->call(Array, Array)
#22 C:\\laragon\\www\\500-STAB-WOUNDS\\vendor\\laravel\\framework\\src\\Illuminate\\Database\\Seeder.php(197): Illuminate\\Database\\Seeder->{closure:Illuminate\\Database\\Seeder::__invoke():187}()
#23 C:\\laragon\\www\\500-STAB-WOUNDS\\vendor\\laravel\\framework\\src\\Illuminate\\Database\\Console\\Seeds\\SeedCommand.php(71): Illuminate\\Database\\Seeder->__invoke()
#24 C:\\laragon\\www\\500-STAB-WOUNDS\\vendor\\laravel\\framework\\src\\Illuminate\\Database\\Eloquent\\Concerns\\GuardsAttributes.php(155): Illuminate\\Database\\Console\\Seeds\\SeedCommand->{closure:Illuminate\\Database\\Console\\Seeds\\SeedCommand::handle():70}()
#25 C:\\laragon\\www\\500-STAB-WOUNDS\\vendor\\laravel\\framework\\src\\Illuminate\\Database\\Console\\Seeds\\SeedCommand.php(70): Illuminate\\Database\\Eloquent\\Model::unguarded(Object(Closure))
#26 C:\\laragon\\www\\500-STAB-WOUNDS\\vendor\\laravel\\framework\\src\\Illuminate\\Container\\BoundMethod.php(36): Illuminate\\Database\\Console\\Seeds\\SeedCommand->handle()
#27 C:\\laragon\\www\\500-STAB-WOUNDS\\vendor\\laravel\\framework\\src\\Illuminate\\Container\\Util.php(43): Illuminate\\Container\\BoundMethod::{closure:Illuminate\\Container\\BoundMethod::call():35}()
#28 C:\\laragon\\www\\500-STAB-WOUNDS\\vendor\\laravel\\framework\\src\\Illuminate\\Container\\BoundMethod.php(96): Illuminate\\Container\\Util::unwrapIfClosure(Object(Closure))
#29 C:\\laragon\\www\\500-STAB-WOUNDS\\vendor\\laravel\\framework\\src\\Illuminate\\Container\\BoundMethod.php(35): Illuminate\\Container\\BoundMethod::callBoundMethod(Object(Illuminate\\Foundation\\Application), Array, Object(Closure))
#30 C:\\laragon\\www\\500-STAB-WOUNDS\\vendor\\laravel\\framework\\src\\Illuminate\\Container\\Container.php(754): Illuminate\\Container\\BoundMethod::call(Object(Illuminate\\Foundation\\Application), Array, Array, NULL)
#31 C:\\laragon\\www\\500-STAB-WOUNDS\\vendor\\laravel\\framework\\src\\Illuminate\\Console\\Command.php(211): Illuminate\\Container\\Container->call(Array)
#32 C:\\laragon\\www\\500-STAB-WOUNDS\\vendor\\symfony\\console\\Command\\Command.php(279): Illuminate\\Console\\Command->execute(Object(Symfony\\Component\\Console\\Input\\ArgvInput), Object(Illuminate\\Console\\OutputStyle))
#33 C:\\laragon\\www\\500-STAB-WOUNDS\\vendor\\laravel\\framework\\src\\Illuminate\\Console\\Command.php(180): Symfony\\Component\\Console\\Command\\Command->run(Object(Symfony\\Component\\Console\\Input\\ArgvInput), Object(Illuminate\\Console\\OutputStyle))
#34 C:\\laragon\\www\\500-STAB-WOUNDS\\vendor\\symfony\\console\\Application.php(1094): Illuminate\\Console\\Command->run(Object(Symfony\\Component\\Console\\Input\\ArgvInput), Object(Symfony\\Component\\Console\\Output\\ConsoleOutput))
#35 C:\\laragon\\www\\500-STAB-WOUNDS\\vendor\\symfony\\console\\Application.php(342): Symfony\\Component\\Console\\Application->doRunCommand(Object(Illuminate\\Database\\Console\\Seeds\\SeedCommand), Object(Symfony\\Component\\Console\\Input\\ArgvInput), Object(Symfony\\Component\\Console\\Output\\ConsoleOutput))
#36 C:\\laragon\\www\\500-STAB-WOUNDS\\vendor\\symfony\\console\\Application.php(193): Symfony\\Component\\Console\\Application->doRun(Object(Symfony\\Component\\Console\\Input\\ArgvInput), Object(Symfony\\Component\\Console\\Output\\ConsoleOutput))
#37 C:\\laragon\\www\\500-STAB-WOUNDS\\vendor\\laravel\\framework\\src\\Illuminate\\Foundation\\Console\\Kernel.php(197): Symfony\\Component\\Console\\Application->run(Object(Symfony\\Component\\Console\\Input\\ArgvInput), Object(Symfony\\Component\\Console\\Output\\ConsoleOutput))
#38 C:\\laragon\\www\\500-STAB-WOUNDS\\vendor\\laravel\\framework\\src\\Illuminate\\Foundation\\Application.php(1234): Illuminate\\Foundation\\Console\\Kernel->handle(Object(Symfony\\Component\\Console\\Input\\ArgvInput), Object(Symfony\\Component\\Console\\Output\\ConsoleOutput))
#39 C:\\laragon\\www\\500-STAB-WOUNDS\\artisan(16): Illuminate\\Foundation\\Application->handleCommand(Object(Symfony\\Component\\Console\\Input\\ArgvInput))
#40 {main}
"} 
[2025-05-01 12:30:06] local.ERROR: Class "Seeder" not found {"exception":"[object] (Error(code: 0): Class \"Seeder\" not found at C:\\laragon\\www\\500-STAB-WOUNDS\\database\\seeders\\SalesSeeder.php:10)
[stacktrace]
#0 C:\\laragon\\www\\500-STAB-WOUNDS\\vendor\\composer\\ClassLoader.php(571): include()
#1 C:\\laragon\\www\\500-STAB-WOUNDS\\vendor\\composer\\ClassLoader.php(428): Composer\\Autoload\\includeFile('C:\\\\laragon\\\\www\\\\...')
#2 [internal function]: Composer\\Autoload\\ClassLoader->loadClass('Database\\\\Seeder...')
#3 C:\\laragon\\www\\500-STAB-WOUNDS\\vendor\\laravel\\framework\\src\\Illuminate\\Container\\Container.php(1017): ReflectionClass->__construct('Database\\\\Seeder...')
#4 C:\\laragon\\www\\500-STAB-WOUNDS\\vendor\\laravel\\framework\\src\\Illuminate\\Container\\Container.php(890): Illuminate\\Container\\Container->build('Database\\\\Seeder...')
#5 C:\\laragon\\www\\500-STAB-WOUNDS\\vendor\\laravel\\framework\\src\\Illuminate\\Foundation\\Application.php(1077): Illuminate\\Container\\Container->resolve('Database\\\\Seeder...', Array, true)
#6 C:\\laragon\\www\\500-STAB-WOUNDS\\vendor\\laravel\\framework\\src\\Illuminate\\Container\\Container.php(821): Illuminate\\Foundation\\Application->resolve('Database\\\\Seeder...', Array)
#7 C:\\laragon\\www\\500-STAB-WOUNDS\\vendor\\laravel\\framework\\src\\Illuminate\\Foundation\\Application.php(1057): Illuminate\\Container\\Container->make('Database\\\\Seeder...', Array)
#8 C:\\laragon\\www\\500-STAB-WOUNDS\\vendor\\laravel\\framework\\src\\Illuminate\\Database\\Seeder.php(133): Illuminate\\Foundation\\Application->make('Database\\\\Seeder...')
#9 C:\\laragon\\www\\500-STAB-WOUNDS\\vendor\\laravel\\framework\\src\\Illuminate\\Database\\Seeder.php(48): Illuminate\\Database\\Seeder->resolve('Database\\\\Seeder...')
#10 C:\\laragon\\www\\500-STAB-WOUNDS\\database\\seeders\\DatabaseSeeder.php(18): Illuminate\\Database\\Seeder->call('Database\\\\Seeder...')
#11 C:\\laragon\\www\\500-STAB-WOUNDS\\vendor\\laravel\\framework\\src\\Illuminate\\Container\\BoundMethod.php(36): Database\\Seeders\\DatabaseSeeder->run()
#12 C:\\laragon\\www\\500-STAB-WOUNDS\\vendor\\laravel\\framework\\src\\Illuminate\\Container\\Util.php(43): Illuminate\\Container\\BoundMethod::{closure:Illuminate\\Container\\BoundMethod::call():35}()
#13 C:\\laragon\\www\\500-STAB-WOUNDS\\vendor\\laravel\\framework\\src\\Illuminate\\Container\\BoundMethod.php(96): Illuminate\\Container\\Util::unwrapIfClosure(Object(Closure))
#14 C:\\laragon\\www\\500-STAB-WOUNDS\\vendor\\laravel\\framework\\src\\Illuminate\\Container\\BoundMethod.php(35): Illuminate\\Container\\BoundMethod::callBoundMethod(Object(Illuminate\\Foundation\\Application), Array, Object(Closure))
#15 C:\\laragon\\www\\500-STAB-WOUNDS\\vendor\\laravel\\framework\\src\\Illuminate\\Container\\Container.php(754): Illuminate\\Container\\BoundMethod::call(Object(Illuminate\\Foundation\\Application), Array, Array, NULL)
#16 C:\\laragon\\www\\500-STAB-WOUNDS\\vendor\\laravel\\framework\\src\\Illuminate\\Database\\Seeder.php(188): Illuminate\\Container\\Container->call(Array, Array)
#17 C:\\laragon\\www\\500-STAB-WOUNDS\\vendor\\laravel\\framework\\src\\Illuminate\\Database\\Seeder.php(197): Illuminate\\Database\\Seeder->{closure:Illuminate\\Database\\Seeder::__invoke():187}()
#18 C:\\laragon\\www\\500-STAB-WOUNDS\\vendor\\laravel\\framework\\src\\Illuminate\\Database\\Console\\Seeds\\SeedCommand.php(71): Illuminate\\Database\\Seeder->__invoke()
#19 C:\\laragon\\www\\500-STAB-WOUNDS\\vendor\\laravel\\framework\\src\\Illuminate\\Database\\Eloquent\\Concerns\\GuardsAttributes.php(155): Illuminate\\Database\\Console\\Seeds\\SeedCommand->{closure:Illuminate\\Database\\Console\\Seeds\\SeedCommand::handle():70}()
#20 C:\\laragon\\www\\500-STAB-WOUNDS\\vendor\\laravel\\framework\\src\\Illuminate\\Database\\Console\\Seeds\\SeedCommand.php(70): Illuminate\\Database\\Eloquent\\Model::unguarded(Object(Closure))
#21 C:\\laragon\\www\\500-STAB-WOUNDS\\vendor\\laravel\\framework\\src\\Illuminate\\Container\\BoundMethod.php(36): Illuminate\\Database\\Console\\Seeds\\SeedCommand->handle()
#22 C:\\laragon\\www\\500-STAB-WOUNDS\\vendor\\laravel\\framework\\src\\Illuminate\\Container\\Util.php(43): Illuminate\\Container\\BoundMethod::{closure:Illuminate\\Container\\BoundMethod::call():35}()
#23 C:\\laragon\\www\\500-STAB-WOUNDS\\vendor\\laravel\\framework\\src\\Illuminate\\Container\\BoundMethod.php(96): Illuminate\\Container\\Util::unwrapIfClosure(Object(Closure))
#24 C:\\laragon\\www\\500-STAB-WOUNDS\\vendor\\laravel\\framework\\src\\Illuminate\\Container\\BoundMethod.php(35): Illuminate\\Container\\BoundMethod::callBoundMethod(Object(Illuminate\\Foundation\\Application), Array, Object(Closure))
#25 C:\\laragon\\www\\500-STAB-WOUNDS\\vendor\\laravel\\framework\\src\\Illuminate\\Container\\Container.php(754): Illuminate\\Container\\BoundMethod::call(Object(Illuminate\\Foundation\\Application), Array, Array, NULL)
#26 C:\\laragon\\www\\500-STAB-WOUNDS\\vendor\\laravel\\framework\\src\\Illuminate\\Console\\Command.php(211): Illuminate\\Container\\Container->call(Array)
#27 C:\\laragon\\www\\500-STAB-WOUNDS\\vendor\\symfony\\console\\Command\\Command.php(279): Illuminate\\Console\\Command->execute(Object(Symfony\\Component\\Console\\Input\\ArrayInput), Object(Illuminate\\Console\\OutputStyle))
#28 C:\\laragon\\www\\500-STAB-WOUNDS\\vendor\\laravel\\framework\\src\\Illuminate\\Console\\Command.php(180): Symfony\\Component\\Console\\Command\\Command->run(Object(Symfony\\Component\\Console\\Input\\ArrayInput), Object(Illuminate\\Console\\OutputStyle))
#29 C:\\laragon\\www\\500-STAB-WOUNDS\\vendor\\laravel\\framework\\src\\Illuminate\\Console\\Concerns\\CallsCommands.php(68): Illuminate\\Console\\Command->run(Object(Symfony\\Component\\Console\\Input\\ArrayInput), Object(Illuminate\\Console\\OutputStyle))
#30 C:\\laragon\\www\\500-STAB-WOUNDS\\vendor\\laravel\\framework\\src\\Illuminate\\Console\\Concerns\\CallsCommands.php(29): Illuminate\\Console\\Command->runCommand('db:seed', Array, Object(Illuminate\\Console\\OutputStyle))
#31 C:\\laragon\\www\\500-STAB-WOUNDS\\vendor\\laravel\\framework\\src\\Illuminate\\Database\\Console\\Migrations\\FreshCommand.php(121): Illuminate\\Console\\Command->call('db:seed', Array)
#32 C:\\laragon\\www\\500-STAB-WOUNDS\\vendor\\laravel\\framework\\src\\Illuminate\\Database\\Console\\Migrations\\FreshCommand.php(97): Illuminate\\Database\\Console\\Migrations\\FreshCommand->runSeeder(NULL)
#33 C:\\laragon\\www\\500-STAB-WOUNDS\\vendor\\laravel\\framework\\src\\Illuminate\\Container\\BoundMethod.php(36): Illuminate\\Database\\Console\\Migrations\\FreshCommand->handle()
#34 C:\\laragon\\www\\500-STAB-WOUNDS\\vendor\\laravel\\framework\\src\\Illuminate\\Container\\Util.php(43): Illuminate\\Container\\BoundMethod::{closure:Illuminate\\Container\\BoundMethod::call():35}()
#35 C:\\laragon\\www\\500-STAB-WOUNDS\\vendor\\laravel\\framework\\src\\Illuminate\\Container\\BoundMethod.php(96): Illuminate\\Container\\Util::unwrapIfClosure(Object(Closure))
#36 C:\\laragon\\www\\500-STAB-WOUNDS\\vendor\\laravel\\framework\\src\\Illuminate\\Container\\BoundMethod.php(35): Illuminate\\Container\\BoundMethod::callBoundMethod(Object(Illuminate\\Foundation\\Application), Array, Object(Closure))
#37 C:\\laragon\\www\\500-STAB-WOUNDS\\vendor\\laravel\\framework\\src\\Illuminate\\Container\\Container.php(754): Illuminate\\Container\\BoundMethod::call(Object(Illuminate\\Foundation\\Application), Array, Array, NULL)
#38 C:\\laragon\\www\\500-STAB-WOUNDS\\vendor\\laravel\\framework\\src\\Illuminate\\Console\\Command.php(211): Illuminate\\Container\\Container->call(Array)
#39 C:\\laragon\\www\\500-STAB-WOUNDS\\vendor\\symfony\\console\\Command\\Command.php(279): Illuminate\\Console\\Command->execute(Object(Symfony\\Component\\Console\\Input\\ArgvInput), Object(Illuminate\\Console\\OutputStyle))
#40 C:\\laragon\\www\\500-STAB-WOUNDS\\vendor\\laravel\\framework\\src\\Illuminate\\Console\\Command.php(180): Symfony\\Component\\Console\\Command\\Command->run(Object(Symfony\\Component\\Console\\Input\\ArgvInput), Object(Illuminate\\Console\\OutputStyle))
#41 C:\\laragon\\www\\500-STAB-WOUNDS\\vendor\\symfony\\console\\Application.php(1094): Illuminate\\Console\\Command->run(Object(Symfony\\Component\\Console\\Input\\ArgvInput), Object(Symfony\\Component\\Console\\Output\\ConsoleOutput))
#42 C:\\laragon\\www\\500-STAB-WOUNDS\\vendor\\symfony\\console\\Application.php(342): Symfony\\Component\\Console\\Application->doRunCommand(Object(Illuminate\\Database\\Console\\Migrations\\FreshCommand), Object(Symfony\\Component\\Console\\Input\\ArgvInput), Object(Symfony\\Component\\Console\\Output\\ConsoleOutput))
#43 C:\\laragon\\www\\500-STAB-WOUNDS\\vendor\\symfony\\console\\Application.php(193): Symfony\\Component\\Console\\Application->doRun(Object(Symfony\\Component\\Console\\Input\\ArgvInput), Object(Symfony\\Component\\Console\\Output\\ConsoleOutput))
#44 C:\\laragon\\www\\500-STAB-WOUNDS\\vendor\\laravel\\framework\\src\\Illuminate\\Foundation\\Console\\Kernel.php(197): Symfony\\Component\\Console\\Application->run(Object(Symfony\\Component\\Console\\Input\\ArgvInput), Object(Symfony\\Component\\Console\\Output\\ConsoleOutput))
#45 C:\\laragon\\www\\500-STAB-WOUNDS\\vendor\\laravel\\framework\\src\\Illuminate\\Foundation\\Application.php(1234): Illuminate\\Foundation\\Console\\Kernel->handle(Object(Symfony\\Component\\Console\\Input\\ArgvInput), Object(Symfony\\Component\\Console\\Output\\ConsoleOutput))
#46 C:\\laragon\\www\\500-STAB-WOUNDS\\artisan(16): Illuminate\\Foundation\\Application->handleCommand(Object(Symfony\\Component\\Console\\Input\\ArgvInput))
#47 {main}
"} 
[2025-05-01 12:30:24] local.ERROR: SQLSTATE[23000]: Integrity constraint violation: 1062 Duplicate entry 'test@example.com' for key 'users.users_email_unique' (Connection: mysql, SQL: insert into `users` (`name`, `email`, `email_verified_at`, `password`, `remember_token`, `updated_at`, `created_at`) values (Test User, test@example.com, 2025-05-01 12:30:24, $2y$12$vg.3DWz5tOxbyAm39hXW0u0RNv5OfqAJlxK99zaKU13VzfpNljXva, i0WKYG8jpl, 2025-05-01 12:30:24, 2025-05-01 12:30:24)) {"exception":"[object] (Illuminate\\Database\\UniqueConstraintViolationException(code: 23000): SQLSTATE[23000]: Integrity constraint violation: 1062 Duplicate entry 'test@example.com' for key 'users.users_email_unique' (Connection: mysql, SQL: insert into `users` (`name`, `email`, `email_verified_at`, `password`, `remember_token`, `updated_at`, `created_at`) values (Test User, test@example.com, 2025-05-01 12:30:24, $2y$12$vg.3DWz5tOxbyAm39hXW0u0RNv5OfqAJlxK99zaKU13VzfpNljXva, i0WKYG8jpl, 2025-05-01 12:30:24, 2025-05-01 12:30:24)) at C:\\laragon\\www\\500-STAB-WOUNDS\\vendor\\laravel\\framework\\src\\Illuminate\\Database\\Connection.php:817)
[stacktrace]
#0 C:\\laragon\\www\\500-STAB-WOUNDS\\vendor\\laravel\\framework\\src\\Illuminate\\Database\\Connection.php(776): Illuminate\\Database\\Connection->runQueryCallback('insert into `us...', Array, Object(Closure))
#1 C:\\laragon\\www\\500-STAB-WOUNDS\\vendor\\laravel\\framework\\src\\Illuminate\\Database\\MySqlConnection.php(42): Illuminate\\Database\\Connection->run('insert into `us...', Array, Object(Closure))
#2 C:\\laragon\\www\\500-STAB-WOUNDS\\vendor\\laravel\\framework\\src\\Illuminate\\Database\\Query\\Processors\\MySqlProcessor.php(35): Illuminate\\Database\\MySqlConnection->insert('insert into `us...', Array, 'id')
#3 C:\\laragon\\www\\500-STAB-WOUNDS\\vendor\\laravel\\framework\\src\\Illuminate\\Database\\Query\\Builder.php(3779): Illuminate\\Database\\Query\\Processors\\MySqlProcessor->processInsertGetId(Object(Illuminate\\Database\\Query\\Builder), 'insert into `us...', Array, 'id')
#4 C:\\laragon\\www\\500-STAB-WOUNDS\\vendor\\laravel\\framework\\src\\Illuminate\\Database\\Eloquent\\Builder.php(2204): Illuminate\\Database\\Query\\Builder->insertGetId(Array, 'id')
#5 C:\\laragon\\www\\500-STAB-WOUNDS\\vendor\\laravel\\framework\\src\\Illuminate\\Database\\Eloquent\\Model.php(1408): Illuminate\\Database\\Eloquent\\Builder->__call('insertGetId', Array)
#6 C:\\laragon\\www\\500-STAB-WOUNDS\\vendor\\laravel\\framework\\src\\Illuminate\\Database\\Eloquent\\Model.php(1373): Illuminate\\Database\\Eloquent\\Model->insertAndSetId(Object(Illuminate\\Database\\Eloquent\\Builder), Array)
#7 C:\\laragon\\www\\500-STAB-WOUNDS\\vendor\\laravel\\framework\\src\\Illuminate\\Database\\Eloquent\\Model.php(1212): Illuminate\\Database\\Eloquent\\Model->performInsert(Object(Illuminate\\Database\\Eloquent\\Builder))
#8 C:\\laragon\\www\\500-STAB-WOUNDS\\vendor\\laravel\\framework\\src\\Illuminate\\Database\\Eloquent\\Factories\\Factory.php(351): Illuminate\\Database\\Eloquent\\Model->save()
#9 C:\\laragon\\www\\500-STAB-WOUNDS\\vendor\\laravel\\framework\\src\\Illuminate\\Collections\\Traits\\EnumeratesValues.php(274): Illuminate\\Database\\Eloquent\\Factories\\Factory->{closure:Illuminate\\Database\\Eloquent\\Factories\\Factory::store():346}(Object(App\\Models\\User), 0)
#10 C:\\laragon\\www\\500-STAB-WOUNDS\\vendor\\laravel\\framework\\src\\Illuminate\\Database\\Eloquent\\Factories\\Factory.php(346): Illuminate\\Support\\Collection->each(Object(Closure))
#11 C:\\laragon\\www\\500-STAB-WOUNDS\\vendor\\laravel\\framework\\src\\Illuminate\\Database\\Eloquent\\Factories\\Factory.php(302): Illuminate\\Database\\Eloquent\\Factories\\Factory->store(Object(Illuminate\\Support\\Collection))
#12 C:\\laragon\\www\\500-STAB-WOUNDS\\vendor\\laravel\\framework\\src\\Illuminate\\Database\\Eloquent\\Factories\\Factory.php(296): Illuminate\\Database\\Eloquent\\Factories\\Factory->create(Array, NULL)
#13 C:\\laragon\\www\\500-STAB-WOUNDS\\database\\seeders\\DatabaseSeeder.php(13): Illuminate\\Database\\Eloquent\\Factories\\Factory->create(Array)
#14 C:\\laragon\\www\\500-STAB-WOUNDS\\vendor\\laravel\\framework\\src\\Illuminate\\Container\\BoundMethod.php(36): Database\\Seeders\\DatabaseSeeder->run()
#15 C:\\laragon\\www\\500-STAB-WOUNDS\\vendor\\laravel\\framework\\src\\Illuminate\\Container\\Util.php(43): Illuminate\\Container\\BoundMethod::{closure:Illuminate\\Container\\BoundMethod::call():35}()
#16 C:\\laragon\\www\\500-STAB-WOUNDS\\vendor\\laravel\\framework\\src\\Illuminate\\Container\\BoundMethod.php(96): Illuminate\\Container\\Util::unwrapIfClosure(Object(Closure))
#17 C:\\laragon\\www\\500-STAB-WOUNDS\\vendor\\laravel\\framework\\src\\Illuminate\\Container\\BoundMethod.php(35): Illuminate\\Container\\BoundMethod::callBoundMethod(Object(Illuminate\\Foundation\\Application), Array, Object(Closure))
#18 C:\\laragon\\www\\500-STAB-WOUNDS\\vendor\\laravel\\framework\\src\\Illuminate\\Container\\Container.php(754): Illuminate\\Container\\BoundMethod::call(Object(Illuminate\\Foundation\\Application), Array, Array, NULL)
#19 C:\\laragon\\www\\500-STAB-WOUNDS\\vendor\\laravel\\framework\\src\\Illuminate\\Database\\Seeder.php(188): Illuminate\\Container\\Container->call(Array, Array)
#20 C:\\laragon\\www\\500-STAB-WOUNDS\\vendor\\laravel\\framework\\src\\Illuminate\\Database\\Seeder.php(197): Illuminate\\Database\\Seeder->{closure:Illuminate\\Database\\Seeder::__invoke():187}()
#21 C:\\laragon\\www\\500-STAB-WOUNDS\\vendor\\laravel\\framework\\src\\Illuminate\\Database\\Console\\Seeds\\SeedCommand.php(71): Illuminate\\Database\\Seeder->__invoke()
#22 C:\\laragon\\www\\500-STAB-WOUNDS\\vendor\\laravel\\framework\\src\\Illuminate\\Database\\Eloquent\\Concerns\\GuardsAttributes.php(155): Illuminate\\Database\\Console\\Seeds\\SeedCommand->{closure:Illuminate\\Database\\Console\\Seeds\\SeedCommand::handle():70}()
#23 C:\\laragon\\www\\500-STAB-WOUNDS\\vendor\\laravel\\framework\\src\\Illuminate\\Database\\Console\\Seeds\\SeedCommand.php(70): Illuminate\\Database\\Eloquent\\Model::unguarded(Object(Closure))
#24 C:\\laragon\\www\\500-STAB-WOUNDS\\vendor\\laravel\\framework\\src\\Illuminate\\Container\\BoundMethod.php(36): Illuminate\\Database\\Console\\Seeds\\SeedCommand->handle()
#25 C:\\laragon\\www\\500-STAB-WOUNDS\\vendor\\laravel\\framework\\src\\Illuminate\\Container\\Util.php(43): Illuminate\\Container\\BoundMethod::{closure:Illuminate\\Container\\BoundMethod::call():35}()
#26 C:\\laragon\\www\\500-STAB-WOUNDS\\vendor\\laravel\\framework\\src\\Illuminate\\Container\\BoundMethod.php(96): Illuminate\\Container\\Util::unwrapIfClosure(Object(Closure))
#27 C:\\laragon\\www\\500-STAB-WOUNDS\\vendor\\laravel\\framework\\src\\Illuminate\\Container\\BoundMethod.php(35): Illuminate\\Container\\BoundMethod::callBoundMethod(Object(Illuminate\\Foundation\\Application), Array, Object(Closure))
#28 C:\\laragon\\www\\500-STAB-WOUNDS\\vendor\\laravel\\framework\\src\\Illuminate\\Container\\Container.php(754): Illuminate\\Container\\BoundMethod::call(Object(Illuminate\\Foundation\\Application), Array, Array, NULL)
#29 C:\\laragon\\www\\500-STAB-WOUNDS\\vendor\\laravel\\framework\\src\\Illuminate\\Console\\Command.php(211): Illuminate\\Container\\Container->call(Array)
#30 C:\\laragon\\www\\500-STAB-WOUNDS\\vendor\\symfony\\console\\Command\\Command.php(279): Illuminate\\Console\\Command->execute(Object(Symfony\\Component\\Console\\Input\\ArgvInput), Object(Illuminate\\Console\\OutputStyle))
#31 C:\\laragon\\www\\500-STAB-WOUNDS\\vendor\\laravel\\framework\\src\\Illuminate\\Console\\Command.php(180): Symfony\\Component\\Console\\Command\\Command->run(Object(Symfony\\Component\\Console\\Input\\ArgvInput), Object(Illuminate\\Console\\OutputStyle))
#32 C:\\laragon\\www\\500-STAB-WOUNDS\\vendor\\symfony\\console\\Application.php(1094): Illuminate\\Console\\Command->run(Object(Symfony\\Component\\Console\\Input\\ArgvInput), Object(Symfony\\Component\\Console\\Output\\ConsoleOutput))
#33 C:\\laragon\\www\\500-STAB-WOUNDS\\vendor\\symfony\\console\\Application.php(342): Symfony\\Component\\Console\\Application->doRunCommand(Object(Illuminate\\Database\\Console\\Seeds\\SeedCommand), Object(Symfony\\Component\\Console\\Input\\ArgvInput), Object(Symfony\\Component\\Console\\Output\\ConsoleOutput))
#34 C:\\laragon\\www\\500-STAB-WOUNDS\\vendor\\symfony\\console\\Application.php(193): Symfony\\Component\\Console\\Application->doRun(Object(Symfony\\Component\\Console\\Input\\ArgvInput), Object(Symfony\\Component\\Console\\Output\\ConsoleOutput))
#35 C:\\laragon\\www\\500-STAB-WOUNDS\\vendor\\laravel\\framework\\src\\Illuminate\\Foundation\\Console\\Kernel.php(197): Symfony\\Component\\Console\\Application->run(Object(Symfony\\Component\\Console\\Input\\ArgvInput), Object(Symfony\\Component\\Console\\Output\\ConsoleOutput))
#36 C:\\laragon\\www\\500-STAB-WOUNDS\\vendor\\laravel\\framework\\src\\Illuminate\\Foundation\\Application.php(1234): Illuminate\\Foundation\\Console\\Kernel->handle(Object(Symfony\\Component\\Console\\Input\\ArgvInput), Object(Symfony\\Component\\Console\\Output\\ConsoleOutput))
#37 C:\\laragon\\www\\500-STAB-WOUNDS\\artisan(16): Illuminate\\Foundation\\Application->handleCommand(Object(Symfony\\Component\\Console\\Input\\ArgvInput))
#38 {main}

[previous exception] [object] (PDOException(code: 23000): SQLSTATE[23000]: Integrity constraint violation: 1062 Duplicate entry 'test@example.com' for key 'users.users_email_unique' at C:\\laragon\\www\\500-STAB-WOUNDS\\vendor\\laravel\\framework\\src\\Illuminate\\Database\\MySqlConnection.php:53)
[stacktrace]
#0 C:\\laragon\\www\\500-STAB-WOUNDS\\vendor\\laravel\\framework\\src\\Illuminate\\Database\\MySqlConnection.php(53): PDOStatement->execute()
#1 C:\\laragon\\www\\500-STAB-WOUNDS\\vendor\\laravel\\framework\\src\\Illuminate\\Database\\Connection.php(809): Illuminate\\Database\\MySqlConnection->{closure:Illuminate\\Database\\MySqlConnection::insert():42}('insert into `us...', Array)
#2 C:\\laragon\\www\\500-STAB-WOUNDS\\vendor\\laravel\\framework\\src\\Illuminate\\Database\\Connection.php(776): Illuminate\\Database\\Connection->runQueryCallback('insert into `us...', Array, Object(Closure))
#3 C:\\laragon\\www\\500-STAB-WOUNDS\\vendor\\laravel\\framework\\src\\Illuminate\\Database\\MySqlConnection.php(42): Illuminate\\Database\\Connection->run('insert into `us...', Array, Object(Closure))
#4 C:\\laragon\\www\\500-STAB-WOUNDS\\vendor\\laravel\\framework\\src\\Illuminate\\Database\\Query\\Processors\\MySqlProcessor.php(35): Illuminate\\Database\\MySqlConnection->insert('insert into `us...', Array, 'id')
#5 C:\\laragon\\www\\500-STAB-WOUNDS\\vendor\\laravel\\framework\\src\\Illuminate\\Database\\Query\\Builder.php(3779): Illuminate\\Database\\Query\\Processors\\MySqlProcessor->processInsertGetId(Object(Illuminate\\Database\\Query\\Builder), 'insert into `us...', Array, 'id')
#6 C:\\laragon\\www\\500-STAB-WOUNDS\\vendor\\laravel\\framework\\src\\Illuminate\\Database\\Eloquent\\Builder.php(2204): Illuminate\\Database\\Query\\Builder->insertGetId(Array, 'id')
#7 C:\\laragon\\www\\500-STAB-WOUNDS\\vendor\\laravel\\framework\\src\\Illuminate\\Database\\Eloquent\\Model.php(1408): Illuminate\\Database\\Eloquent\\Builder->__call('insertGetId', Array)
#8 C:\\laragon\\www\\500-STAB-WOUNDS\\vendor\\laravel\\framework\\src\\Illuminate\\Database\\Eloquent\\Model.php(1373): Illuminate\\Database\\Eloquent\\Model->insertAndSetId(Object(Illuminate\\Database\\Eloquent\\Builder), Array)
#9 C:\\laragon\\www\\500-STAB-WOUNDS\\vendor\\laravel\\framework\\src\\Illuminate\\Database\\Eloquent\\Model.php(1212): Illuminate\\Database\\Eloquent\\Model->performInsert(Object(Illuminate\\Database\\Eloquent\\Builder))
#10 C:\\laragon\\www\\500-STAB-WOUNDS\\vendor\\laravel\\framework\\src\\Illuminate\\Database\\Eloquent\\Factories\\Factory.php(351): Illuminate\\Database\\Eloquent\\Model->save()
#11 C:\\laragon\\www\\500-STAB-WOUNDS\\vendor\\laravel\\framework\\src\\Illuminate\\Collections\\Traits\\EnumeratesValues.php(274): Illuminate\\Database\\Eloquent\\Factories\\Factory->{closure:Illuminate\\Database\\Eloquent\\Factories\\Factory::store():346}(Object(App\\Models\\User), 0)
#12 C:\\laragon\\www\\500-STAB-WOUNDS\\vendor\\laravel\\framework\\src\\Illuminate\\Database\\Eloquent\\Factories\\Factory.php(346): Illuminate\\Support\\Collection->each(Object(Closure))
#13 C:\\laragon\\www\\500-STAB-WOUNDS\\vendor\\laravel\\framework\\src\\Illuminate\\Database\\Eloquent\\Factories\\Factory.php(302): Illuminate\\Database\\Eloquent\\Factories\\Factory->store(Object(Illuminate\\Support\\Collection))
#14 C:\\laragon\\www\\500-STAB-WOUNDS\\vendor\\laravel\\framework\\src\\Illuminate\\Database\\Eloquent\\Factories\\Factory.php(296): Illuminate\\Database\\Eloquent\\Factories\\Factory->create(Array, NULL)
#15 C:\\laragon\\www\\500-STAB-WOUNDS\\database\\seeders\\DatabaseSeeder.php(13): Illuminate\\Database\\Eloquent\\Factories\\Factory->create(Array)
#16 C:\\laragon\\www\\500-STAB-WOUNDS\\vendor\\laravel\\framework\\src\\Illuminate\\Container\\BoundMethod.php(36): Database\\Seeders\\DatabaseSeeder->run()
#17 C:\\laragon\\www\\500-STAB-WOUNDS\\vendor\\laravel\\framework\\src\\Illuminate\\Container\\Util.php(43): Illuminate\\Container\\BoundMethod::{closure:Illuminate\\Container\\BoundMethod::call():35}()
#18 C:\\laragon\\www\\500-STAB-WOUNDS\\vendor\\laravel\\framework\\src\\Illuminate\\Container\\BoundMethod.php(96): Illuminate\\Container\\Util::unwrapIfClosure(Object(Closure))
#19 C:\\laragon\\www\\500-STAB-WOUNDS\\vendor\\laravel\\framework\\src\\Illuminate\\Container\\BoundMethod.php(35): Illuminate\\Container\\BoundMethod::callBoundMethod(Object(Illuminate\\Foundation\\Application), Array, Object(Closure))
#20 C:\\laragon\\www\\500-STAB-WOUNDS\\vendor\\laravel\\framework\\src\\Illuminate\\Container\\Container.php(754): Illuminate\\Container\\BoundMethod::call(Object(Illuminate\\Foundation\\Application), Array, Array, NULL)
#21 C:\\laragon\\www\\500-STAB-WOUNDS\\vendor\\laravel\\framework\\src\\Illuminate\\Database\\Seeder.php(188): Illuminate\\Container\\Container->call(Array, Array)
#22 C:\\laragon\\www\\500-STAB-WOUNDS\\vendor\\laravel\\framework\\src\\Illuminate\\Database\\Seeder.php(197): Illuminate\\Database\\Seeder->{closure:Illuminate\\Database\\Seeder::__invoke():187}()
#23 C:\\laragon\\www\\500-STAB-WOUNDS\\vendor\\laravel\\framework\\src\\Illuminate\\Database\\Console\\Seeds\\SeedCommand.php(71): Illuminate\\Database\\Seeder->__invoke()
#24 C:\\laragon\\www\\500-STAB-WOUNDS\\vendor\\laravel\\framework\\src\\Illuminate\\Database\\Eloquent\\Concerns\\GuardsAttributes.php(155): Illuminate\\Database\\Console\\Seeds\\SeedCommand->{closure:Illuminate\\Database\\Console\\Seeds\\SeedCommand::handle():70}()
#25 C:\\laragon\\www\\500-STAB-WOUNDS\\vendor\\laravel\\framework\\src\\Illuminate\\Database\\Console\\Seeds\\SeedCommand.php(70): Illuminate\\Database\\Eloquent\\Model::unguarded(Object(Closure))
#26 C:\\laragon\\www\\500-STAB-WOUNDS\\vendor\\laravel\\framework\\src\\Illuminate\\Container\\BoundMethod.php(36): Illuminate\\Database\\Console\\Seeds\\SeedCommand->handle()
#27 C:\\laragon\\www\\500-STAB-WOUNDS\\vendor\\laravel\\framework\\src\\Illuminate\\Container\\Util.php(43): Illuminate\\Container\\BoundMethod::{closure:Illuminate\\Container\\BoundMethod::call():35}()
#28 C:\\laragon\\www\\500-STAB-WOUNDS\\vendor\\laravel\\framework\\src\\Illuminate\\Container\\BoundMethod.php(96): Illuminate\\Container\\Util::unwrapIfClosure(Object(Closure))
#29 C:\\laragon\\www\\500-STAB-WOUNDS\\vendor\\laravel\\framework\\src\\Illuminate\\Container\\BoundMethod.php(35): Illuminate\\Container\\BoundMethod::callBoundMethod(Object(Illuminate\\Foundation\\Application), Array, Object(Closure))
#30 C:\\laragon\\www\\500-STAB-WOUNDS\\vendor\\laravel\\framework\\src\\Illuminate\\Container\\Container.php(754): Illuminate\\Container\\BoundMethod::call(Object(Illuminate\\Foundation\\Application), Array, Array, NULL)
#31 C:\\laragon\\www\\500-STAB-WOUNDS\\vendor\\laravel\\framework\\src\\Illuminate\\Console\\Command.php(211): Illuminate\\Container\\Container->call(Array)
#32 C:\\laragon\\www\\500-STAB-WOUNDS\\vendor\\symfony\\console\\Command\\Command.php(279): Illuminate\\Console\\Command->execute(Object(Symfony\\Component\\Console\\Input\\ArgvInput), Object(Illuminate\\Console\\OutputStyle))
#33 C:\\laragon\\www\\500-STAB-WOUNDS\\vendor\\laravel\\framework\\src\\Illuminate\\Console\\Command.php(180): Symfony\\Component\\Console\\Command\\Command->run(Object(Symfony\\Component\\Console\\Input\\ArgvInput), Object(Illuminate\\Console\\OutputStyle))
#34 C:\\laragon\\www\\500-STAB-WOUNDS\\vendor\\symfony\\console\\Application.php(1094): Illuminate\\Console\\Command->run(Object(Symfony\\Component\\Console\\Input\\ArgvInput), Object(Symfony\\Component\\Console\\Output\\ConsoleOutput))
#35 C:\\laragon\\www\\500-STAB-WOUNDS\\vendor\\symfony\\console\\Application.php(342): Symfony\\Component\\Console\\Application->doRunCommand(Object(Illuminate\\Database\\Console\\Seeds\\SeedCommand), Object(Symfony\\Component\\Console\\Input\\ArgvInput), Object(Symfony\\Component\\Console\\Output\\ConsoleOutput))
#36 C:\\laragon\\www\\500-STAB-WOUNDS\\vendor\\symfony\\console\\Application.php(193): Symfony\\Component\\Console\\Application->doRun(Object(Symfony\\Component\\Console\\Input\\ArgvInput), Object(Symfony\\Component\\Console\\Output\\ConsoleOutput))
#37 C:\\laragon\\www\\500-STAB-WOUNDS\\vendor\\laravel\\framework\\src\\Illuminate\\Foundation\\Console\\Kernel.php(197): Symfony\\Component\\Console\\Application->run(Object(Symfony\\Component\\Console\\Input\\ArgvInput), Object(Symfony\\Component\\Console\\Output\\ConsoleOutput))
#38 C:\\laragon\\www\\500-STAB-WOUNDS\\vendor\\laravel\\framework\\src\\Illuminate\\Foundation\\Application.php(1234): Illuminate\\Foundation\\Console\\Kernel->handle(Object(Symfony\\Component\\Console\\Input\\ArgvInput), Object(Symfony\\Component\\Console\\Output\\ConsoleOutput))
#39 C:\\laragon\\www\\500-STAB-WOUNDS\\artisan(16): Illuminate\\Foundation\\Application->handleCommand(Object(Symfony\\Component\\Console\\Input\\ArgvInput))
#40 {main}
"} 
[2025-05-01 12:31:20] local.ERROR: Class "Seeder" not found {"exception":"[object] (Error(code: 0): Class \"Seeder\" not found at C:\\laragon\\www\\500-STAB-WOUNDS\\database\\seeders\\SalesSeeder.php:10)
[stacktrace]
#0 C:\\laragon\\www\\500-STAB-WOUNDS\\vendor\\composer\\ClassLoader.php(571): include()
#1 C:\\laragon\\www\\500-STAB-WOUNDS\\vendor\\composer\\ClassLoader.php(428): Composer\\Autoload\\includeFile('C:\\\\laragon\\\\www\\\\...')
#2 [internal function]: Composer\\Autoload\\ClassLoader->loadClass('Database\\\\Seeder...')
#3 C:\\laragon\\www\\500-STAB-WOUNDS\\vendor\\laravel\\framework\\src\\Illuminate\\Container\\Container.php(1017): ReflectionClass->__construct('Database\\\\Seeder...')
#4 C:\\laragon\\www\\500-STAB-WOUNDS\\vendor\\laravel\\framework\\src\\Illuminate\\Container\\Container.php(890): Illuminate\\Container\\Container->build('Database\\\\Seeder...')
#5 C:\\laragon\\www\\500-STAB-WOUNDS\\vendor\\laravel\\framework\\src\\Illuminate\\Foundation\\Application.php(1077): Illuminate\\Container\\Container->resolve('Database\\\\Seeder...', Array, true)
#6 C:\\laragon\\www\\500-STAB-WOUNDS\\vendor\\laravel\\framework\\src\\Illuminate\\Container\\Container.php(821): Illuminate\\Foundation\\Application->resolve('Database\\\\Seeder...', Array)
#7 C:\\laragon\\www\\500-STAB-WOUNDS\\vendor\\laravel\\framework\\src\\Illuminate\\Foundation\\Application.php(1057): Illuminate\\Container\\Container->make('Database\\\\Seeder...', Array)
#8 C:\\laragon\\www\\500-STAB-WOUNDS\\vendor\\laravel\\framework\\src\\Illuminate\\Database\\Seeder.php(133): Illuminate\\Foundation\\Application->make('Database\\\\Seeder...')
#9 C:\\laragon\\www\\500-STAB-WOUNDS\\vendor\\laravel\\framework\\src\\Illuminate\\Database\\Seeder.php(48): Illuminate\\Database\\Seeder->resolve('Database\\\\Seeder...')
#10 C:\\laragon\\www\\500-STAB-WOUNDS\\database\\seeders\\DatabaseSeeder.php(18): Illuminate\\Database\\Seeder->call('Database\\\\Seeder...')
#11 C:\\laragon\\www\\500-STAB-WOUNDS\\vendor\\laravel\\framework\\src\\Illuminate\\Container\\BoundMethod.php(36): Database\\Seeders\\DatabaseSeeder->run()
#12 C:\\laragon\\www\\500-STAB-WOUNDS\\vendor\\laravel\\framework\\src\\Illuminate\\Container\\Util.php(43): Illuminate\\Container\\BoundMethod::{closure:Illuminate\\Container\\BoundMethod::call():35}()
#13 C:\\laragon\\www\\500-STAB-WOUNDS\\vendor\\laravel\\framework\\src\\Illuminate\\Container\\BoundMethod.php(96): Illuminate\\Container\\Util::unwrapIfClosure(Object(Closure))
#14 C:\\laragon\\www\\500-STAB-WOUNDS\\vendor\\laravel\\framework\\src\\Illuminate\\Container\\BoundMethod.php(35): Illuminate\\Container\\BoundMethod::callBoundMethod(Object(Illuminate\\Foundation\\Application), Array, Object(Closure))
#15 C:\\laragon\\www\\500-STAB-WOUNDS\\vendor\\laravel\\framework\\src\\Illuminate\\Container\\Container.php(754): Illuminate\\Container\\BoundMethod::call(Object(Illuminate\\Foundation\\Application), Array, Array, NULL)
#16 C:\\laragon\\www\\500-STAB-WOUNDS\\vendor\\laravel\\framework\\src\\Illuminate\\Database\\Seeder.php(188): Illuminate\\Container\\Container->call(Array, Array)
#17 C:\\laragon\\www\\500-STAB-WOUNDS\\vendor\\laravel\\framework\\src\\Illuminate\\Database\\Seeder.php(197): Illuminate\\Database\\Seeder->{closure:Illuminate\\Database\\Seeder::__invoke():187}()
#18 C:\\laragon\\www\\500-STAB-WOUNDS\\vendor\\laravel\\framework\\src\\Illuminate\\Database\\Console\\Seeds\\SeedCommand.php(71): Illuminate\\Database\\Seeder->__invoke()
#19 C:\\laragon\\www\\500-STAB-WOUNDS\\vendor\\laravel\\framework\\src\\Illuminate\\Database\\Eloquent\\Concerns\\GuardsAttributes.php(155): Illuminate\\Database\\Console\\Seeds\\SeedCommand->{closure:Illuminate\\Database\\Console\\Seeds\\SeedCommand::handle():70}()
#20 C:\\laragon\\www\\500-STAB-WOUNDS\\vendor\\laravel\\framework\\src\\Illuminate\\Database\\Console\\Seeds\\SeedCommand.php(70): Illuminate\\Database\\Eloquent\\Model::unguarded(Object(Closure))
#21 C:\\laragon\\www\\500-STAB-WOUNDS\\vendor\\laravel\\framework\\src\\Illuminate\\Container\\BoundMethod.php(36): Illuminate\\Database\\Console\\Seeds\\SeedCommand->handle()
#22 C:\\laragon\\www\\500-STAB-WOUNDS\\vendor\\laravel\\framework\\src\\Illuminate\\Container\\Util.php(43): Illuminate\\Container\\BoundMethod::{closure:Illuminate\\Container\\BoundMethod::call():35}()
#23 C:\\laragon\\www\\500-STAB-WOUNDS\\vendor\\laravel\\framework\\src\\Illuminate\\Container\\BoundMethod.php(96): Illuminate\\Container\\Util::unwrapIfClosure(Object(Closure))
#24 C:\\laragon\\www\\500-STAB-WOUNDS\\vendor\\laravel\\framework\\src\\Illuminate\\Container\\BoundMethod.php(35): Illuminate\\Container\\BoundMethod::callBoundMethod(Object(Illuminate\\Foundation\\Application), Array, Object(Closure))
#25 C:\\laragon\\www\\500-STAB-WOUNDS\\vendor\\laravel\\framework\\src\\Illuminate\\Container\\Container.php(754): Illuminate\\Container\\BoundMethod::call(Object(Illuminate\\Foundation\\Application), Array, Array, NULL)
#26 C:\\laragon\\www\\500-STAB-WOUNDS\\vendor\\laravel\\framework\\src\\Illuminate\\Console\\Command.php(211): Illuminate\\Container\\Container->call(Array)
#27 C:\\laragon\\www\\500-STAB-WOUNDS\\vendor\\symfony\\console\\Command\\Command.php(279): Illuminate\\Console\\Command->execute(Object(Symfony\\Component\\Console\\Input\\ArgvInput), Object(Illuminate\\Console\\OutputStyle))
#28 C:\\laragon\\www\\500-STAB-WOUNDS\\vendor\\laravel\\framework\\src\\Illuminate\\Console\\Command.php(180): Symfony\\Component\\Console\\Command\\Command->run(Object(Symfony\\Component\\Console\\Input\\ArgvInput), Object(Illuminate\\Console\\OutputStyle))
#29 C:\\laragon\\www\\500-STAB-WOUNDS\\vendor\\symfony\\console\\Application.php(1094): Illuminate\\Console\\Command->run(Object(Symfony\\Component\\Console\\Input\\ArgvInput), Object(Symfony\\Component\\Console\\Output\\ConsoleOutput))
#30 C:\\laragon\\www\\500-STAB-WOUNDS\\vendor\\symfony\\console\\Application.php(342): Symfony\\Component\\Console\\Application->doRunCommand(Object(Illuminate\\Database\\Console\\Seeds\\SeedCommand), Object(Symfony\\Component\\Console\\Input\\ArgvInput), Object(Symfony\\Component\\Console\\Output\\ConsoleOutput))
#31 C:\\laragon\\www\\500-STAB-WOUNDS\\vendor\\symfony\\console\\Application.php(193): Symfony\\Component\\Console\\Application->doRun(Object(Symfony\\Component\\Console\\Input\\ArgvInput), Object(Symfony\\Component\\Console\\Output\\ConsoleOutput))
#32 C:\\laragon\\www\\500-STAB-WOUNDS\\vendor\\laravel\\framework\\src\\Illuminate\\Foundation\\Console\\Kernel.php(197): Symfony\\Component\\Console\\Application->run(Object(Symfony\\Component\\Console\\Input\\ArgvInput), Object(Symfony\\Component\\Console\\Output\\ConsoleOutput))
#33 C:\\laragon\\www\\500-STAB-WOUNDS\\vendor\\laravel\\framework\\src\\Illuminate\\Foundation\\Application.php(1234): Illuminate\\Foundation\\Console\\Kernel->handle(Object(Symfony\\Component\\Console\\Input\\ArgvInput), Object(Symfony\\Component\\Console\\Output\\ConsoleOutput))
#34 C:\\laragon\\www\\500-STAB-WOUNDS\\artisan(16): Illuminate\\Foundation\\Application->handleCommand(Object(Symfony\\Component\\Console\\Input\\ArgvInput))
#35 {main}
"} 
[2025-05-01 12:32:26] local.ERROR: SQLSTATE[23000]: Integrity constraint violation: 1062 Duplicate entry '500@gmail.com' for key 'users.users_email_unique' (Connection: mysql, SQL: insert into `users` (`name`, `email`, `email_verified_at`, `password`, `remember_token`, `updated_at`, `created_at`) values (raw500, 500@gmail.com, 2025-05-01 12:32:26, $2y$12$TaR6qG8LsUfJFd7Cw3akmeNB0uF6x4FlaKBszkX1ILc2m/k5eqgEe, zGYasqiqKH, 2025-05-01 12:32:26, 2025-05-01 12:32:26)) {"exception":"[object] (Illuminate\\Database\\UniqueConstraintViolationException(code: 23000): SQLSTATE[23000]: Integrity constraint violation: 1062 Duplicate entry '500@gmail.com' for key 'users.users_email_unique' (Connection: mysql, SQL: insert into `users` (`name`, `email`, `email_verified_at`, `password`, `remember_token`, `updated_at`, `created_at`) values (raw500, 500@gmail.com, 2025-05-01 12:32:26, $2y$12$TaR6qG8LsUfJFd7Cw3akmeNB0uF6x4FlaKBszkX1ILc2m/k5eqgEe, zGYasqiqKH, 2025-05-01 12:32:26, 2025-05-01 12:32:26)) at C:\\laragon\\www\\500-STAB-WOUNDS\\vendor\\laravel\\framework\\src\\Illuminate\\Database\\Connection.php:817)
[stacktrace]
#0 C:\\laragon\\www\\500-STAB-WOUNDS\\vendor\\laravel\\framework\\src\\Illuminate\\Database\\Connection.php(776): Illuminate\\Database\\Connection->runQueryCallback('insert into `us...', Array, Object(Closure))
#1 C:\\laragon\\www\\500-STAB-WOUNDS\\vendor\\laravel\\framework\\src\\Illuminate\\Database\\MySqlConnection.php(42): Illuminate\\Database\\Connection->run('insert into `us...', Array, Object(Closure))
#2 C:\\laragon\\www\\500-STAB-WOUNDS\\vendor\\laravel\\framework\\src\\Illuminate\\Database\\Query\\Processors\\MySqlProcessor.php(35): Illuminate\\Database\\MySqlConnection->insert('insert into `us...', Array, 'id')
#3 C:\\laragon\\www\\500-STAB-WOUNDS\\vendor\\laravel\\framework\\src\\Illuminate\\Database\\Query\\Builder.php(3779): Illuminate\\Database\\Query\\Processors\\MySqlProcessor->processInsertGetId(Object(Illuminate\\Database\\Query\\Builder), 'insert into `us...', Array, 'id')
#4 C:\\laragon\\www\\500-STAB-WOUNDS\\vendor\\laravel\\framework\\src\\Illuminate\\Database\\Eloquent\\Builder.php(2204): Illuminate\\Database\\Query\\Builder->insertGetId(Array, 'id')
#5 C:\\laragon\\www\\500-STAB-WOUNDS\\vendor\\laravel\\framework\\src\\Illuminate\\Database\\Eloquent\\Model.php(1408): Illuminate\\Database\\Eloquent\\Builder->__call('insertGetId', Array)
#6 C:\\laragon\\www\\500-STAB-WOUNDS\\vendor\\laravel\\framework\\src\\Illuminate\\Database\\Eloquent\\Model.php(1373): Illuminate\\Database\\Eloquent\\Model->insertAndSetId(Object(Illuminate\\Database\\Eloquent\\Builder), Array)
#7 C:\\laragon\\www\\500-STAB-WOUNDS\\vendor\\laravel\\framework\\src\\Illuminate\\Database\\Eloquent\\Model.php(1212): Illuminate\\Database\\Eloquent\\Model->performInsert(Object(Illuminate\\Database\\Eloquent\\Builder))
#8 C:\\laragon\\www\\500-STAB-WOUNDS\\vendor\\laravel\\framework\\src\\Illuminate\\Database\\Eloquent\\Factories\\Factory.php(351): Illuminate\\Database\\Eloquent\\Model->save()
#9 C:\\laragon\\www\\500-STAB-WOUNDS\\vendor\\laravel\\framework\\src\\Illuminate\\Collections\\Traits\\EnumeratesValues.php(274): Illuminate\\Database\\Eloquent\\Factories\\Factory->{closure:Illuminate\\Database\\Eloquent\\Factories\\Factory::store():346}(Object(App\\Models\\User), 0)
#10 C:\\laragon\\www\\500-STAB-WOUNDS\\vendor\\laravel\\framework\\src\\Illuminate\\Database\\Eloquent\\Factories\\Factory.php(346): Illuminate\\Support\\Collection->each(Object(Closure))
#11 C:\\laragon\\www\\500-STAB-WOUNDS\\vendor\\laravel\\framework\\src\\Illuminate\\Database\\Eloquent\\Factories\\Factory.php(302): Illuminate\\Database\\Eloquent\\Factories\\Factory->store(Object(Illuminate\\Support\\Collection))
#12 C:\\laragon\\www\\500-STAB-WOUNDS\\vendor\\laravel\\framework\\src\\Illuminate\\Database\\Eloquent\\Factories\\Factory.php(296): Illuminate\\Database\\Eloquent\\Factories\\Factory->create(Array, NULL)
#13 C:\\laragon\\www\\500-STAB-WOUNDS\\database\\seeders\\DatabaseSeeder.php(13): Illuminate\\Database\\Eloquent\\Factories\\Factory->create(Array)
#14 C:\\laragon\\www\\500-STAB-WOUNDS\\vendor\\laravel\\framework\\src\\Illuminate\\Container\\BoundMethod.php(36): Database\\Seeders\\DatabaseSeeder->run()
#15 C:\\laragon\\www\\500-STAB-WOUNDS\\vendor\\laravel\\framework\\src\\Illuminate\\Container\\Util.php(43): Illuminate\\Container\\BoundMethod::{closure:Illuminate\\Container\\BoundMethod::call():35}()
#16 C:\\laragon\\www\\500-STAB-WOUNDS\\vendor\\laravel\\framework\\src\\Illuminate\\Container\\BoundMethod.php(96): Illuminate\\Container\\Util::unwrapIfClosure(Object(Closure))
#17 C:\\laragon\\www\\500-STAB-WOUNDS\\vendor\\laravel\\framework\\src\\Illuminate\\Container\\BoundMethod.php(35): Illuminate\\Container\\BoundMethod::callBoundMethod(Object(Illuminate\\Foundation\\Application), Array, Object(Closure))
#18 C:\\laragon\\www\\500-STAB-WOUNDS\\vendor\\laravel\\framework\\src\\Illuminate\\Container\\Container.php(754): Illuminate\\Container\\BoundMethod::call(Object(Illuminate\\Foundation\\Application), Array, Array, NULL)
#19 C:\\laragon\\www\\500-STAB-WOUNDS\\vendor\\laravel\\framework\\src\\Illuminate\\Database\\Seeder.php(188): Illuminate\\Container\\Container->call(Array, Array)
#20 C:\\laragon\\www\\500-STAB-WOUNDS\\vendor\\laravel\\framework\\src\\Illuminate\\Database\\Seeder.php(197): Illuminate\\Database\\Seeder->{closure:Illuminate\\Database\\Seeder::__invoke():187}()
#21 C:\\laragon\\www\\500-STAB-WOUNDS\\vendor\\laravel\\framework\\src\\Illuminate\\Database\\Console\\Seeds\\SeedCommand.php(71): Illuminate\\Database\\Seeder->__invoke()
#22 C:\\laragon\\www\\500-STAB-WOUNDS\\vendor\\laravel\\framework\\src\\Illuminate\\Database\\Eloquent\\Concerns\\GuardsAttributes.php(155): Illuminate\\Database\\Console\\Seeds\\SeedCommand->{closure:Illuminate\\Database\\Console\\Seeds\\SeedCommand::handle():70}()
#23 C:\\laragon\\www\\500-STAB-WOUNDS\\vendor\\laravel\\framework\\src\\Illuminate\\Database\\Console\\Seeds\\SeedCommand.php(70): Illuminate\\Database\\Eloquent\\Model::unguarded(Object(Closure))
#24 C:\\laragon\\www\\500-STAB-WOUNDS\\vendor\\laravel\\framework\\src\\Illuminate\\Container\\BoundMethod.php(36): Illuminate\\Database\\Console\\Seeds\\SeedCommand->handle()
#25 C:\\laragon\\www\\500-STAB-WOUNDS\\vendor\\laravel\\framework\\src\\Illuminate\\Container\\Util.php(43): Illuminate\\Container\\BoundMethod::{closure:Illuminate\\Container\\BoundMethod::call():35}()
#26 C:\\laragon\\www\\500-STAB-WOUNDS\\vendor\\laravel\\framework\\src\\Illuminate\\Container\\BoundMethod.php(96): Illuminate\\Container\\Util::unwrapIfClosure(Object(Closure))
#27 C:\\laragon\\www\\500-STAB-WOUNDS\\vendor\\laravel\\framework\\src\\Illuminate\\Container\\BoundMethod.php(35): Illuminate\\Container\\BoundMethod::callBoundMethod(Object(Illuminate\\Foundation\\Application), Array, Object(Closure))
#28 C:\\laragon\\www\\500-STAB-WOUNDS\\vendor\\laravel\\framework\\src\\Illuminate\\Container\\Container.php(754): Illuminate\\Container\\BoundMethod::call(Object(Illuminate\\Foundation\\Application), Array, Array, NULL)
#29 C:\\laragon\\www\\500-STAB-WOUNDS\\vendor\\laravel\\framework\\src\\Illuminate\\Console\\Command.php(211): Illuminate\\Container\\Container->call(Array)
#30 C:\\laragon\\www\\500-STAB-WOUNDS\\vendor\\symfony\\console\\Command\\Command.php(279): Illuminate\\Console\\Command->execute(Object(Symfony\\Component\\Console\\Input\\ArgvInput), Object(Illuminate\\Console\\OutputStyle))
#31 C:\\laragon\\www\\500-STAB-WOUNDS\\vendor\\laravel\\framework\\src\\Illuminate\\Console\\Command.php(180): Symfony\\Component\\Console\\Command\\Command->run(Object(Symfony\\Component\\Console\\Input\\ArgvInput), Object(Illuminate\\Console\\OutputStyle))
#32 C:\\laragon\\www\\500-STAB-WOUNDS\\vendor\\symfony\\console\\Application.php(1094): Illuminate\\Console\\Command->run(Object(Symfony\\Component\\Console\\Input\\ArgvInput), Object(Symfony\\Component\\Console\\Output\\ConsoleOutput))
#33 C:\\laragon\\www\\500-STAB-WOUNDS\\vendor\\symfony\\console\\Application.php(342): Symfony\\Component\\Console\\Application->doRunCommand(Object(Illuminate\\Database\\Console\\Seeds\\SeedCommand), Object(Symfony\\Component\\Console\\Input\\ArgvInput), Object(Symfony\\Component\\Console\\Output\\ConsoleOutput))
#34 C:\\laragon\\www\\500-STAB-WOUNDS\\vendor\\symfony\\console\\Application.php(193): Symfony\\Component\\Console\\Application->doRun(Object(Symfony\\Component\\Console\\Input\\ArgvInput), Object(Symfony\\Component\\Console\\Output\\ConsoleOutput))
#35 C:\\laragon\\www\\500-STAB-WOUNDS\\vendor\\laravel\\framework\\src\\Illuminate\\Foundation\\Console\\Kernel.php(197): Symfony\\Component\\Console\\Application->run(Object(Symfony\\Component\\Console\\Input\\ArgvInput), Object(Symfony\\Component\\Console\\Output\\ConsoleOutput))
#36 C:\\laragon\\www\\500-STAB-WOUNDS\\vendor\\laravel\\framework\\src\\Illuminate\\Foundation\\Application.php(1234): Illuminate\\Foundation\\Console\\Kernel->handle(Object(Symfony\\Component\\Console\\Input\\ArgvInput), Object(Symfony\\Component\\Console\\Output\\ConsoleOutput))
#37 C:\\laragon\\www\\500-STAB-WOUNDS\\artisan(16): Illuminate\\Foundation\\Application->handleCommand(Object(Symfony\\Component\\Console\\Input\\ArgvInput))
#38 {main}

[previous exception] [object] (PDOException(code: 23000): SQLSTATE[23000]: Integrity constraint violation: 1062 Duplicate entry '500@gmail.com' for key 'users.users_email_unique' at C:\\laragon\\www\\500-STAB-WOUNDS\\vendor\\laravel\\framework\\src\\Illuminate\\Database\\MySqlConnection.php:53)
[stacktrace]
#0 C:\\laragon\\www\\500-STAB-WOUNDS\\vendor\\laravel\\framework\\src\\Illuminate\\Database\\MySqlConnection.php(53): PDOStatement->execute()
#1 C:\\laragon\\www\\500-STAB-WOUNDS\\vendor\\laravel\\framework\\src\\Illuminate\\Database\\Connection.php(809): Illuminate\\Database\\MySqlConnection->{closure:Illuminate\\Database\\MySqlConnection::insert():42}('insert into `us...', Array)
#2 C:\\laragon\\www\\500-STAB-WOUNDS\\vendor\\laravel\\framework\\src\\Illuminate\\Database\\Connection.php(776): Illuminate\\Database\\Connection->runQueryCallback('insert into `us...', Array, Object(Closure))
#3 C:\\laragon\\www\\500-STAB-WOUNDS\\vendor\\laravel\\framework\\src\\Illuminate\\Database\\MySqlConnection.php(42): Illuminate\\Database\\Connection->run('insert into `us...', Array, Object(Closure))
#4 C:\\laragon\\www\\500-STAB-WOUNDS\\vendor\\laravel\\framework\\src\\Illuminate\\Database\\Query\\Processors\\MySqlProcessor.php(35): Illuminate\\Database\\MySqlConnection->insert('insert into `us...', Array, 'id')
#5 C:\\laragon\\www\\500-STAB-WOUNDS\\vendor\\laravel\\framework\\src\\Illuminate\\Database\\Query\\Builder.php(3779): Illuminate\\Database\\Query\\Processors\\MySqlProcessor->processInsertGetId(Object(Illuminate\\Database\\Query\\Builder), 'insert into `us...', Array, 'id')
#6 C:\\laragon\\www\\500-STAB-WOUNDS\\vendor\\laravel\\framework\\src\\Illuminate\\Database\\Eloquent\\Builder.php(2204): Illuminate\\Database\\Query\\Builder->insertGetId(Array, 'id')
#7 C:\\laragon\\www\\500-STAB-WOUNDS\\vendor\\laravel\\framework\\src\\Illuminate\\Database\\Eloquent\\Model.php(1408): Illuminate\\Database\\Eloquent\\Builder->__call('insertGetId', Array)
#8 C:\\laragon\\www\\500-STAB-WOUNDS\\vendor\\laravel\\framework\\src\\Illuminate\\Database\\Eloquent\\Model.php(1373): Illuminate\\Database\\Eloquent\\Model->insertAndSetId(Object(Illuminate\\Database\\Eloquent\\Builder), Array)
#9 C:\\laragon\\www\\500-STAB-WOUNDS\\vendor\\laravel\\framework\\src\\Illuminate\\Database\\Eloquent\\Model.php(1212): Illuminate\\Database\\Eloquent\\Model->performInsert(Object(Illuminate\\Database\\Eloquent\\Builder))
#10 C:\\laragon\\www\\500-STAB-WOUNDS\\vendor\\laravel\\framework\\src\\Illuminate\\Database\\Eloquent\\Factories\\Factory.php(351): Illuminate\\Database\\Eloquent\\Model->save()
#11 C:\\laragon\\www\\500-STAB-WOUNDS\\vendor\\laravel\\framework\\src\\Illuminate\\Collections\\Traits\\EnumeratesValues.php(274): Illuminate\\Database\\Eloquent\\Factories\\Factory->{closure:Illuminate\\Database\\Eloquent\\Factories\\Factory::store():346}(Object(App\\Models\\User), 0)
#12 C:\\laragon\\www\\500-STAB-WOUNDS\\vendor\\laravel\\framework\\src\\Illuminate\\Database\\Eloquent\\Factories\\Factory.php(346): Illuminate\\Support\\Collection->each(Object(Closure))
#13 C:\\laragon\\www\\500-STAB-WOUNDS\\vendor\\laravel\\framework\\src\\Illuminate\\Database\\Eloquent\\Factories\\Factory.php(302): Illuminate\\Database\\Eloquent\\Factories\\Factory->store(Object(Illuminate\\Support\\Collection))
#14 C:\\laragon\\www\\500-STAB-WOUNDS\\vendor\\laravel\\framework\\src\\Illuminate\\Database\\Eloquent\\Factories\\Factory.php(296): Illuminate\\Database\\Eloquent\\Factories\\Factory->create(Array, NULL)
#15 C:\\laragon\\www\\500-STAB-WOUNDS\\database\\seeders\\DatabaseSeeder.php(13): Illuminate\\Database\\Eloquent\\Factories\\Factory->create(Array)
#16 C:\\laragon\\www\\500-STAB-WOUNDS\\vendor\\laravel\\framework\\src\\Illuminate\\Container\\BoundMethod.php(36): Database\\Seeders\\DatabaseSeeder->run()
#17 C:\\laragon\\www\\500-STAB-WOUNDS\\vendor\\laravel\\framework\\src\\Illuminate\\Container\\Util.php(43): Illuminate\\Container\\BoundMethod::{closure:Illuminate\\Container\\BoundMethod::call():35}()
#18 C:\\laragon\\www\\500-STAB-WOUNDS\\vendor\\laravel\\framework\\src\\Illuminate\\Container\\BoundMethod.php(96): Illuminate\\Container\\Util::unwrapIfClosure(Object(Closure))
#19 C:\\laragon\\www\\500-STAB-WOUNDS\\vendor\\laravel\\framework\\src\\Illuminate\\Container\\BoundMethod.php(35): Illuminate\\Container\\BoundMethod::callBoundMethod(Object(Illuminate\\Foundation\\Application), Array, Object(Closure))
#20 C:\\laragon\\www\\500-STAB-WOUNDS\\vendor\\laravel\\framework\\src\\Illuminate\\Container\\Container.php(754): Illuminate\\Container\\BoundMethod::call(Object(Illuminate\\Foundation\\Application), Array, Array, NULL)
#21 C:\\laragon\\www\\500-STAB-WOUNDS\\vendor\\laravel\\framework\\src\\Illuminate\\Database\\Seeder.php(188): Illuminate\\Container\\Container->call(Array, Array)
#22 C:\\laragon\\www\\500-STAB-WOUNDS\\vendor\\laravel\\framework\\src\\Illuminate\\Database\\Seeder.php(197): Illuminate\\Database\\Seeder->{closure:Illuminate\\Database\\Seeder::__invoke():187}()
#23 C:\\laragon\\www\\500-STAB-WOUNDS\\vendor\\laravel\\framework\\src\\Illuminate\\Database\\Console\\Seeds\\SeedCommand.php(71): Illuminate\\Database\\Seeder->__invoke()
#24 C:\\laragon\\www\\500-STAB-WOUNDS\\vendor\\laravel\\framework\\src\\Illuminate\\Database\\Eloquent\\Concerns\\GuardsAttributes.php(155): Illuminate\\Database\\Console\\Seeds\\SeedCommand->{closure:Illuminate\\Database\\Console\\Seeds\\SeedCommand::handle():70}()
#25 C:\\laragon\\www\\500-STAB-WOUNDS\\vendor\\laravel\\framework\\src\\Illuminate\\Database\\Console\\Seeds\\SeedCommand.php(70): Illuminate\\Database\\Eloquent\\Model::unguarded(Object(Closure))
#26 C:\\laragon\\www\\500-STAB-WOUNDS\\vendor\\laravel\\framework\\src\\Illuminate\\Container\\BoundMethod.php(36): Illuminate\\Database\\Console\\Seeds\\SeedCommand->handle()
#27 C:\\laragon\\www\\500-STAB-WOUNDS\\vendor\\laravel\\framework\\src\\Illuminate\\Container\\Util.php(43): Illuminate\\Container\\BoundMethod::{closure:Illuminate\\Container\\BoundMethod::call():35}()
#28 C:\\laragon\\www\\500-STAB-WOUNDS\\vendor\\laravel\\framework\\src\\Illuminate\\Container\\BoundMethod.php(96): Illuminate\\Container\\Util::unwrapIfClosure(Object(Closure))
#29 C:\\laragon\\www\\500-STAB-WOUNDS\\vendor\\laravel\\framework\\src\\Illuminate\\Container\\BoundMethod.php(35): Illuminate\\Container\\BoundMethod::callBoundMethod(Object(Illuminate\\Foundation\\Application), Array, Object(Closure))
#30 C:\\laragon\\www\\500-STAB-WOUNDS\\vendor\\laravel\\framework\\src\\Illuminate\\Container\\Container.php(754): Illuminate\\Container\\BoundMethod::call(Object(Illuminate\\Foundation\\Application), Array, Array, NULL)
#31 C:\\laragon\\www\\500-STAB-WOUNDS\\vendor\\laravel\\framework\\src\\Illuminate\\Console\\Command.php(211): Illuminate\\Container\\Container->call(Array)
#32 C:\\laragon\\www\\500-STAB-WOUNDS\\vendor\\symfony\\console\\Command\\Command.php(279): Illuminate\\Console\\Command->execute(Object(Symfony\\Component\\Console\\Input\\ArgvInput), Object(Illuminate\\Console\\OutputStyle))
#33 C:\\laragon\\www\\500-STAB-WOUNDS\\vendor\\laravel\\framework\\src\\Illuminate\\Console\\Command.php(180): Symfony\\Component\\Console\\Command\\Command->run(Object(Symfony\\Component\\Console\\Input\\ArgvInput), Object(Illuminate\\Console\\OutputStyle))
#34 C:\\laragon\\www\\500-STAB-WOUNDS\\vendor\\symfony\\console\\Application.php(1094): Illuminate\\Console\\Command->run(Object(Symfony\\Component\\Console\\Input\\ArgvInput), Object(Symfony\\Component\\Console\\Output\\ConsoleOutput))
#35 C:\\laragon\\www\\500-STAB-WOUNDS\\vendor\\symfony\\console\\Application.php(342): Symfony\\Component\\Console\\Application->doRunCommand(Object(Illuminate\\Database\\Console\\Seeds\\SeedCommand), Object(Symfony\\Component\\Console\\Input\\ArgvInput), Object(Symfony\\Component\\Console\\Output\\ConsoleOutput))
#36 C:\\laragon\\www\\500-STAB-WOUNDS\\vendor\\symfony\\console\\Application.php(193): Symfony\\Component\\Console\\Application->doRun(Object(Symfony\\Component\\Console\\Input\\ArgvInput), Object(Symfony\\Component\\Console\\Output\\ConsoleOutput))
#37 C:\\laragon\\www\\500-STAB-WOUNDS\\vendor\\laravel\\framework\\src\\Illuminate\\Foundation\\Console\\Kernel.php(197): Symfony\\Component\\Console\\Application->run(Object(Symfony\\Component\\Console\\Input\\ArgvInput), Object(Symfony\\Component\\Console\\Output\\ConsoleOutput))
#38 C:\\laragon\\www\\500-STAB-WOUNDS\\vendor\\laravel\\framework\\src\\Illuminate\\Foundation\\Application.php(1234): Illuminate\\Foundation\\Console\\Kernel->handle(Object(Symfony\\Component\\Console\\Input\\ArgvInput), Object(Symfony\\Component\\Console\\Output\\ConsoleOutput))
#39 C:\\laragon\\www\\500-STAB-WOUNDS\\artisan(16): Illuminate\\Foundation\\Application->handleCommand(Object(Symfony\\Component\\Console\\Input\\ArgvInput))
#40 {main}
"} 
[2025-05-01 12:32:35] local.ERROR: Class "Illuminate\Database\Seeders\Seeder" not found {"exception":"[object] (Error(code: 0): Class \"Illuminate\\Database\\Seeders\\Seeder\" not found at C:\\laragon\\www\\500-STAB-WOUNDS\\database\\seeders\\SalesSeeder.php:10)
[stacktrace]
#0 C:\\laragon\\www\\500-STAB-WOUNDS\\vendor\\composer\\ClassLoader.php(571): include()
#1 C:\\laragon\\www\\500-STAB-WOUNDS\\vendor\\composer\\ClassLoader.php(428): Composer\\Autoload\\includeFile('C:\\\\laragon\\\\www\\\\...')
#2 [internal function]: Composer\\Autoload\\ClassLoader->loadClass('Database\\\\Seeder...')
#3 C:\\laragon\\www\\500-STAB-WOUNDS\\vendor\\laravel\\framework\\src\\Illuminate\\Container\\Container.php(1017): ReflectionClass->__construct('Database\\\\Seeder...')
#4 C:\\laragon\\www\\500-STAB-WOUNDS\\vendor\\laravel\\framework\\src\\Illuminate\\Container\\Container.php(890): Illuminate\\Container\\Container->build('Database\\\\Seeder...')
#5 C:\\laragon\\www\\500-STAB-WOUNDS\\vendor\\laravel\\framework\\src\\Illuminate\\Foundation\\Application.php(1077): Illuminate\\Container\\Container->resolve('Database\\\\Seeder...', Array, true)
#6 C:\\laragon\\www\\500-STAB-WOUNDS\\vendor\\laravel\\framework\\src\\Illuminate\\Container\\Container.php(821): Illuminate\\Foundation\\Application->resolve('Database\\\\Seeder...', Array)
#7 C:\\laragon\\www\\500-STAB-WOUNDS\\vendor\\laravel\\framework\\src\\Illuminate\\Foundation\\Application.php(1057): Illuminate\\Container\\Container->make('Database\\\\Seeder...', Array)
#8 C:\\laragon\\www\\500-STAB-WOUNDS\\vendor\\laravel\\framework\\src\\Illuminate\\Database\\Seeder.php(133): Illuminate\\Foundation\\Application->make('Database\\\\Seeder...')
#9 C:\\laragon\\www\\500-STAB-WOUNDS\\vendor\\laravel\\framework\\src\\Illuminate\\Database\\Seeder.php(48): Illuminate\\Database\\Seeder->resolve('Database\\\\Seeder...')
#10 C:\\laragon\\www\\500-STAB-WOUNDS\\database\\seeders\\DatabaseSeeder.php(18): Illuminate\\Database\\Seeder->call('Database\\\\Seeder...')
#11 C:\\laragon\\www\\500-STAB-WOUNDS\\vendor\\laravel\\framework\\src\\Illuminate\\Container\\BoundMethod.php(36): Database\\Seeders\\DatabaseSeeder->run()
#12 C:\\laragon\\www\\500-STAB-WOUNDS\\vendor\\laravel\\framework\\src\\Illuminate\\Container\\Util.php(43): Illuminate\\Container\\BoundMethod::{closure:Illuminate\\Container\\BoundMethod::call():35}()
#13 C:\\laragon\\www\\500-STAB-WOUNDS\\vendor\\laravel\\framework\\src\\Illuminate\\Container\\BoundMethod.php(96): Illuminate\\Container\\Util::unwrapIfClosure(Object(Closure))
#14 C:\\laragon\\www\\500-STAB-WOUNDS\\vendor\\laravel\\framework\\src\\Illuminate\\Container\\BoundMethod.php(35): Illuminate\\Container\\BoundMethod::callBoundMethod(Object(Illuminate\\Foundation\\Application), Array, Object(Closure))
#15 C:\\laragon\\www\\500-STAB-WOUNDS\\vendor\\laravel\\framework\\src\\Illuminate\\Container\\Container.php(754): Illuminate\\Container\\BoundMethod::call(Object(Illuminate\\Foundation\\Application), Array, Array, NULL)
#16 C:\\laragon\\www\\500-STAB-WOUNDS\\vendor\\laravel\\framework\\src\\Illuminate\\Database\\Seeder.php(188): Illuminate\\Container\\Container->call(Array, Array)
#17 C:\\laragon\\www\\500-STAB-WOUNDS\\vendor\\laravel\\framework\\src\\Illuminate\\Database\\Seeder.php(197): Illuminate\\Database\\Seeder->{closure:Illuminate\\Database\\Seeder::__invoke():187}()
#18 C:\\laragon\\www\\500-STAB-WOUNDS\\vendor\\laravel\\framework\\src\\Illuminate\\Database\\Console\\Seeds\\SeedCommand.php(71): Illuminate\\Database\\Seeder->__invoke()
#19 C:\\laragon\\www\\500-STAB-WOUNDS\\vendor\\laravel\\framework\\src\\Illuminate\\Database\\Eloquent\\Concerns\\GuardsAttributes.php(155): Illuminate\\Database\\Console\\Seeds\\SeedCommand->{closure:Illuminate\\Database\\Console\\Seeds\\SeedCommand::handle():70}()
#20 C:\\laragon\\www\\500-STAB-WOUNDS\\vendor\\laravel\\framework\\src\\Illuminate\\Database\\Console\\Seeds\\SeedCommand.php(70): Illuminate\\Database\\Eloquent\\Model::unguarded(Object(Closure))
#21 C:\\laragon\\www\\500-STAB-WOUNDS\\vendor\\laravel\\framework\\src\\Illuminate\\Container\\BoundMethod.php(36): Illuminate\\Database\\Console\\Seeds\\SeedCommand->handle()
#22 C:\\laragon\\www\\500-STAB-WOUNDS\\vendor\\laravel\\framework\\src\\Illuminate\\Container\\Util.php(43): Illuminate\\Container\\BoundMethod::{closure:Illuminate\\Container\\BoundMethod::call():35}()
#23 C:\\laragon\\www\\500-STAB-WOUNDS\\vendor\\laravel\\framework\\src\\Illuminate\\Container\\BoundMethod.php(96): Illuminate\\Container\\Util::unwrapIfClosure(Object(Closure))
#24 C:\\laragon\\www\\500-STAB-WOUNDS\\vendor\\laravel\\framework\\src\\Illuminate\\Container\\BoundMethod.php(35): Illuminate\\Container\\BoundMethod::callBoundMethod(Object(Illuminate\\Foundation\\Application), Array, Object(Closure))
#25 C:\\laragon\\www\\500-STAB-WOUNDS\\vendor\\laravel\\framework\\src\\Illuminate\\Container\\Container.php(754): Illuminate\\Container\\BoundMethod::call(Object(Illuminate\\Foundation\\Application), Array, Array, NULL)
#26 C:\\laragon\\www\\500-STAB-WOUNDS\\vendor\\laravel\\framework\\src\\Illuminate\\Console\\Command.php(211): Illuminate\\Container\\Container->call(Array)
#27 C:\\laragon\\www\\500-STAB-WOUNDS\\vendor\\symfony\\console\\Command\\Command.php(279): Illuminate\\Console\\Command->execute(Object(Symfony\\Component\\Console\\Input\\ArrayInput), Object(Illuminate\\Console\\OutputStyle))
#28 C:\\laragon\\www\\500-STAB-WOUNDS\\vendor\\laravel\\framework\\src\\Illuminate\\Console\\Command.php(180): Symfony\\Component\\Console\\Command\\Command->run(Object(Symfony\\Component\\Console\\Input\\ArrayInput), Object(Illuminate\\Console\\OutputStyle))
#29 C:\\laragon\\www\\500-STAB-WOUNDS\\vendor\\laravel\\framework\\src\\Illuminate\\Console\\Concerns\\CallsCommands.php(68): Illuminate\\Console\\Command->run(Object(Symfony\\Component\\Console\\Input\\ArrayInput), Object(Illuminate\\Console\\OutputStyle))
#30 C:\\laragon\\www\\500-STAB-WOUNDS\\vendor\\laravel\\framework\\src\\Illuminate\\Console\\Concerns\\CallsCommands.php(29): Illuminate\\Console\\Command->runCommand('db:seed', Array, Object(Illuminate\\Console\\OutputStyle))
#31 C:\\laragon\\www\\500-STAB-WOUNDS\\vendor\\laravel\\framework\\src\\Illuminate\\Database\\Console\\Migrations\\FreshCommand.php(121): Illuminate\\Console\\Command->call('db:seed', Array)
#32 C:\\laragon\\www\\500-STAB-WOUNDS\\vendor\\laravel\\framework\\src\\Illuminate\\Database\\Console\\Migrations\\FreshCommand.php(97): Illuminate\\Database\\Console\\Migrations\\FreshCommand->runSeeder(NULL)
#33 C:\\laragon\\www\\500-STAB-WOUNDS\\vendor\\laravel\\framework\\src\\Illuminate\\Container\\BoundMethod.php(36): Illuminate\\Database\\Console\\Migrations\\FreshCommand->handle()
#34 C:\\laragon\\www\\500-STAB-WOUNDS\\vendor\\laravel\\framework\\src\\Illuminate\\Container\\Util.php(43): Illuminate\\Container\\BoundMethod::{closure:Illuminate\\Container\\BoundMethod::call():35}()
#35 C:\\laragon\\www\\500-STAB-WOUNDS\\vendor\\laravel\\framework\\src\\Illuminate\\Container\\BoundMethod.php(96): Illuminate\\Container\\Util::unwrapIfClosure(Object(Closure))
#36 C:\\laragon\\www\\500-STAB-WOUNDS\\vendor\\laravel\\framework\\src\\Illuminate\\Container\\BoundMethod.php(35): Illuminate\\Container\\BoundMethod::callBoundMethod(Object(Illuminate\\Foundation\\Application), Array, Object(Closure))
#37 C:\\laragon\\www\\500-STAB-WOUNDS\\vendor\\laravel\\framework\\src\\Illuminate\\Container\\Container.php(754): Illuminate\\Container\\BoundMethod::call(Object(Illuminate\\Foundation\\Application), Array, Array, NULL)
#38 C:\\laragon\\www\\500-STAB-WOUNDS\\vendor\\laravel\\framework\\src\\Illuminate\\Console\\Command.php(211): Illuminate\\Container\\Container->call(Array)
#39 C:\\laragon\\www\\500-STAB-WOUNDS\\vendor\\symfony\\console\\Command\\Command.php(279): Illuminate\\Console\\Command->execute(Object(Symfony\\Component\\Console\\Input\\ArgvInput), Object(Illuminate\\Console\\OutputStyle))
#40 C:\\laragon\\www\\500-STAB-WOUNDS\\vendor\\laravel\\framework\\src\\Illuminate\\Console\\Command.php(180): Symfony\\Component\\Console\\Command\\Command->run(Object(Symfony\\Component\\Console\\Input\\ArgvInput), Object(Illuminate\\Console\\OutputStyle))
#41 C:\\laragon\\www\\500-STAB-WOUNDS\\vendor\\symfony\\console\\Application.php(1094): Illuminate\\Console\\Command->run(Object(Symfony\\Component\\Console\\Input\\ArgvInput), Object(Symfony\\Component\\Console\\Output\\ConsoleOutput))
#42 C:\\laragon\\www\\500-STAB-WOUNDS\\vendor\\symfony\\console\\Application.php(342): Symfony\\Component\\Console\\Application->doRunCommand(Object(Illuminate\\Database\\Console\\Migrations\\FreshCommand), Object(Symfony\\Component\\Console\\Input\\ArgvInput), Object(Symfony\\Component\\Console\\Output\\ConsoleOutput))
#43 C:\\laragon\\www\\500-STAB-WOUNDS\\vendor\\symfony\\console\\Application.php(193): Symfony\\Component\\Console\\Application->doRun(Object(Symfony\\Component\\Console\\Input\\ArgvInput), Object(Symfony\\Component\\Console\\Output\\ConsoleOutput))
#44 C:\\laragon\\www\\500-STAB-WOUNDS\\vendor\\laravel\\framework\\src\\Illuminate\\Foundation\\Console\\Kernel.php(197): Symfony\\Component\\Console\\Application->run(Object(Symfony\\Component\\Console\\Input\\ArgvInput), Object(Symfony\\Component\\Console\\Output\\ConsoleOutput))
#45 C:\\laragon\\www\\500-STAB-WOUNDS\\vendor\\laravel\\framework\\src\\Illuminate\\Foundation\\Application.php(1234): Illuminate\\Foundation\\Console\\Kernel->handle(Object(Symfony\\Component\\Console\\Input\\ArgvInput), Object(Symfony\\Component\\Console\\Output\\ConsoleOutput))
#46 C:\\laragon\\www\\500-STAB-WOUNDS\\artisan(16): Illuminate\\Foundation\\Application->handleCommand(Object(Symfony\\Component\\Console\\Input\\ArgvInput))
#47 {main}
"} 
[2025-05-01 12:33:02] local.ERROR: Target class [Database\Seeders\SalesSeeder] does not exist. {"exception":"[object] (Illuminate\\Contracts\\Container\\BindingResolutionException(code: 0): Target class [Database\\Seeders\\SalesSeeder] does not exist. at C:\\laragon\\www\\500-STAB-WOUNDS\\vendor\\laravel\\framework\\src\\Illuminate\\Container\\Container.php:1019)
[stacktrace]
#0 C:\\laragon\\www\\500-STAB-WOUNDS\\vendor\\laravel\\framework\\src\\Illuminate\\Container\\Container.php(890): Illuminate\\Container\\Container->build('Database\\\\Seeder...')
#1 C:\\laragon\\www\\500-STAB-WOUNDS\\vendor\\laravel\\framework\\src\\Illuminate\\Foundation\\Application.php(1077): Illuminate\\Container\\Container->resolve('Database\\\\Seeder...', Array, true)
#2 C:\\laragon\\www\\500-STAB-WOUNDS\\vendor\\laravel\\framework\\src\\Illuminate\\Container\\Container.php(821): Illuminate\\Foundation\\Application->resolve('Database\\\\Seeder...', Array)
#3 C:\\laragon\\www\\500-STAB-WOUNDS\\vendor\\laravel\\framework\\src\\Illuminate\\Foundation\\Application.php(1057): Illuminate\\Container\\Container->make('Database\\\\Seeder...', Array)
#4 C:\\laragon\\www\\500-STAB-WOUNDS\\vendor\\laravel\\framework\\src\\Illuminate\\Database\\Seeder.php(133): Illuminate\\Foundation\\Application->make('Database\\\\Seeder...')
#5 C:\\laragon\\www\\500-STAB-WOUNDS\\vendor\\laravel\\framework\\src\\Illuminate\\Database\\Seeder.php(48): Illuminate\\Database\\Seeder->resolve('Database\\\\Seeder...')
#6 C:\\laragon\\www\\500-STAB-WOUNDS\\database\\seeders\\DatabaseSeeder.php(18): Illuminate\\Database\\Seeder->call('Database\\\\Seeder...')
#7 C:\\laragon\\www\\500-STAB-WOUNDS\\vendor\\laravel\\framework\\src\\Illuminate\\Container\\BoundMethod.php(36): Database\\Seeders\\DatabaseSeeder->run()
#8 C:\\laragon\\www\\500-STAB-WOUNDS\\vendor\\laravel\\framework\\src\\Illuminate\\Container\\Util.php(43): Illuminate\\Container\\BoundMethod::{closure:Illuminate\\Container\\BoundMethod::call():35}()
#9 C:\\laragon\\www\\500-STAB-WOUNDS\\vendor\\laravel\\framework\\src\\Illuminate\\Container\\BoundMethod.php(96): Illuminate\\Container\\Util::unwrapIfClosure(Object(Closure))
#10 C:\\laragon\\www\\500-STAB-WOUNDS\\vendor\\laravel\\framework\\src\\Illuminate\\Container\\BoundMethod.php(35): Illuminate\\Container\\BoundMethod::callBoundMethod(Object(Illuminate\\Foundation\\Application), Array, Object(Closure))
#11 C:\\laragon\\www\\500-STAB-WOUNDS\\vendor\\laravel\\framework\\src\\Illuminate\\Container\\Container.php(754): Illuminate\\Container\\BoundMethod::call(Object(Illuminate\\Foundation\\Application), Array, Array, NULL)
#12 C:\\laragon\\www\\500-STAB-WOUNDS\\vendor\\laravel\\framework\\src\\Illuminate\\Database\\Seeder.php(188): Illuminate\\Container\\Container->call(Array, Array)
#13 C:\\laragon\\www\\500-STAB-WOUNDS\\vendor\\laravel\\framework\\src\\Illuminate\\Database\\Seeder.php(197): Illuminate\\Database\\Seeder->{closure:Illuminate\\Database\\Seeder::__invoke():187}()
#14 C:\\laragon\\www\\500-STAB-WOUNDS\\vendor\\laravel\\framework\\src\\Illuminate\\Database\\Console\\Seeds\\SeedCommand.php(71): Illuminate\\Database\\Seeder->__invoke()
#15 C:\\laragon\\www\\500-STAB-WOUNDS\\vendor\\laravel\\framework\\src\\Illuminate\\Database\\Eloquent\\Concerns\\GuardsAttributes.php(155): Illuminate\\Database\\Console\\Seeds\\SeedCommand->{closure:Illuminate\\Database\\Console\\Seeds\\SeedCommand::handle():70}()
#16 C:\\laragon\\www\\500-STAB-WOUNDS\\vendor\\laravel\\framework\\src\\Illuminate\\Database\\Console\\Seeds\\SeedCommand.php(70): Illuminate\\Database\\Eloquent\\Model::unguarded(Object(Closure))
#17 C:\\laragon\\www\\500-STAB-WOUNDS\\vendor\\laravel\\framework\\src\\Illuminate\\Container\\BoundMethod.php(36): Illuminate\\Database\\Console\\Seeds\\SeedCommand->handle()
#18 C:\\laragon\\www\\500-STAB-WOUNDS\\vendor\\laravel\\framework\\src\\Illuminate\\Container\\Util.php(43): Illuminate\\Container\\BoundMethod::{closure:Illuminate\\Container\\BoundMethod::call():35}()
#19 C:\\laragon\\www\\500-STAB-WOUNDS\\vendor\\laravel\\framework\\src\\Illuminate\\Container\\BoundMethod.php(96): Illuminate\\Container\\Util::unwrapIfClosure(Object(Closure))
#20 C:\\laragon\\www\\500-STAB-WOUNDS\\vendor\\laravel\\framework\\src\\Illuminate\\Container\\BoundMethod.php(35): Illuminate\\Container\\BoundMethod::callBoundMethod(Object(Illuminate\\Foundation\\Application), Array, Object(Closure))
#21 C:\\laragon\\www\\500-STAB-WOUNDS\\vendor\\laravel\\framework\\src\\Illuminate\\Container\\Container.php(754): Illuminate\\Container\\BoundMethod::call(Object(Illuminate\\Foundation\\Application), Array, Array, NULL)
#22 C:\\laragon\\www\\500-STAB-WOUNDS\\vendor\\laravel\\framework\\src\\Illuminate\\Console\\Command.php(211): Illuminate\\Container\\Container->call(Array)
#23 C:\\laragon\\www\\500-STAB-WOUNDS\\vendor\\symfony\\console\\Command\\Command.php(279): Illuminate\\Console\\Command->execute(Object(Symfony\\Component\\Console\\Input\\ArrayInput), Object(Illuminate\\Console\\OutputStyle))
#24 C:\\laragon\\www\\500-STAB-WOUNDS\\vendor\\laravel\\framework\\src\\Illuminate\\Console\\Command.php(180): Symfony\\Component\\Console\\Command\\Command->run(Object(Symfony\\Component\\Console\\Input\\ArrayInput), Object(Illuminate\\Console\\OutputStyle))
#25 C:\\laragon\\www\\500-STAB-WOUNDS\\vendor\\laravel\\framework\\src\\Illuminate\\Console\\Concerns\\CallsCommands.php(68): Illuminate\\Console\\Command->run(Object(Symfony\\Component\\Console\\Input\\ArrayInput), Object(Illuminate\\Console\\OutputStyle))
#26 C:\\laragon\\www\\500-STAB-WOUNDS\\vendor\\laravel\\framework\\src\\Illuminate\\Console\\Concerns\\CallsCommands.php(29): Illuminate\\Console\\Command->runCommand('db:seed', Array, Object(Illuminate\\Console\\OutputStyle))
#27 C:\\laragon\\www\\500-STAB-WOUNDS\\vendor\\laravel\\framework\\src\\Illuminate\\Database\\Console\\Migrations\\FreshCommand.php(121): Illuminate\\Console\\Command->call('db:seed', Array)
#28 C:\\laragon\\www\\500-STAB-WOUNDS\\vendor\\laravel\\framework\\src\\Illuminate\\Database\\Console\\Migrations\\FreshCommand.php(97): Illuminate\\Database\\Console\\Migrations\\FreshCommand->runSeeder(NULL)
#29 C:\\laragon\\www\\500-STAB-WOUNDS\\vendor\\laravel\\framework\\src\\Illuminate\\Container\\BoundMethod.php(36): Illuminate\\Database\\Console\\Migrations\\FreshCommand->handle()
#30 C:\\laragon\\www\\500-STAB-WOUNDS\\vendor\\laravel\\framework\\src\\Illuminate\\Container\\Util.php(43): Illuminate\\Container\\BoundMethod::{closure:Illuminate\\Container\\BoundMethod::call():35}()
#31 C:\\laragon\\www\\500-STAB-WOUNDS\\vendor\\laravel\\framework\\src\\Illuminate\\Container\\BoundMethod.php(96): Illuminate\\Container\\Util::unwrapIfClosure(Object(Closure))
#32 C:\\laragon\\www\\500-STAB-WOUNDS\\vendor\\laravel\\framework\\src\\Illuminate\\Container\\BoundMethod.php(35): Illuminate\\Container\\BoundMethod::callBoundMethod(Object(Illuminate\\Foundation\\Application), Array, Object(Closure))
#33 C:\\laragon\\www\\500-STAB-WOUNDS\\vendor\\laravel\\framework\\src\\Illuminate\\Container\\Container.php(754): Illuminate\\Container\\BoundMethod::call(Object(Illuminate\\Foundation\\Application), Array, Array, NULL)
#34 C:\\laragon\\www\\500-STAB-WOUNDS\\vendor\\laravel\\framework\\src\\Illuminate\\Console\\Command.php(211): Illuminate\\Container\\Container->call(Array)
#35 C:\\laragon\\www\\500-STAB-WOUNDS\\vendor\\symfony\\console\\Command\\Command.php(279): Illuminate\\Console\\Command->execute(Object(Symfony\\Component\\Console\\Input\\ArgvInput), Object(Illuminate\\Console\\OutputStyle))
#36 C:\\laragon\\www\\500-STAB-WOUNDS\\vendor\\laravel\\framework\\src\\Illuminate\\Console\\Command.php(180): Symfony\\Component\\Console\\Command\\Command->run(Object(Symfony\\Component\\Console\\Input\\ArgvInput), Object(Illuminate\\Console\\OutputStyle))
#37 C:\\laragon\\www\\500-STAB-WOUNDS\\vendor\\symfony\\console\\Application.php(1094): Illuminate\\Console\\Command->run(Object(Symfony\\Component\\Console\\Input\\ArgvInput), Object(Symfony\\Component\\Console\\Output\\ConsoleOutput))
#38 C:\\laragon\\www\\500-STAB-WOUNDS\\vendor\\symfony\\console\\Application.php(342): Symfony\\Component\\Console\\Application->doRunCommand(Object(Illuminate\\Database\\Console\\Migrations\\FreshCommand), Object(Symfony\\Component\\Console\\Input\\ArgvInput), Object(Symfony\\Component\\Console\\Output\\ConsoleOutput))
#39 C:\\laragon\\www\\500-STAB-WOUNDS\\vendor\\symfony\\console\\Application.php(193): Symfony\\Component\\Console\\Application->doRun(Object(Symfony\\Component\\Console\\Input\\ArgvInput), Object(Symfony\\Component\\Console\\Output\\ConsoleOutput))
#40 C:\\laragon\\www\\500-STAB-WOUNDS\\vendor\\laravel\\framework\\src\\Illuminate\\Foundation\\Console\\Kernel.php(197): Symfony\\Component\\Console\\Application->run(Object(Symfony\\Component\\Console\\Input\\ArgvInput), Object(Symfony\\Component\\Console\\Output\\ConsoleOutput))
#41 C:\\laragon\\www\\500-STAB-WOUNDS\\vendor\\laravel\\framework\\src\\Illuminate\\Foundation\\Application.php(1234): Illuminate\\Foundation\\Console\\Kernel->handle(Object(Symfony\\Component\\Console\\Input\\ArgvInput), Object(Symfony\\Component\\Console\\Output\\ConsoleOutput))
#42 C:\\laragon\\www\\500-STAB-WOUNDS\\artisan(16): Illuminate\\Foundation\\Application->handleCommand(Object(Symfony\\Component\\Console\\Input\\ArgvInput))
#43 {main}

[previous exception] [object] (ReflectionException(code: -1): Class \"Database\\Seeders\\SalesSeeder\" does not exist at C:\\laragon\\www\\500-STAB-WOUNDS\\vendor\\laravel\\framework\\src\\Illuminate\\Container\\Container.php:1017)
[stacktrace]
#0 C:\\laragon\\www\\500-STAB-WOUNDS\\vendor\\laravel\\framework\\src\\Illuminate\\Container\\Container.php(1017): ReflectionClass->__construct('Database\\\\Seeder...')
#1 C:\\laragon\\www\\500-STAB-WOUNDS\\vendor\\laravel\\framework\\src\\Illuminate\\Container\\Container.php(890): Illuminate\\Container\\Container->build('Database\\\\Seeder...')
#2 C:\\laragon\\www\\500-STAB-WOUNDS\\vendor\\laravel\\framework\\src\\Illuminate\\Foundation\\Application.php(1077): Illuminate\\Container\\Container->resolve('Database\\\\Seeder...', Array, true)
#3 C:\\laragon\\www\\500-STAB-WOUNDS\\vendor\\laravel\\framework\\src\\Illuminate\\Container\\Container.php(821): Illuminate\\Foundation\\Application->resolve('Database\\\\Seeder...', Array)
#4 C:\\laragon\\www\\500-STAB-WOUNDS\\vendor\\laravel\\framework\\src\\Illuminate\\Foundation\\Application.php(1057): Illuminate\\Container\\Container->make('Database\\\\Seeder...', Array)
#5 C:\\laragon\\www\\500-STAB-WOUNDS\\vendor\\laravel\\framework\\src\\Illuminate\\Database\\Seeder.php(133): Illuminate\\Foundation\\Application->make('Database\\\\Seeder...')
#6 C:\\laragon\\www\\500-STAB-WOUNDS\\vendor\\laravel\\framework\\src\\Illuminate\\Database\\Seeder.php(48): Illuminate\\Database\\Seeder->resolve('Database\\\\Seeder...')
#7 C:\\laragon\\www\\500-STAB-WOUNDS\\database\\seeders\\DatabaseSeeder.php(18): Illuminate\\Database\\Seeder->call('Database\\\\Seeder...')
#8 C:\\laragon\\www\\500-STAB-WOUNDS\\vendor\\laravel\\framework\\src\\Illuminate\\Container\\BoundMethod.php(36): Database\\Seeders\\DatabaseSeeder->run()
#9 C:\\laragon\\www\\500-STAB-WOUNDS\\vendor\\laravel\\framework\\src\\Illuminate\\Container\\Util.php(43): Illuminate\\Container\\BoundMethod::{closure:Illuminate\\Container\\BoundMethod::call():35}()
#10 C:\\laragon\\www\\500-STAB-WOUNDS\\vendor\\laravel\\framework\\src\\Illuminate\\Container\\BoundMethod.php(96): Illuminate\\Container\\Util::unwrapIfClosure(Object(Closure))
#11 C:\\laragon\\www\\500-STAB-WOUNDS\\vendor\\laravel\\framework\\src\\Illuminate\\Container\\BoundMethod.php(35): Illuminate\\Container\\BoundMethod::callBoundMethod(Object(Illuminate\\Foundation\\Application), Array, Object(Closure))
#12 C:\\laragon\\www\\500-STAB-WOUNDS\\vendor\\laravel\\framework\\src\\Illuminate\\Container\\Container.php(754): Illuminate\\Container\\BoundMethod::call(Object(Illuminate\\Foundation\\Application), Array, Array, NULL)
#13 C:\\laragon\\www\\500-STAB-WOUNDS\\vendor\\laravel\\framework\\src\\Illuminate\\Database\\Seeder.php(188): Illuminate\\Container\\Container->call(Array, Array)
#14 C:\\laragon\\www\\500-STAB-WOUNDS\\vendor\\laravel\\framework\\src\\Illuminate\\Database\\Seeder.php(197): Illuminate\\Database\\Seeder->{closure:Illuminate\\Database\\Seeder::__invoke():187}()
#15 C:\\laragon\\www\\500-STAB-WOUNDS\\vendor\\laravel\\framework\\src\\Illuminate\\Database\\Console\\Seeds\\SeedCommand.php(71): Illuminate\\Database\\Seeder->__invoke()
#16 C:\\laragon\\www\\500-STAB-WOUNDS\\vendor\\laravel\\framework\\src\\Illuminate\\Database\\Eloquent\\Concerns\\GuardsAttributes.php(155): Illuminate\\Database\\Console\\Seeds\\SeedCommand->{closure:Illuminate\\Database\\Console\\Seeds\\SeedCommand::handle():70}()
#17 C:\\laragon\\www\\500-STAB-WOUNDS\\vendor\\laravel\\framework\\src\\Illuminate\\Database\\Console\\Seeds\\SeedCommand.php(70): Illuminate\\Database\\Eloquent\\Model::unguarded(Object(Closure))
#18 C:\\laragon\\www\\500-STAB-WOUNDS\\vendor\\laravel\\framework\\src\\Illuminate\\Container\\BoundMethod.php(36): Illuminate\\Database\\Console\\Seeds\\SeedCommand->handle()
#19 C:\\laragon\\www\\500-STAB-WOUNDS\\vendor\\laravel\\framework\\src\\Illuminate\\Container\\Util.php(43): Illuminate\\Container\\BoundMethod::{closure:Illuminate\\Container\\BoundMethod::call():35}()
#20 C:\\laragon\\www\\500-STAB-WOUNDS\\vendor\\laravel\\framework\\src\\Illuminate\\Container\\BoundMethod.php(96): Illuminate\\Container\\Util::unwrapIfClosure(Object(Closure))
#21 C:\\laragon\\www\\500-STAB-WOUNDS\\vendor\\laravel\\framework\\src\\Illuminate\\Container\\BoundMethod.php(35): Illuminate\\Container\\BoundMethod::callBoundMethod(Object(Illuminate\\Foundation\\Application), Array, Object(Closure))
#22 C:\\laragon\\www\\500-STAB-WOUNDS\\vendor\\laravel\\framework\\src\\Illuminate\\Container\\Container.php(754): Illuminate\\Container\\BoundMethod::call(Object(Illuminate\\Foundation\\Application), Array, Array, NULL)
#23 C:\\laragon\\www\\500-STAB-WOUNDS\\vendor\\laravel\\framework\\src\\Illuminate\\Console\\Command.php(211): Illuminate\\Container\\Container->call(Array)
#24 C:\\laragon\\www\\500-STAB-WOUNDS\\vendor\\symfony\\console\\Command\\Command.php(279): Illuminate\\Console\\Command->execute(Object(Symfony\\Component\\Console\\Input\\ArrayInput), Object(Illuminate\\Console\\OutputStyle))
#25 C:\\laragon\\www\\500-STAB-WOUNDS\\vendor\\laravel\\framework\\src\\Illuminate\\Console\\Command.php(180): Symfony\\Component\\Console\\Command\\Command->run(Object(Symfony\\Component\\Console\\Input\\ArrayInput), Object(Illuminate\\Console\\OutputStyle))
#26 C:\\laragon\\www\\500-STAB-WOUNDS\\vendor\\laravel\\framework\\src\\Illuminate\\Console\\Concerns\\CallsCommands.php(68): Illuminate\\Console\\Command->run(Object(Symfony\\Component\\Console\\Input\\ArrayInput), Object(Illuminate\\Console\\OutputStyle))
#27 C:\\laragon\\www\\500-STAB-WOUNDS\\vendor\\laravel\\framework\\src\\Illuminate\\Console\\Concerns\\CallsCommands.php(29): Illuminate\\Console\\Command->runCommand('db:seed', Array, Object(Illuminate\\Console\\OutputStyle))
#28 C:\\laragon\\www\\500-STAB-WOUNDS\\vendor\\laravel\\framework\\src\\Illuminate\\Database\\Console\\Migrations\\FreshCommand.php(121): Illuminate\\Console\\Command->call('db:seed', Array)
#29 C:\\laragon\\www\\500-STAB-WOUNDS\\vendor\\laravel\\framework\\src\\Illuminate\\Database\\Console\\Migrations\\FreshCommand.php(97): Illuminate\\Database\\Console\\Migrations\\FreshCommand->runSeeder(NULL)
#30 C:\\laragon\\www\\500-STAB-WOUNDS\\vendor\\laravel\\framework\\src\\Illuminate\\Container\\BoundMethod.php(36): Illuminate\\Database\\Console\\Migrations\\FreshCommand->handle()
#31 C:\\laragon\\www\\500-STAB-WOUNDS\\vendor\\laravel\\framework\\src\\Illuminate\\Container\\Util.php(43): Illuminate\\Container\\BoundMethod::{closure:Illuminate\\Container\\BoundMethod::call():35}()
#32 C:\\laragon\\www\\500-STAB-WOUNDS\\vendor\\laravel\\framework\\src\\Illuminate\\Container\\BoundMethod.php(96): Illuminate\\Container\\Util::unwrapIfClosure(Object(Closure))
#33 C:\\laragon\\www\\500-STAB-WOUNDS\\vendor\\laravel\\framework\\src\\Illuminate\\Container\\BoundMethod.php(35): Illuminate\\Container\\BoundMethod::callBoundMethod(Object(Illuminate\\Foundation\\Application), Array, Object(Closure))
#34 C:\\laragon\\www\\500-STAB-WOUNDS\\vendor\\laravel\\framework\\src\\Illuminate\\Container\\Container.php(754): Illuminate\\Container\\BoundMethod::call(Object(Illuminate\\Foundation\\Application), Array, Array, NULL)
#35 C:\\laragon\\www\\500-STAB-WOUNDS\\vendor\\laravel\\framework\\src\\Illuminate\\Console\\Command.php(211): Illuminate\\Container\\Container->call(Array)
#36 C:\\laragon\\www\\500-STAB-WOUNDS\\vendor\\symfony\\console\\Command\\Command.php(279): Illuminate\\Console\\Command->execute(Object(Symfony\\Component\\Console\\Input\\ArgvInput), Object(Illuminate\\Console\\OutputStyle))
#37 C:\\laragon\\www\\500-STAB-WOUNDS\\vendor\\laravel\\framework\\src\\Illuminate\\Console\\Command.php(180): Symfony\\Component\\Console\\Command\\Command->run(Object(Symfony\\Component\\Console\\Input\\ArgvInput), Object(Illuminate\\Console\\OutputStyle))
#38 C:\\laragon\\www\\500-STAB-WOUNDS\\vendor\\symfony\\console\\Application.php(1094): Illuminate\\Console\\Command->run(Object(Symfony\\Component\\Console\\Input\\ArgvInput), Object(Symfony\\Component\\Console\\Output\\ConsoleOutput))
#39 C:\\laragon\\www\\500-STAB-WOUNDS\\vendor\\symfony\\console\\Application.php(342): Symfony\\Component\\Console\\Application->doRunCommand(Object(Illuminate\\Database\\Console\\Migrations\\FreshCommand), Object(Symfony\\Component\\Console\\Input\\ArgvInput), Object(Symfony\\Component\\Console\\Output\\ConsoleOutput))
#40 C:\\laragon\\www\\500-STAB-WOUNDS\\vendor\\symfony\\console\\Application.php(193): Symfony\\Component\\Console\\Application->doRun(Object(Symfony\\Component\\Console\\Input\\ArgvInput), Object(Symfony\\Component\\Console\\Output\\ConsoleOutput))
#41 C:\\laragon\\www\\500-STAB-WOUNDS\\vendor\\laravel\\framework\\src\\Illuminate\\Foundation\\Console\\Kernel.php(197): Symfony\\Component\\Console\\Application->run(Object(Symfony\\Component\\Console\\Input\\ArgvInput), Object(Symfony\\Component\\Console\\Output\\ConsoleOutput))
#42 C:\\laragon\\www\\500-STAB-WOUNDS\\vendor\\laravel\\framework\\src\\Illuminate\\Foundation\\Application.php(1234): Illuminate\\Foundation\\Console\\Kernel->handle(Object(Symfony\\Component\\Console\\Input\\ArgvInput), Object(Symfony\\Component\\Console\\Output\\ConsoleOutput))
#43 C:\\laragon\\www\\500-STAB-WOUNDS\\artisan(16): Illuminate\\Foundation\\Application->handleCommand(Object(Symfony\\Component\\Console\\Input\\ArgvInput))
#44 {main}
"} 
[2025-05-01 12:35:01] local.ERROR: SQLSTATE[01000]: Warning: 1265 Data truncated for column 'units_sold' at row 1 (Connection: mysql, SQL: insert into `sale_items` (`sale_id`, `product_id`, `units_sold`, `unit_price`, `total_sales`, `updated_at`, `created_at`) values (1, 1, 2023-07-31, 2023-01-22, 2023-01-22, 2025-05-01 12:35:01, 2025-05-01 12:35:01)) {"exception":"[object] (Illuminate\\Database\\QueryException(code: 01000): SQLSTATE[01000]: Warning: 1265 Data truncated for column 'units_sold' at row 1 (Connection: mysql, SQL: insert into `sale_items` (`sale_id`, `product_id`, `units_sold`, `unit_price`, `total_sales`, `updated_at`, `created_at`) values (1, 1, 2023-07-31, 2023-01-22, 2023-01-22, 2025-05-01 12:35:01, 2025-05-01 12:35:01)) at C:\\laragon\\www\\500-STAB-WOUNDS\\vendor\\laravel\\framework\\src\\Illuminate\\Database\\Connection.php:822)
[stacktrace]
#0 C:\\laragon\\www\\500-STAB-WOUNDS\\vendor\\laravel\\framework\\src\\Illuminate\\Database\\Connection.php(776): Illuminate\\Database\\Connection->runQueryCallback('insert into `sa...', Array, Object(Closure))
#1 C:\\laragon\\www\\500-STAB-WOUNDS\\vendor\\laravel\\framework\\src\\Illuminate\\Database\\MySqlConnection.php(42): Illuminate\\Database\\Connection->run('insert into `sa...', Array, Object(Closure))
#2 C:\\laragon\\www\\500-STAB-WOUNDS\\vendor\\laravel\\framework\\src\\Illuminate\\Database\\Query\\Processors\\MySqlProcessor.php(35): Illuminate\\Database\\MySqlConnection->insert('insert into `sa...', Array, 'id')
#3 C:\\laragon\\www\\500-STAB-WOUNDS\\vendor\\laravel\\framework\\src\\Illuminate\\Database\\Query\\Builder.php(3779): Illuminate\\Database\\Query\\Processors\\MySqlProcessor->processInsertGetId(Object(Illuminate\\Database\\Query\\Builder), 'insert into `sa...', Array, 'id')
#4 C:\\laragon\\www\\500-STAB-WOUNDS\\vendor\\laravel\\framework\\src\\Illuminate\\Database\\Eloquent\\Builder.php(2204): Illuminate\\Database\\Query\\Builder->insertGetId(Array, 'id')
#5 C:\\laragon\\www\\500-STAB-WOUNDS\\vendor\\laravel\\framework\\src\\Illuminate\\Database\\Eloquent\\Model.php(1408): Illuminate\\Database\\Eloquent\\Builder->__call('insertGetId', Array)
#6 C:\\laragon\\www\\500-STAB-WOUNDS\\vendor\\laravel\\framework\\src\\Illuminate\\Database\\Eloquent\\Model.php(1373): Illuminate\\Database\\Eloquent\\Model->insertAndSetId(Object(Illuminate\\Database\\Eloquent\\Builder), Array)
#7 C:\\laragon\\www\\500-STAB-WOUNDS\\vendor\\laravel\\framework\\src\\Illuminate\\Database\\Eloquent\\Model.php(1212): Illuminate\\Database\\Eloquent\\Model->performInsert(Object(Illuminate\\Database\\Eloquent\\Builder))
#8 C:\\laragon\\www\\500-STAB-WOUNDS\\vendor\\laravel\\framework\\src\\Illuminate\\Database\\Eloquent\\Builder.php(1188): Illuminate\\Database\\Eloquent\\Model->save()
#9 C:\\laragon\\www\\500-STAB-WOUNDS\\vendor\\laravel\\framework\\src\\Illuminate\\Support\\helpers.php(399): Illuminate\\Database\\Eloquent\\Builder->{closure:Illuminate\\Database\\Eloquent\\Builder::create():1187}(Object(App\\Models\\SaleItem))
#10 C:\\laragon\\www\\500-STAB-WOUNDS\\vendor\\laravel\\framework\\src\\Illuminate\\Database\\Eloquent\\Builder.php(1187): tap(Object(App\\Models\\SaleItem), Object(Closure))
#11 C:\\laragon\\www\\500-STAB-WOUNDS\\vendor\\laravel\\framework\\src\\Illuminate\\Support\\Traits\\ForwardsCalls.php(23): Illuminate\\Database\\Eloquent\\Builder->create(Array)
#12 C:\\laragon\\www\\500-STAB-WOUNDS\\vendor\\laravel\\framework\\src\\Illuminate\\Database\\Eloquent\\Model.php(2449): Illuminate\\Database\\Eloquent\\Model->forwardCallTo(Object(Illuminate\\Database\\Eloquent\\Builder), 'create', Array)
#13 C:\\laragon\\www\\500-STAB-WOUNDS\\vendor\\laravel\\framework\\src\\Illuminate\\Database\\Eloquent\\Model.php(2465): Illuminate\\Database\\Eloquent\\Model->__call('create', Array)
#14 C:\\laragon\\www\\500-STAB-WOUNDS\\database\\seeders\\SalesSeeder.php(40): Illuminate\\Database\\Eloquent\\Model::__callStatic('create', Array)
#15 C:\\laragon\\www\\500-STAB-WOUNDS\\vendor\\laravel\\framework\\src\\Illuminate\\Container\\BoundMethod.php(36): Database\\Seeders\\SalesSeeder->run()
#16 C:\\laragon\\www\\500-STAB-WOUNDS\\vendor\\laravel\\framework\\src\\Illuminate\\Container\\Util.php(43): Illuminate\\Container\\BoundMethod::{closure:Illuminate\\Container\\BoundMethod::call():35}()
#17 C:\\laragon\\www\\500-STAB-WOUNDS\\vendor\\laravel\\framework\\src\\Illuminate\\Container\\BoundMethod.php(96): Illuminate\\Container\\Util::unwrapIfClosure(Object(Closure))
#18 C:\\laragon\\www\\500-STAB-WOUNDS\\vendor\\laravel\\framework\\src\\Illuminate\\Container\\BoundMethod.php(35): Illuminate\\Container\\BoundMethod::callBoundMethod(Object(Illuminate\\Foundation\\Application), Array, Object(Closure))
#19 C:\\laragon\\www\\500-STAB-WOUNDS\\vendor\\laravel\\framework\\src\\Illuminate\\Container\\Container.php(754): Illuminate\\Container\\BoundMethod::call(Object(Illuminate\\Foundation\\Application), Array, Array, NULL)
#20 C:\\laragon\\www\\500-STAB-WOUNDS\\vendor\\laravel\\framework\\src\\Illuminate\\Database\\Seeder.php(188): Illuminate\\Container\\Container->call(Array, Array)
#21 C:\\laragon\\www\\500-STAB-WOUNDS\\vendor\\laravel\\framework\\src\\Illuminate\\Database\\Seeder.php(197): Illuminate\\Database\\Seeder->{closure:Illuminate\\Database\\Seeder::__invoke():187}()
#22 C:\\laragon\\www\\500-STAB-WOUNDS\\vendor\\laravel\\framework\\src\\Illuminate\\Database\\Seeder.php(61): Illuminate\\Database\\Seeder->__invoke(Array)
#23 C:\\laragon\\www\\500-STAB-WOUNDS\\database\\seeders\\DatabaseSeeder.php(18): Illuminate\\Database\\Seeder->call('Database\\\\Seeder...')
#24 C:\\laragon\\www\\500-STAB-WOUNDS\\vendor\\laravel\\framework\\src\\Illuminate\\Container\\BoundMethod.php(36): Database\\Seeders\\DatabaseSeeder->run()
#25 C:\\laragon\\www\\500-STAB-WOUNDS\\vendor\\laravel\\framework\\src\\Illuminate\\Container\\Util.php(43): Illuminate\\Container\\BoundMethod::{closure:Illuminate\\Container\\BoundMethod::call():35}()
#26 C:\\laragon\\www\\500-STAB-WOUNDS\\vendor\\laravel\\framework\\src\\Illuminate\\Container\\BoundMethod.php(96): Illuminate\\Container\\Util::unwrapIfClosure(Object(Closure))
#27 C:\\laragon\\www\\500-STAB-WOUNDS\\vendor\\laravel\\framework\\src\\Illuminate\\Container\\BoundMethod.php(35): Illuminate\\Container\\BoundMethod::callBoundMethod(Object(Illuminate\\Foundation\\Application), Array, Object(Closure))
#28 C:\\laragon\\www\\500-STAB-WOUNDS\\vendor\\laravel\\framework\\src\\Illuminate\\Container\\Container.php(754): Illuminate\\Container\\BoundMethod::call(Object(Illuminate\\Foundation\\Application), Array, Array, NULL)
#29 C:\\laragon\\www\\500-STAB-WOUNDS\\vendor\\laravel\\framework\\src\\Illuminate\\Database\\Seeder.php(188): Illuminate\\Container\\Container->call(Array, Array)
#30 C:\\laragon\\www\\500-STAB-WOUNDS\\vendor\\laravel\\framework\\src\\Illuminate\\Database\\Seeder.php(197): Illuminate\\Database\\Seeder->{closure:Illuminate\\Database\\Seeder::__invoke():187}()
#31 C:\\laragon\\www\\500-STAB-WOUNDS\\vendor\\laravel\\framework\\src\\Illuminate\\Database\\Console\\Seeds\\SeedCommand.php(71): Illuminate\\Database\\Seeder->__invoke()
#32 C:\\laragon\\www\\500-STAB-WOUNDS\\vendor\\laravel\\framework\\src\\Illuminate\\Database\\Eloquent\\Concerns\\GuardsAttributes.php(155): Illuminate\\Database\\Console\\Seeds\\SeedCommand->{closure:Illuminate\\Database\\Console\\Seeds\\SeedCommand::handle():70}()
#33 C:\\laragon\\www\\500-STAB-WOUNDS\\vendor\\laravel\\framework\\src\\Illuminate\\Database\\Console\\Seeds\\SeedCommand.php(70): Illuminate\\Database\\Eloquent\\Model::unguarded(Object(Closure))
#34 C:\\laragon\\www\\500-STAB-WOUNDS\\vendor\\laravel\\framework\\src\\Illuminate\\Container\\BoundMethod.php(36): Illuminate\\Database\\Console\\Seeds\\SeedCommand->handle()
#35 C:\\laragon\\www\\500-STAB-WOUNDS\\vendor\\laravel\\framework\\src\\Illuminate\\Container\\Util.php(43): Illuminate\\Container\\BoundMethod::{closure:Illuminate\\Container\\BoundMethod::call():35}()
#36 C:\\laragon\\www\\500-STAB-WOUNDS\\vendor\\laravel\\framework\\src\\Illuminate\\Container\\BoundMethod.php(96): Illuminate\\Container\\Util::unwrapIfClosure(Object(Closure))
#37 C:\\laragon\\www\\500-STAB-WOUNDS\\vendor\\laravel\\framework\\src\\Illuminate\\Container\\BoundMethod.php(35): Illuminate\\Container\\BoundMethod::callBoundMethod(Object(Illuminate\\Foundation\\Application), Array, Object(Closure))
#38 C:\\laragon\\www\\500-STAB-WOUNDS\\vendor\\laravel\\framework\\src\\Illuminate\\Container\\Container.php(754): Illuminate\\Container\\BoundMethod::call(Object(Illuminate\\Foundation\\Application), Array, Array, NULL)
#39 C:\\laragon\\www\\500-STAB-WOUNDS\\vendor\\laravel\\framework\\src\\Illuminate\\Console\\Command.php(211): Illuminate\\Container\\Container->call(Array)
#40 C:\\laragon\\www\\500-STAB-WOUNDS\\vendor\\symfony\\console\\Command\\Command.php(279): Illuminate\\Console\\Command->execute(Object(Symfony\\Component\\Console\\Input\\ArrayInput), Object(Illuminate\\Console\\OutputStyle))
#41 C:\\laragon\\www\\500-STAB-WOUNDS\\vendor\\laravel\\framework\\src\\Illuminate\\Console\\Command.php(180): Symfony\\Component\\Console\\Command\\Command->run(Object(Symfony\\Component\\Console\\Input\\ArrayInput), Object(Illuminate\\Console\\OutputStyle))
#42 C:\\laragon\\www\\500-STAB-WOUNDS\\vendor\\laravel\\framework\\src\\Illuminate\\Console\\Concerns\\CallsCommands.php(68): Illuminate\\Console\\Command->run(Object(Symfony\\Component\\Console\\Input\\ArrayInput), Object(Illuminate\\Console\\OutputStyle))
#43 C:\\laragon\\www\\500-STAB-WOUNDS\\vendor\\laravel\\framework\\src\\Illuminate\\Console\\Concerns\\CallsCommands.php(29): Illuminate\\Console\\Command->runCommand('db:seed', Array, Object(Illuminate\\Console\\OutputStyle))
#44 C:\\laragon\\www\\500-STAB-WOUNDS\\vendor\\laravel\\framework\\src\\Illuminate\\Database\\Console\\Migrations\\FreshCommand.php(121): Illuminate\\Console\\Command->call('db:seed', Array)
#45 C:\\laragon\\www\\500-STAB-WOUNDS\\vendor\\laravel\\framework\\src\\Illuminate\\Database\\Console\\Migrations\\FreshCommand.php(97): Illuminate\\Database\\Console\\Migrations\\FreshCommand->runSeeder(NULL)
#46 C:\\laragon\\www\\500-STAB-WOUNDS\\vendor\\laravel\\framework\\src\\Illuminate\\Container\\BoundMethod.php(36): Illuminate\\Database\\Console\\Migrations\\FreshCommand->handle()
#47 C:\\laragon\\www\\500-STAB-WOUNDS\\vendor\\laravel\\framework\\src\\Illuminate\\Container\\Util.php(43): Illuminate\\Container\\BoundMethod::{closure:Illuminate\\Container\\BoundMethod::call():35}()
#48 C:\\laragon\\www\\500-STAB-WOUNDS\\vendor\\laravel\\framework\\src\\Illuminate\\Container\\BoundMethod.php(96): Illuminate\\Container\\Util::unwrapIfClosure(Object(Closure))
#49 C:\\laragon\\www\\500-STAB-WOUNDS\\vendor\\laravel\\framework\\src\\Illuminate\\Container\\BoundMethod.php(35): Illuminate\\Container\\BoundMethod::callBoundMethod(Object(Illuminate\\Foundation\\Application), Array, Object(Closure))
#50 C:\\laragon\\www\\500-STAB-WOUNDS\\vendor\\laravel\\framework\\src\\Illuminate\\Container\\Container.php(754): Illuminate\\Container\\BoundMethod::call(Object(Illuminate\\Foundation\\Application), Array, Array, NULL)
#51 C:\\laragon\\www\\500-STAB-WOUNDS\\vendor\\laravel\\framework\\src\\Illuminate\\Console\\Command.php(211): Illuminate\\Container\\Container->call(Array)
#52 C:\\laragon\\www\\500-STAB-WOUNDS\\vendor\\symfony\\console\\Command\\Command.php(279): Illuminate\\Console\\Command->execute(Object(Symfony\\Component\\Console\\Input\\ArgvInput), Object(Illuminate\\Console\\OutputStyle))
#53 C:\\laragon\\www\\500-STAB-WOUNDS\\vendor\\laravel\\framework\\src\\Illuminate\\Console\\Command.php(180): Symfony\\Component\\Console\\Command\\Command->run(Object(Symfony\\Component\\Console\\Input\\ArgvInput), Object(Illuminate\\Console\\OutputStyle))
#54 C:\\laragon\\www\\500-STAB-WOUNDS\\vendor\\symfony\\console\\Application.php(1094): Illuminate\\Console\\Command->run(Object(Symfony\\Component\\Console\\Input\\ArgvInput), Object(Symfony\\Component\\Console\\Output\\ConsoleOutput))
#55 C:\\laragon\\www\\500-STAB-WOUNDS\\vendor\\symfony\\console\\Application.php(342): Symfony\\Component\\Console\\Application->doRunCommand(Object(Illuminate\\Database\\Console\\Migrations\\FreshCommand), Object(Symfony\\Component\\Console\\Input\\ArgvInput), Object(Symfony\\Component\\Console\\Output\\ConsoleOutput))
#56 C:\\laragon\\www\\500-STAB-WOUNDS\\vendor\\symfony\\console\\Application.php(193): Symfony\\Component\\Console\\Application->doRun(Object(Symfony\\Component\\Console\\Input\\ArgvInput), Object(Symfony\\Component\\Console\\Output\\ConsoleOutput))
#57 C:\\laragon\\www\\500-STAB-WOUNDS\\vendor\\laravel\\framework\\src\\Illuminate\\Foundation\\Console\\Kernel.php(197): Symfony\\Component\\Console\\Application->run(Object(Symfony\\Component\\Console\\Input\\ArgvInput), Object(Symfony\\Component\\Console\\Output\\ConsoleOutput))
#58 C:\\laragon\\www\\500-STAB-WOUNDS\\vendor\\laravel\\framework\\src\\Illuminate\\Foundation\\Application.php(1234): Illuminate\\Foundation\\Console\\Kernel->handle(Object(Symfony\\Component\\Console\\Input\\ArgvInput), Object(Symfony\\Component\\Console\\Output\\ConsoleOutput))
#59 C:\\laragon\\www\\500-STAB-WOUNDS\\artisan(16): Illuminate\\Foundation\\Application->handleCommand(Object(Symfony\\Component\\Console\\Input\\ArgvInput))
#60 {main}

[previous exception] [object] (PDOException(code: 01000): SQLSTATE[01000]: Warning: 1265 Data truncated for column 'units_sold' at row 1 at C:\\laragon\\www\\500-STAB-WOUNDS\\vendor\\laravel\\framework\\src\\Illuminate\\Database\\MySqlConnection.php:53)
[stacktrace]
#0 C:\\laragon\\www\\500-STAB-WOUNDS\\vendor\\laravel\\framework\\src\\Illuminate\\Database\\MySqlConnection.php(53): PDOStatement->execute()
#1 C:\\laragon\\www\\500-STAB-WOUNDS\\vendor\\laravel\\framework\\src\\Illuminate\\Database\\Connection.php(809): Illuminate\\Database\\MySqlConnection->{closure:Illuminate\\Database\\MySqlConnection::insert():42}('insert into `sa...', Array)
#2 C:\\laragon\\www\\500-STAB-WOUNDS\\vendor\\laravel\\framework\\src\\Illuminate\\Database\\Connection.php(776): Illuminate\\Database\\Connection->runQueryCallback('insert into `sa...', Array, Object(Closure))
#3 C:\\laragon\\www\\500-STAB-WOUNDS\\vendor\\laravel\\framework\\src\\Illuminate\\Database\\MySqlConnection.php(42): Illuminate\\Database\\Connection->run('insert into `sa...', Array, Object(Closure))
#4 C:\\laragon\\www\\500-STAB-WOUNDS\\vendor\\laravel\\framework\\src\\Illuminate\\Database\\Query\\Processors\\MySqlProcessor.php(35): Illuminate\\Database\\MySqlConnection->insert('insert into `sa...', Array, 'id')
#5 C:\\laragon\\www\\500-STAB-WOUNDS\\vendor\\laravel\\framework\\src\\Illuminate\\Database\\Query\\Builder.php(3779): Illuminate\\Database\\Query\\Processors\\MySqlProcessor->processInsertGetId(Object(Illuminate\\Database\\Query\\Builder), 'insert into `sa...', Array, 'id')
#6 C:\\laragon\\www\\500-STAB-WOUNDS\\vendor\\laravel\\framework\\src\\Illuminate\\Database\\Eloquent\\Builder.php(2204): Illuminate\\Database\\Query\\Builder->insertGetId(Array, 'id')
#7 C:\\laragon\\www\\500-STAB-WOUNDS\\vendor\\laravel\\framework\\src\\Illuminate\\Database\\Eloquent\\Model.php(1408): Illuminate\\Database\\Eloquent\\Builder->__call('insertGetId', Array)
#8 C:\\laragon\\www\\500-STAB-WOUNDS\\vendor\\laravel\\framework\\src\\Illuminate\\Database\\Eloquent\\Model.php(1373): Illuminate\\Database\\Eloquent\\Model->insertAndSetId(Object(Illuminate\\Database\\Eloquent\\Builder), Array)
#9 C:\\laragon\\www\\500-STAB-WOUNDS\\vendor\\laravel\\framework\\src\\Illuminate\\Database\\Eloquent\\Model.php(1212): Illuminate\\Database\\Eloquent\\Model->performInsert(Object(Illuminate\\Database\\Eloquent\\Builder))
#10 C:\\laragon\\www\\500-STAB-WOUNDS\\vendor\\laravel\\framework\\src\\Illuminate\\Database\\Eloquent\\Builder.php(1188): Illuminate\\Database\\Eloquent\\Model->save()
#11 C:\\laragon\\www\\500-STAB-WOUNDS\\vendor\\laravel\\framework\\src\\Illuminate\\Support\\helpers.php(399): Illuminate\\Database\\Eloquent\\Builder->{closure:Illuminate\\Database\\Eloquent\\Builder::create():1187}(Object(App\\Models\\SaleItem))
#12 C:\\laragon\\www\\500-STAB-WOUNDS\\vendor\\laravel\\framework\\src\\Illuminate\\Database\\Eloquent\\Builder.php(1187): tap(Object(App\\Models\\SaleItem), Object(Closure))
#13 C:\\laragon\\www\\500-STAB-WOUNDS\\vendor\\laravel\\framework\\src\\Illuminate\\Support\\Traits\\ForwardsCalls.php(23): Illuminate\\Database\\Eloquent\\Builder->create(Array)
#14 C:\\laragon\\www\\500-STAB-WOUNDS\\vendor\\laravel\\framework\\src\\Illuminate\\Database\\Eloquent\\Model.php(2449): Illuminate\\Database\\Eloquent\\Model->forwardCallTo(Object(Illuminate\\Database\\Eloquent\\Builder), 'create', Array)
#15 C:\\laragon\\www\\500-STAB-WOUNDS\\vendor\\laravel\\framework\\src\\Illuminate\\Database\\Eloquent\\Model.php(2465): Illuminate\\Database\\Eloquent\\Model->__call('create', Array)
#16 C:\\laragon\\www\\500-STAB-WOUNDS\\database\\seeders\\SalesSeeder.php(40): Illuminate\\Database\\Eloquent\\Model::__callStatic('create', Array)
#17 C:\\laragon\\www\\500-STAB-WOUNDS\\vendor\\laravel\\framework\\src\\Illuminate\\Container\\BoundMethod.php(36): Database\\Seeders\\SalesSeeder->run()
#18 C:\\laragon\\www\\500-STAB-WOUNDS\\vendor\\laravel\\framework\\src\\Illuminate\\Container\\Util.php(43): Illuminate\\Container\\BoundMethod::{closure:Illuminate\\Container\\BoundMethod::call():35}()
#19 C:\\laragon\\www\\500-STAB-WOUNDS\\vendor\\laravel\\framework\\src\\Illuminate\\Container\\BoundMethod.php(96): Illuminate\\Container\\Util::unwrapIfClosure(Object(Closure))
#20 C:\\laragon\\www\\500-STAB-WOUNDS\\vendor\\laravel\\framework\\src\\Illuminate\\Container\\BoundMethod.php(35): Illuminate\\Container\\BoundMethod::callBoundMethod(Object(Illuminate\\Foundation\\Application), Array, Object(Closure))
#21 C:\\laragon\\www\\500-STAB-WOUNDS\\vendor\\laravel\\framework\\src\\Illuminate\\Container\\Container.php(754): Illuminate\\Container\\BoundMethod::call(Object(Illuminate\\Foundation\\Application), Array, Array, NULL)
#22 C:\\laragon\\www\\500-STAB-WOUNDS\\vendor\\laravel\\framework\\src\\Illuminate\\Database\\Seeder.php(188): Illuminate\\Container\\Container->call(Array, Array)
#23 C:\\laragon\\www\\500-STAB-WOUNDS\\vendor\\laravel\\framework\\src\\Illuminate\\Database\\Seeder.php(197): Illuminate\\Database\\Seeder->{closure:Illuminate\\Database\\Seeder::__invoke():187}()
#24 C:\\laragon\\www\\500-STAB-WOUNDS\\vendor\\laravel\\framework\\src\\Illuminate\\Database\\Seeder.php(61): Illuminate\\Database\\Seeder->__invoke(Array)
#25 C:\\laragon\\www\\500-STAB-WOUNDS\\database\\seeders\\DatabaseSeeder.php(18): Illuminate\\Database\\Seeder->call('Database\\\\Seeder...')
#26 C:\\laragon\\www\\500-STAB-WOUNDS\\vendor\\laravel\\framework\\src\\Illuminate\\Container\\BoundMethod.php(36): Database\\Seeders\\DatabaseSeeder->run()
#27 C:\\laragon\\www\\500-STAB-WOUNDS\\vendor\\laravel\\framework\\src\\Illuminate\\Container\\Util.php(43): Illuminate\\Container\\BoundMethod::{closure:Illuminate\\Container\\BoundMethod::call():35}()
#28 C:\\laragon\\www\\500-STAB-WOUNDS\\vendor\\laravel\\framework\\src\\Illuminate\\Container\\BoundMethod.php(96): Illuminate\\Container\\Util::unwrapIfClosure(Object(Closure))
#29 C:\\laragon\\www\\500-STAB-WOUNDS\\vendor\\laravel\\framework\\src\\Illuminate\\Container\\BoundMethod.php(35): Illuminate\\Container\\BoundMethod::callBoundMethod(Object(Illuminate\\Foundation\\Application), Array, Object(Closure))
#30 C:\\laragon\\www\\500-STAB-WOUNDS\\vendor\\laravel\\framework\\src\\Illuminate\\Container\\Container.php(754): Illuminate\\Container\\BoundMethod::call(Object(Illuminate\\Foundation\\Application), Array, Array, NULL)
#31 C:\\laragon\\www\\500-STAB-WOUNDS\\vendor\\laravel\\framework\\src\\Illuminate\\Database\\Seeder.php(188): Illuminate\\Container\\Container->call(Array, Array)
#32 C:\\laragon\\www\\500-STAB-WOUNDS\\vendor\\laravel\\framework\\src\\Illuminate\\Database\\Seeder.php(197): Illuminate\\Database\\Seeder->{closure:Illuminate\\Database\\Seeder::__invoke():187}()
#33 C:\\laragon\\www\\500-STAB-WOUNDS\\vendor\\laravel\\framework\\src\\Illuminate\\Database\\Console\\Seeds\\SeedCommand.php(71): Illuminate\\Database\\Seeder->__invoke()
#34 C:\\laragon\\www\\500-STAB-WOUNDS\\vendor\\laravel\\framework\\src\\Illuminate\\Database\\Eloquent\\Concerns\\GuardsAttributes.php(155): Illuminate\\Database\\Console\\Seeds\\SeedCommand->{closure:Illuminate\\Database\\Console\\Seeds\\SeedCommand::handle():70}()
#35 C:\\laragon\\www\\500-STAB-WOUNDS\\vendor\\laravel\\framework\\src\\Illuminate\\Database\\Console\\Seeds\\SeedCommand.php(70): Illuminate\\Database\\Eloquent\\Model::unguarded(Object(Closure))
#36 C:\\laragon\\www\\500-STAB-WOUNDS\\vendor\\laravel\\framework\\src\\Illuminate\\Container\\BoundMethod.php(36): Illuminate\\Database\\Console\\Seeds\\SeedCommand->handle()
#37 C:\\laragon\\www\\500-STAB-WOUNDS\\vendor\\laravel\\framework\\src\\Illuminate\\Container\\Util.php(43): Illuminate\\Container\\BoundMethod::{closure:Illuminate\\Container\\BoundMethod::call():35}()
#38 C:\\laragon\\www\\500-STAB-WOUNDS\\vendor\\laravel\\framework\\src\\Illuminate\\Container\\BoundMethod.php(96): Illuminate\\Container\\Util::unwrapIfClosure(Object(Closure))
#39 C:\\laragon\\www\\500-STAB-WOUNDS\\vendor\\laravel\\framework\\src\\Illuminate\\Container\\BoundMethod.php(35): Illuminate\\Container\\BoundMethod::callBoundMethod(Object(Illuminate\\Foundation\\Application), Array, Object(Closure))
#40 C:\\laragon\\www\\500-STAB-WOUNDS\\vendor\\laravel\\framework\\src\\Illuminate\\Container\\Container.php(754): Illuminate\\Container\\BoundMethod::call(Object(Illuminate\\Foundation\\Application), Array, Array, NULL)
#41 C:\\laragon\\www\\500-STAB-WOUNDS\\vendor\\laravel\\framework\\src\\Illuminate\\Console\\Command.php(211): Illuminate\\Container\\Container->call(Array)
#42 C:\\laragon\\www\\500-STAB-WOUNDS\\vendor\\symfony\\console\\Command\\Command.php(279): Illuminate\\Console\\Command->execute(Object(Symfony\\Component\\Console\\Input\\ArrayInput), Object(Illuminate\\Console\\OutputStyle))
#43 C:\\laragon\\www\\500-STAB-WOUNDS\\vendor\\laravel\\framework\\src\\Illuminate\\Console\\Command.php(180): Symfony\\Component\\Console\\Command\\Command->run(Object(Symfony\\Component\\Console\\Input\\ArrayInput), Object(Illuminate\\Console\\OutputStyle))
#44 C:\\laragon\\www\\500-STAB-WOUNDS\\vendor\\laravel\\framework\\src\\Illuminate\\Console\\Concerns\\CallsCommands.php(68): Illuminate\\Console\\Command->run(Object(Symfony\\Component\\Console\\Input\\ArrayInput), Object(Illuminate\\Console\\OutputStyle))
#45 C:\\laragon\\www\\500-STAB-WOUNDS\\vendor\\laravel\\framework\\src\\Illuminate\\Console\\Concerns\\CallsCommands.php(29): Illuminate\\Console\\Command->runCommand('db:seed', Array, Object(Illuminate\\Console\\OutputStyle))
#46 C:\\laragon\\www\\500-STAB-WOUNDS\\vendor\\laravel\\framework\\src\\Illuminate\\Database\\Console\\Migrations\\FreshCommand.php(121): Illuminate\\Console\\Command->call('db:seed', Array)
#47 C:\\laragon\\www\\500-STAB-WOUNDS\\vendor\\laravel\\framework\\src\\Illuminate\\Database\\Console\\Migrations\\FreshCommand.php(97): Illuminate\\Database\\Console\\Migrations\\FreshCommand->runSeeder(NULL)
#48 C:\\laragon\\www\\500-STAB-WOUNDS\\vendor\\laravel\\framework\\src\\Illuminate\\Container\\BoundMethod.php(36): Illuminate\\Database\\Console\\Migrations\\FreshCommand->handle()
#49 C:\\laragon\\www\\500-STAB-WOUNDS\\vendor\\laravel\\framework\\src\\Illuminate\\Container\\Util.php(43): Illuminate\\Container\\BoundMethod::{closure:Illuminate\\Container\\BoundMethod::call():35}()
#50 C:\\laragon\\www\\500-STAB-WOUNDS\\vendor\\laravel\\framework\\src\\Illuminate\\Container\\BoundMethod.php(96): Illuminate\\Container\\Util::unwrapIfClosure(Object(Closure))
#51 C:\\laragon\\www\\500-STAB-WOUNDS\\vendor\\laravel\\framework\\src\\Illuminate\\Container\\BoundMethod.php(35): Illuminate\\Container\\BoundMethod::callBoundMethod(Object(Illuminate\\Foundation\\Application), Array, Object(Closure))
#52 C:\\laragon\\www\\500-STAB-WOUNDS\\vendor\\laravel\\framework\\src\\Illuminate\\Container\\Container.php(754): Illuminate\\Container\\BoundMethod::call(Object(Illuminate\\Foundation\\Application), Array, Array, NULL)
#53 C:\\laragon\\www\\500-STAB-WOUNDS\\vendor\\laravel\\framework\\src\\Illuminate\\Console\\Command.php(211): Illuminate\\Container\\Container->call(Array)
#54 C:\\laragon\\www\\500-STAB-WOUNDS\\vendor\\symfony\\console\\Command\\Command.php(279): Illuminate\\Console\\Command->execute(Object(Symfony\\Component\\Console\\Input\\ArgvInput), Object(Illuminate\\Console\\OutputStyle))
#55 C:\\laragon\\www\\500-STAB-WOUNDS\\vendor\\laravel\\framework\\src\\Illuminate\\Console\\Command.php(180): Symfony\\Component\\Console\\Command\\Command->run(Object(Symfony\\Component\\Console\\Input\\ArgvInput), Object(Illuminate\\Console\\OutputStyle))
#56 C:\\laragon\\www\\500-STAB-WOUNDS\\vendor\\symfony\\console\\Application.php(1094): Illuminate\\Console\\Command->run(Object(Symfony\\Component\\Console\\Input\\ArgvInput), Object(Symfony\\Component\\Console\\Output\\ConsoleOutput))
#57 C:\\laragon\\www\\500-STAB-WOUNDS\\vendor\\symfony\\console\\Application.php(342): Symfony\\Component\\Console\\Application->doRunCommand(Object(Illuminate\\Database\\Console\\Migrations\\FreshCommand), Object(Symfony\\Component\\Console\\Input\\ArgvInput), Object(Symfony\\Component\\Console\\Output\\ConsoleOutput))
#58 C:\\laragon\\www\\500-STAB-WOUNDS\\vendor\\symfony\\console\\Application.php(193): Symfony\\Component\\Console\\Application->doRun(Object(Symfony\\Component\\Console\\Input\\ArgvInput), Object(Symfony\\Component\\Console\\Output\\ConsoleOutput))
#59 C:\\laragon\\www\\500-STAB-WOUNDS\\vendor\\laravel\\framework\\src\\Illuminate\\Foundation\\Console\\Kernel.php(197): Symfony\\Component\\Console\\Application->run(Object(Symfony\\Component\\Console\\Input\\ArgvInput), Object(Symfony\\Component\\Console\\Output\\ConsoleOutput))
#60 C:\\laragon\\www\\500-STAB-WOUNDS\\vendor\\laravel\\framework\\src\\Illuminate\\Foundation\\Application.php(1234): Illuminate\\Foundation\\Console\\Kernel->handle(Object(Symfony\\Component\\Console\\Input\\ArgvInput), Object(Symfony\\Component\\Console\\Output\\ConsoleOutput))
#61 C:\\laragon\\www\\500-STAB-WOUNDS\\artisan(16): Illuminate\\Foundation\\Application->handleCommand(Object(Symfony\\Component\\Console\\Input\\ArgvInput))
#62 {main}
"} 
[2025-05-01 12:44:50] local.ERROR: Undefined variable $data {"exception":"[object] (ErrorException(code: 0): Undefined variable $data at C:\\laragon\\www\\500-STAB-WOUNDS\\database\\seeders\\SalesSeeder.php:27)
[stacktrace]
#0 C:\\laragon\\www\\500-STAB-WOUNDS\\vendor\\laravel\\framework\\src\\Illuminate\\Foundation\\Bootstrap\\HandleExceptions.php(256): Illuminate\\Foundation\\Bootstrap\\HandleExceptions->handleError(2, 'Undefined varia...', 'C:\\\\laragon\\\\www\\\\...', 27)
#1 C:\\laragon\\www\\500-STAB-WOUNDS\\database\\seeders\\SalesSeeder.php(27): Illuminate\\Foundation\\Bootstrap\\HandleExceptions->{closure:Illuminate\\Foundation\\Bootstrap\\HandleExceptions::forwardsTo():255}(2, 'Undefined varia...', 'C:\\\\laragon\\\\www\\\\...', 27)
#2 C:\\laragon\\www\\500-STAB-WOUNDS\\vendor\\laravel\\framework\\src\\Illuminate\\Container\\BoundMethod.php(36): Database\\Seeders\\SalesSeeder->run()
#3 C:\\laragon\\www\\500-STAB-WOUNDS\\vendor\\laravel\\framework\\src\\Illuminate\\Container\\Util.php(43): Illuminate\\Container\\BoundMethod::{closure:Illuminate\\Container\\BoundMethod::call():35}()
#4 C:\\laragon\\www\\500-STAB-WOUNDS\\vendor\\laravel\\framework\\src\\Illuminate\\Container\\BoundMethod.php(96): Illuminate\\Container\\Util::unwrapIfClosure(Object(Closure))
#5 C:\\laragon\\www\\500-STAB-WOUNDS\\vendor\\laravel\\framework\\src\\Illuminate\\Container\\BoundMethod.php(35): Illuminate\\Container\\BoundMethod::callBoundMethod(Object(Illuminate\\Foundation\\Application), Array, Object(Closure))
#6 C:\\laragon\\www\\500-STAB-WOUNDS\\vendor\\laravel\\framework\\src\\Illuminate\\Container\\Container.php(754): Illuminate\\Container\\BoundMethod::call(Object(Illuminate\\Foundation\\Application), Array, Array, NULL)
#7 C:\\laragon\\www\\500-STAB-WOUNDS\\vendor\\laravel\\framework\\src\\Illuminate\\Database\\Seeder.php(188): Illuminate\\Container\\Container->call(Array, Array)
#8 C:\\laragon\\www\\500-STAB-WOUNDS\\vendor\\laravel\\framework\\src\\Illuminate\\Database\\Seeder.php(197): Illuminate\\Database\\Seeder->{closure:Illuminate\\Database\\Seeder::__invoke():187}()
#9 C:\\laragon\\www\\500-STAB-WOUNDS\\vendor\\laravel\\framework\\src\\Illuminate\\Database\\Seeder.php(61): Illuminate\\Database\\Seeder->__invoke(Array)
#10 C:\\laragon\\www\\500-STAB-WOUNDS\\database\\seeders\\DatabaseSeeder.php(18): Illuminate\\Database\\Seeder->call('Database\\\\Seeder...')
#11 C:\\laragon\\www\\500-STAB-WOUNDS\\vendor\\laravel\\framework\\src\\Illuminate\\Container\\BoundMethod.php(36): Database\\Seeders\\DatabaseSeeder->run()
#12 C:\\laragon\\www\\500-STAB-WOUNDS\\vendor\\laravel\\framework\\src\\Illuminate\\Container\\Util.php(43): Illuminate\\Container\\BoundMethod::{closure:Illuminate\\Container\\BoundMethod::call():35}()
#13 C:\\laragon\\www\\500-STAB-WOUNDS\\vendor\\laravel\\framework\\src\\Illuminate\\Container\\BoundMethod.php(96): Illuminate\\Container\\Util::unwrapIfClosure(Object(Closure))
#14 C:\\laragon\\www\\500-STAB-WOUNDS\\vendor\\laravel\\framework\\src\\Illuminate\\Container\\BoundMethod.php(35): Illuminate\\Container\\BoundMethod::callBoundMethod(Object(Illuminate\\Foundation\\Application), Array, Object(Closure))
#15 C:\\laragon\\www\\500-STAB-WOUNDS\\vendor\\laravel\\framework\\src\\Illuminate\\Container\\Container.php(754): Illuminate\\Container\\BoundMethod::call(Object(Illuminate\\Foundation\\Application), Array, Array, NULL)
#16 C:\\laragon\\www\\500-STAB-WOUNDS\\vendor\\laravel\\framework\\src\\Illuminate\\Database\\Seeder.php(188): Illuminate\\Container\\Container->call(Array, Array)
#17 C:\\laragon\\www\\500-STAB-WOUNDS\\vendor\\laravel\\framework\\src\\Illuminate\\Database\\Seeder.php(197): Illuminate\\Database\\Seeder->{closure:Illuminate\\Database\\Seeder::__invoke():187}()
#18 C:\\laragon\\www\\500-STAB-WOUNDS\\vendor\\laravel\\framework\\src\\Illuminate\\Database\\Console\\Seeds\\SeedCommand.php(71): Illuminate\\Database\\Seeder->__invoke()
#19 C:\\laragon\\www\\500-STAB-WOUNDS\\vendor\\laravel\\framework\\src\\Illuminate\\Database\\Eloquent\\Concerns\\GuardsAttributes.php(155): Illuminate\\Database\\Console\\Seeds\\SeedCommand->{closure:Illuminate\\Database\\Console\\Seeds\\SeedCommand::handle():70}()
#20 C:\\laragon\\www\\500-STAB-WOUNDS\\vendor\\laravel\\framework\\src\\Illuminate\\Database\\Console\\Seeds\\SeedCommand.php(70): Illuminate\\Database\\Eloquent\\Model::unguarded(Object(Closure))
#21 C:\\laragon\\www\\500-STAB-WOUNDS\\vendor\\laravel\\framework\\src\\Illuminate\\Container\\BoundMethod.php(36): Illuminate\\Database\\Console\\Seeds\\SeedCommand->handle()
#22 C:\\laragon\\www\\500-STAB-WOUNDS\\vendor\\laravel\\framework\\src\\Illuminate\\Container\\Util.php(43): Illuminate\\Container\\BoundMethod::{closure:Illuminate\\Container\\BoundMethod::call():35}()
#23 C:\\laragon\\www\\500-STAB-WOUNDS\\vendor\\laravel\\framework\\src\\Illuminate\\Container\\BoundMethod.php(96): Illuminate\\Container\\Util::unwrapIfClosure(Object(Closure))
#24 C:\\laragon\\www\\500-STAB-WOUNDS\\vendor\\laravel\\framework\\src\\Illuminate\\Container\\BoundMethod.php(35): Illuminate\\Container\\BoundMethod::callBoundMethod(Object(Illuminate\\Foundation\\Application), Array, Object(Closure))
#25 C:\\laragon\\www\\500-STAB-WOUNDS\\vendor\\laravel\\framework\\src\\Illuminate\\Container\\Container.php(754): Illuminate\\Container\\BoundMethod::call(Object(Illuminate\\Foundation\\Application), Array, Array, NULL)
#26 C:\\laragon\\www\\500-STAB-WOUNDS\\vendor\\laravel\\framework\\src\\Illuminate\\Console\\Command.php(211): Illuminate\\Container\\Container->call(Array)
#27 C:\\laragon\\www\\500-STAB-WOUNDS\\vendor\\symfony\\console\\Command\\Command.php(279): Illuminate\\Console\\Command->execute(Object(Symfony\\Component\\Console\\Input\\ArrayInput), Object(Illuminate\\Console\\OutputStyle))
#28 C:\\laragon\\www\\500-STAB-WOUNDS\\vendor\\laravel\\framework\\src\\Illuminate\\Console\\Command.php(180): Symfony\\Component\\Console\\Command\\Command->run(Object(Symfony\\Component\\Console\\Input\\ArrayInput), Object(Illuminate\\Console\\OutputStyle))
#29 C:\\laragon\\www\\500-STAB-WOUNDS\\vendor\\laravel\\framework\\src\\Illuminate\\Console\\Concerns\\CallsCommands.php(68): Illuminate\\Console\\Command->run(Object(Symfony\\Component\\Console\\Input\\ArrayInput), Object(Illuminate\\Console\\OutputStyle))
#30 C:\\laragon\\www\\500-STAB-WOUNDS\\vendor\\laravel\\framework\\src\\Illuminate\\Console\\Concerns\\CallsCommands.php(29): Illuminate\\Console\\Command->runCommand('db:seed', Array, Object(Illuminate\\Console\\OutputStyle))
#31 C:\\laragon\\www\\500-STAB-WOUNDS\\vendor\\laravel\\framework\\src\\Illuminate\\Database\\Console\\Migrations\\FreshCommand.php(121): Illuminate\\Console\\Command->call('db:seed', Array)
#32 C:\\laragon\\www\\500-STAB-WOUNDS\\vendor\\laravel\\framework\\src\\Illuminate\\Database\\Console\\Migrations\\FreshCommand.php(97): Illuminate\\Database\\Console\\Migrations\\FreshCommand->runSeeder(NULL)
#33 C:\\laragon\\www\\500-STAB-WOUNDS\\vendor\\laravel\\framework\\src\\Illuminate\\Container\\BoundMethod.php(36): Illuminate\\Database\\Console\\Migrations\\FreshCommand->handle()
#34 C:\\laragon\\www\\500-STAB-WOUNDS\\vendor\\laravel\\framework\\src\\Illuminate\\Container\\Util.php(43): Illuminate\\Container\\BoundMethod::{closure:Illuminate\\Container\\BoundMethod::call():35}()
#35 C:\\laragon\\www\\500-STAB-WOUNDS\\vendor\\laravel\\framework\\src\\Illuminate\\Container\\BoundMethod.php(96): Illuminate\\Container\\Util::unwrapIfClosure(Object(Closure))
#36 C:\\laragon\\www\\500-STAB-WOUNDS\\vendor\\laravel\\framework\\src\\Illuminate\\Container\\BoundMethod.php(35): Illuminate\\Container\\BoundMethod::callBoundMethod(Object(Illuminate\\Foundation\\Application), Array, Object(Closure))
#37 C:\\laragon\\www\\500-STAB-WOUNDS\\vendor\\laravel\\framework\\src\\Illuminate\\Container\\Container.php(754): Illuminate\\Container\\BoundMethod::call(Object(Illuminate\\Foundation\\Application), Array, Array, NULL)
#38 C:\\laragon\\www\\500-STAB-WOUNDS\\vendor\\laravel\\framework\\src\\Illuminate\\Console\\Command.php(211): Illuminate\\Container\\Container->call(Array)
#39 C:\\laragon\\www\\500-STAB-WOUNDS\\vendor\\symfony\\console\\Command\\Command.php(279): Illuminate\\Console\\Command->execute(Object(Symfony\\Component\\Console\\Input\\ArgvInput), Object(Illuminate\\Console\\OutputStyle))
#40 C:\\laragon\\www\\500-STAB-WOUNDS\\vendor\\laravel\\framework\\src\\Illuminate\\Console\\Command.php(180): Symfony\\Component\\Console\\Command\\Command->run(Object(Symfony\\Component\\Console\\Input\\ArgvInput), Object(Illuminate\\Console\\OutputStyle))
#41 C:\\laragon\\www\\500-STAB-WOUNDS\\vendor\\symfony\\console\\Application.php(1094): Illuminate\\Console\\Command->run(Object(Symfony\\Component\\Console\\Input\\ArgvInput), Object(Symfony\\Component\\Console\\Output\\ConsoleOutput))
#42 C:\\laragon\\www\\500-STAB-WOUNDS\\vendor\\symfony\\console\\Application.php(342): Symfony\\Component\\Console\\Application->doRunCommand(Object(Illuminate\\Database\\Console\\Migrations\\FreshCommand), Object(Symfony\\Component\\Console\\Input\\ArgvInput), Object(Symfony\\Component\\Console\\Output\\ConsoleOutput))
#43 C:\\laragon\\www\\500-STAB-WOUNDS\\vendor\\symfony\\console\\Application.php(193): Symfony\\Component\\Console\\Application->doRun(Object(Symfony\\Component\\Console\\Input\\ArgvInput), Object(Symfony\\Component\\Console\\Output\\ConsoleOutput))
#44 C:\\laragon\\www\\500-STAB-WOUNDS\\vendor\\laravel\\framework\\src\\Illuminate\\Foundation\\Console\\Kernel.php(197): Symfony\\Component\\Console\\Application->run(Object(Symfony\\Component\\Console\\Input\\ArgvInput), Object(Symfony\\Component\\Console\\Output\\ConsoleOutput))
#45 C:\\laragon\\www\\500-STAB-WOUNDS\\vendor\\laravel\\framework\\src\\Illuminate\\Foundation\\Application.php(1234): Illuminate\\Foundation\\Console\\Kernel->handle(Object(Symfony\\Component\\Console\\Input\\ArgvInput), Object(Symfony\\Component\\Console\\Output\\ConsoleOutput))
#46 C:\\laragon\\www\\500-STAB-WOUNDS\\artisan(16): Illuminate\\Foundation\\Application->handleCommand(Object(Symfony\\Component\\Console\\Input\\ArgvInput))
#47 {main}
"} 
[2025-05-01 12:50:47] local.ERROR: Undefined variable $count {"exception":"[object] (ErrorException(code: 0): Undefined variable $count at C:\\laragon\\www\\500-STAB-WOUNDS\\database\\seeders\\SalesSeeder.php:27)
[stacktrace]
#0 C:\\laragon\\www\\500-STAB-WOUNDS\\vendor\\laravel\\framework\\src\\Illuminate\\Foundation\\Bootstrap\\HandleExceptions.php(256): Illuminate\\Foundation\\Bootstrap\\HandleExceptions->handleError(2, 'Undefined varia...', 'C:\\\\laragon\\\\www\\\\...', 27)
#1 C:\\laragon\\www\\500-STAB-WOUNDS\\database\\seeders\\SalesSeeder.php(27): Illuminate\\Foundation\\Bootstrap\\HandleExceptions->{closure:Illuminate\\Foundation\\Bootstrap\\HandleExceptions::forwardsTo():255}(2, 'Undefined varia...', 'C:\\\\laragon\\\\www\\\\...', 27)
#2 C:\\laragon\\www\\500-STAB-WOUNDS\\vendor\\laravel\\framework\\src\\Illuminate\\Container\\BoundMethod.php(36): Database\\Seeders\\SalesSeeder->run()
#3 C:\\laragon\\www\\500-STAB-WOUNDS\\vendor\\laravel\\framework\\src\\Illuminate\\Container\\Util.php(43): Illuminate\\Container\\BoundMethod::{closure:Illuminate\\Container\\BoundMethod::call():35}()
#4 C:\\laragon\\www\\500-STAB-WOUNDS\\vendor\\laravel\\framework\\src\\Illuminate\\Container\\BoundMethod.php(96): Illuminate\\Container\\Util::unwrapIfClosure(Object(Closure))
#5 C:\\laragon\\www\\500-STAB-WOUNDS\\vendor\\laravel\\framework\\src\\Illuminate\\Container\\BoundMethod.php(35): Illuminate\\Container\\BoundMethod::callBoundMethod(Object(Illuminate\\Foundation\\Application), Array, Object(Closure))
#6 C:\\laragon\\www\\500-STAB-WOUNDS\\vendor\\laravel\\framework\\src\\Illuminate\\Container\\Container.php(754): Illuminate\\Container\\BoundMethod::call(Object(Illuminate\\Foundation\\Application), Array, Array, NULL)
#7 C:\\laragon\\www\\500-STAB-WOUNDS\\vendor\\laravel\\framework\\src\\Illuminate\\Database\\Seeder.php(188): Illuminate\\Container\\Container->call(Array, Array)
#8 C:\\laragon\\www\\500-STAB-WOUNDS\\vendor\\laravel\\framework\\src\\Illuminate\\Database\\Seeder.php(197): Illuminate\\Database\\Seeder->{closure:Illuminate\\Database\\Seeder::__invoke():187}()
#9 C:\\laragon\\www\\500-STAB-WOUNDS\\vendor\\laravel\\framework\\src\\Illuminate\\Database\\Seeder.php(61): Illuminate\\Database\\Seeder->__invoke(Array)
#10 C:\\laragon\\www\\500-STAB-WOUNDS\\database\\seeders\\DatabaseSeeder.php(18): Illuminate\\Database\\Seeder->call('Database\\\\Seeder...')
#11 C:\\laragon\\www\\500-STAB-WOUNDS\\vendor\\laravel\\framework\\src\\Illuminate\\Container\\BoundMethod.php(36): Database\\Seeders\\DatabaseSeeder->run()
#12 C:\\laragon\\www\\500-STAB-WOUNDS\\vendor\\laravel\\framework\\src\\Illuminate\\Container\\Util.php(43): Illuminate\\Container\\BoundMethod::{closure:Illuminate\\Container\\BoundMethod::call():35}()
#13 C:\\laragon\\www\\500-STAB-WOUNDS\\vendor\\laravel\\framework\\src\\Illuminate\\Container\\BoundMethod.php(96): Illuminate\\Container\\Util::unwrapIfClosure(Object(Closure))
#14 C:\\laragon\\www\\500-STAB-WOUNDS\\vendor\\laravel\\framework\\src\\Illuminate\\Container\\BoundMethod.php(35): Illuminate\\Container\\BoundMethod::callBoundMethod(Object(Illuminate\\Foundation\\Application), Array, Object(Closure))
#15 C:\\laragon\\www\\500-STAB-WOUNDS\\vendor\\laravel\\framework\\src\\Illuminate\\Container\\Container.php(754): Illuminate\\Container\\BoundMethod::call(Object(Illuminate\\Foundation\\Application), Array, Array, NULL)
#16 C:\\laragon\\www\\500-STAB-WOUNDS\\vendor\\laravel\\framework\\src\\Illuminate\\Database\\Seeder.php(188): Illuminate\\Container\\Container->call(Array, Array)
#17 C:\\laragon\\www\\500-STAB-WOUNDS\\vendor\\laravel\\framework\\src\\Illuminate\\Database\\Seeder.php(197): Illuminate\\Database\\Seeder->{closure:Illuminate\\Database\\Seeder::__invoke():187}()
#18 C:\\laragon\\www\\500-STAB-WOUNDS\\vendor\\laravel\\framework\\src\\Illuminate\\Database\\Console\\Seeds\\SeedCommand.php(71): Illuminate\\Database\\Seeder->__invoke()
#19 C:\\laragon\\www\\500-STAB-WOUNDS\\vendor\\laravel\\framework\\src\\Illuminate\\Database\\Eloquent\\Concerns\\GuardsAttributes.php(155): Illuminate\\Database\\Console\\Seeds\\SeedCommand->{closure:Illuminate\\Database\\Console\\Seeds\\SeedCommand::handle():70}()
#20 C:\\laragon\\www\\500-STAB-WOUNDS\\vendor\\laravel\\framework\\src\\Illuminate\\Database\\Console\\Seeds\\SeedCommand.php(70): Illuminate\\Database\\Eloquent\\Model::unguarded(Object(Closure))
#21 C:\\laragon\\www\\500-STAB-WOUNDS\\vendor\\laravel\\framework\\src\\Illuminate\\Container\\BoundMethod.php(36): Illuminate\\Database\\Console\\Seeds\\SeedCommand->handle()
#22 C:\\laragon\\www\\500-STAB-WOUNDS\\vendor\\laravel\\framework\\src\\Illuminate\\Container\\Util.php(43): Illuminate\\Container\\BoundMethod::{closure:Illuminate\\Container\\BoundMethod::call():35}()
#23 C:\\laragon\\www\\500-STAB-WOUNDS\\vendor\\laravel\\framework\\src\\Illuminate\\Container\\BoundMethod.php(96): Illuminate\\Container\\Util::unwrapIfClosure(Object(Closure))
#24 C:\\laragon\\www\\500-STAB-WOUNDS\\vendor\\laravel\\framework\\src\\Illuminate\\Container\\BoundMethod.php(35): Illuminate\\Container\\BoundMethod::callBoundMethod(Object(Illuminate\\Foundation\\Application), Array, Object(Closure))
#25 C:\\laragon\\www\\500-STAB-WOUNDS\\vendor\\laravel\\framework\\src\\Illuminate\\Container\\Container.php(754): Illuminate\\Container\\BoundMethod::call(Object(Illuminate\\Foundation\\Application), Array, Array, NULL)
#26 C:\\laragon\\www\\500-STAB-WOUNDS\\vendor\\laravel\\framework\\src\\Illuminate\\Console\\Command.php(211): Illuminate\\Container\\Container->call(Array)
#27 C:\\laragon\\www\\500-STAB-WOUNDS\\vendor\\symfony\\console\\Command\\Command.php(279): Illuminate\\Console\\Command->execute(Object(Symfony\\Component\\Console\\Input\\ArrayInput), Object(Illuminate\\Console\\OutputStyle))
#28 C:\\laragon\\www\\500-STAB-WOUNDS\\vendor\\laravel\\framework\\src\\Illuminate\\Console\\Command.php(180): Symfony\\Component\\Console\\Command\\Command->run(Object(Symfony\\Component\\Console\\Input\\ArrayInput), Object(Illuminate\\Console\\OutputStyle))
#29 C:\\laragon\\www\\500-STAB-WOUNDS\\vendor\\laravel\\framework\\src\\Illuminate\\Console\\Concerns\\CallsCommands.php(68): Illuminate\\Console\\Command->run(Object(Symfony\\Component\\Console\\Input\\ArrayInput), Object(Illuminate\\Console\\OutputStyle))
#30 C:\\laragon\\www\\500-STAB-WOUNDS\\vendor\\laravel\\framework\\src\\Illuminate\\Console\\Concerns\\CallsCommands.php(29): Illuminate\\Console\\Command->runCommand('db:seed', Array, Object(Illuminate\\Console\\OutputStyle))
#31 C:\\laragon\\www\\500-STAB-WOUNDS\\vendor\\laravel\\framework\\src\\Illuminate\\Database\\Console\\Migrations\\FreshCommand.php(121): Illuminate\\Console\\Command->call('db:seed', Array)
#32 C:\\laragon\\www\\500-STAB-WOUNDS\\vendor\\laravel\\framework\\src\\Illuminate\\Database\\Console\\Migrations\\FreshCommand.php(97): Illuminate\\Database\\Console\\Migrations\\FreshCommand->runSeeder(NULL)
#33 C:\\laragon\\www\\500-STAB-WOUNDS\\vendor\\laravel\\framework\\src\\Illuminate\\Container\\BoundMethod.php(36): Illuminate\\Database\\Console\\Migrations\\FreshCommand->handle()
#34 C:\\laragon\\www\\500-STAB-WOUNDS\\vendor\\laravel\\framework\\src\\Illuminate\\Container\\Util.php(43): Illuminate\\Container\\BoundMethod::{closure:Illuminate\\Container\\BoundMethod::call():35}()
#35 C:\\laragon\\www\\500-STAB-WOUNDS\\vendor\\laravel\\framework\\src\\Illuminate\\Container\\BoundMethod.php(96): Illuminate\\Container\\Util::unwrapIfClosure(Object(Closure))
#36 C:\\laragon\\www\\500-STAB-WOUNDS\\vendor\\laravel\\framework\\src\\Illuminate\\Container\\BoundMethod.php(35): Illuminate\\Container\\BoundMethod::callBoundMethod(Object(Illuminate\\Foundation\\Application), Array, Object(Closure))
#37 C:\\laragon\\www\\500-STAB-WOUNDS\\vendor\\laravel\\framework\\src\\Illuminate\\Container\\Container.php(754): Illuminate\\Container\\BoundMethod::call(Object(Illuminate\\Foundation\\Application), Array, Array, NULL)
#38 C:\\laragon\\www\\500-STAB-WOUNDS\\vendor\\laravel\\framework\\src\\Illuminate\\Console\\Command.php(211): Illuminate\\Container\\Container->call(Array)
#39 C:\\laragon\\www\\500-STAB-WOUNDS\\vendor\\symfony\\console\\Command\\Command.php(279): Illuminate\\Console\\Command->execute(Object(Symfony\\Component\\Console\\Input\\ArgvInput), Object(Illuminate\\Console\\OutputStyle))
#40 C:\\laragon\\www\\500-STAB-WOUNDS\\vendor\\laravel\\framework\\src\\Illuminate\\Console\\Command.php(180): Symfony\\Component\\Console\\Command\\Command->run(Object(Symfony\\Component\\Console\\Input\\ArgvInput), Object(Illuminate\\Console\\OutputStyle))
#41 C:\\laragon\\www\\500-STAB-WOUNDS\\vendor\\symfony\\console\\Application.php(1094): Illuminate\\Console\\Command->run(Object(Symfony\\Component\\Console\\Input\\ArgvInput), Object(Symfony\\Component\\Console\\Output\\ConsoleOutput))
#42 C:\\laragon\\www\\500-STAB-WOUNDS\\vendor\\symfony\\console\\Application.php(342): Symfony\\Component\\Console\\Application->doRunCommand(Object(Illuminate\\Database\\Console\\Migrations\\FreshCommand), Object(Symfony\\Component\\Console\\Input\\ArgvInput), Object(Symfony\\Component\\Console\\Output\\ConsoleOutput))
#43 C:\\laragon\\www\\500-STAB-WOUNDS\\vendor\\symfony\\console\\Application.php(193): Symfony\\Component\\Console\\Application->doRun(Object(Symfony\\Component\\Console\\Input\\ArgvInput), Object(Symfony\\Component\\Console\\Output\\ConsoleOutput))
#44 C:\\laragon\\www\\500-STAB-WOUNDS\\vendor\\laravel\\framework\\src\\Illuminate\\Foundation\\Console\\Kernel.php(197): Symfony\\Component\\Console\\Application->run(Object(Symfony\\Component\\Console\\Input\\ArgvInput), Object(Symfony\\Component\\Console\\Output\\ConsoleOutput))
#45 C:\\laragon\\www\\500-STAB-WOUNDS\\vendor\\laravel\\framework\\src\\Illuminate\\Foundation\\Application.php(1234): Illuminate\\Foundation\\Console\\Kernel->handle(Object(Symfony\\Component\\Console\\Input\\ArgvInput), Object(Symfony\\Component\\Console\\Output\\ConsoleOutput))
#46 C:\\laragon\\www\\500-STAB-WOUNDS\\artisan(16): Illuminate\\Foundation\\Application->handleCommand(Object(Symfony\\Component\\Console\\Input\\ArgvInput))
#47 {main}
"} 
[2025-05-01 12:51:49] local.ERROR: Undefined variable $data {"exception":"[object] (ErrorException(code: 0): Undefined variable $data at C:\\laragon\\www\\500-STAB-WOUNDS\\database\\seeders\\SalesSeeder.php:27)
[stacktrace]
#0 C:\\laragon\\www\\500-STAB-WOUNDS\\vendor\\laravel\\framework\\src\\Illuminate\\Foundation\\Bootstrap\\HandleExceptions.php(256): Illuminate\\Foundation\\Bootstrap\\HandleExceptions->handleError(2, 'Undefined varia...', 'C:\\\\laragon\\\\www\\\\...', 27)
#1 C:\\laragon\\www\\500-STAB-WOUNDS\\database\\seeders\\SalesSeeder.php(27): Illuminate\\Foundation\\Bootstrap\\HandleExceptions->{closure:Illuminate\\Foundation\\Bootstrap\\HandleExceptions::forwardsTo():255}(2, 'Undefined varia...', 'C:\\\\laragon\\\\www\\\\...', 27)
#2 C:\\laragon\\www\\500-STAB-WOUNDS\\vendor\\laravel\\framework\\src\\Illuminate\\Container\\BoundMethod.php(36): Database\\Seeders\\SalesSeeder->run()
#3 C:\\laragon\\www\\500-STAB-WOUNDS\\vendor\\laravel\\framework\\src\\Illuminate\\Container\\Util.php(43): Illuminate\\Container\\BoundMethod::{closure:Illuminate\\Container\\BoundMethod::call():35}()
#4 C:\\laragon\\www\\500-STAB-WOUNDS\\vendor\\laravel\\framework\\src\\Illuminate\\Container\\BoundMethod.php(96): Illuminate\\Container\\Util::unwrapIfClosure(Object(Closure))
#5 C:\\laragon\\www\\500-STAB-WOUNDS\\vendor\\laravel\\framework\\src\\Illuminate\\Container\\BoundMethod.php(35): Illuminate\\Container\\BoundMethod::callBoundMethod(Object(Illuminate\\Foundation\\Application), Array, Object(Closure))
#6 C:\\laragon\\www\\500-STAB-WOUNDS\\vendor\\laravel\\framework\\src\\Illuminate\\Container\\Container.php(754): Illuminate\\Container\\BoundMethod::call(Object(Illuminate\\Foundation\\Application), Array, Array, NULL)
#7 C:\\laragon\\www\\500-STAB-WOUNDS\\vendor\\laravel\\framework\\src\\Illuminate\\Database\\Seeder.php(188): Illuminate\\Container\\Container->call(Array, Array)
#8 C:\\laragon\\www\\500-STAB-WOUNDS\\vendor\\laravel\\framework\\src\\Illuminate\\Database\\Seeder.php(197): Illuminate\\Database\\Seeder->{closure:Illuminate\\Database\\Seeder::__invoke():187}()
#9 C:\\laragon\\www\\500-STAB-WOUNDS\\vendor\\laravel\\framework\\src\\Illuminate\\Database\\Seeder.php(61): Illuminate\\Database\\Seeder->__invoke(Array)
#10 C:\\laragon\\www\\500-STAB-WOUNDS\\database\\seeders\\DatabaseSeeder.php(18): Illuminate\\Database\\Seeder->call('Database\\\\Seeder...')
#11 C:\\laragon\\www\\500-STAB-WOUNDS\\vendor\\laravel\\framework\\src\\Illuminate\\Container\\BoundMethod.php(36): Database\\Seeders\\DatabaseSeeder->run()
#12 C:\\laragon\\www\\500-STAB-WOUNDS\\vendor\\laravel\\framework\\src\\Illuminate\\Container\\Util.php(43): Illuminate\\Container\\BoundMethod::{closure:Illuminate\\Container\\BoundMethod::call():35}()
#13 C:\\laragon\\www\\500-STAB-WOUNDS\\vendor\\laravel\\framework\\src\\Illuminate\\Container\\BoundMethod.php(96): Illuminate\\Container\\Util::unwrapIfClosure(Object(Closure))
#14 C:\\laragon\\www\\500-STAB-WOUNDS\\vendor\\laravel\\framework\\src\\Illuminate\\Container\\BoundMethod.php(35): Illuminate\\Container\\BoundMethod::callBoundMethod(Object(Illuminate\\Foundation\\Application), Array, Object(Closure))
#15 C:\\laragon\\www\\500-STAB-WOUNDS\\vendor\\laravel\\framework\\src\\Illuminate\\Container\\Container.php(754): Illuminate\\Container\\BoundMethod::call(Object(Illuminate\\Foundation\\Application), Array, Array, NULL)
#16 C:\\laragon\\www\\500-STAB-WOUNDS\\vendor\\laravel\\framework\\src\\Illuminate\\Database\\Seeder.php(188): Illuminate\\Container\\Container->call(Array, Array)
#17 C:\\laragon\\www\\500-STAB-WOUNDS\\vendor\\laravel\\framework\\src\\Illuminate\\Database\\Seeder.php(197): Illuminate\\Database\\Seeder->{closure:Illuminate\\Database\\Seeder::__invoke():187}()
#18 C:\\laragon\\www\\500-STAB-WOUNDS\\vendor\\laravel\\framework\\src\\Illuminate\\Database\\Console\\Seeds\\SeedCommand.php(71): Illuminate\\Database\\Seeder->__invoke()
#19 C:\\laragon\\www\\500-STAB-WOUNDS\\vendor\\laravel\\framework\\src\\Illuminate\\Database\\Eloquent\\Concerns\\GuardsAttributes.php(155): Illuminate\\Database\\Console\\Seeds\\SeedCommand->{closure:Illuminate\\Database\\Console\\Seeds\\SeedCommand::handle():70}()
#20 C:\\laragon\\www\\500-STAB-WOUNDS\\vendor\\laravel\\framework\\src\\Illuminate\\Database\\Console\\Seeds\\SeedCommand.php(70): Illuminate\\Database\\Eloquent\\Model::unguarded(Object(Closure))
#21 C:\\laragon\\www\\500-STAB-WOUNDS\\vendor\\laravel\\framework\\src\\Illuminate\\Container\\BoundMethod.php(36): Illuminate\\Database\\Console\\Seeds\\SeedCommand->handle()
#22 C:\\laragon\\www\\500-STAB-WOUNDS\\vendor\\laravel\\framework\\src\\Illuminate\\Container\\Util.php(43): Illuminate\\Container\\BoundMethod::{closure:Illuminate\\Container\\BoundMethod::call():35}()
#23 C:\\laragon\\www\\500-STAB-WOUNDS\\vendor\\laravel\\framework\\src\\Illuminate\\Container\\BoundMethod.php(96): Illuminate\\Container\\Util::unwrapIfClosure(Object(Closure))
#24 C:\\laragon\\www\\500-STAB-WOUNDS\\vendor\\laravel\\framework\\src\\Illuminate\\Container\\BoundMethod.php(35): Illuminate\\Container\\BoundMethod::callBoundMethod(Object(Illuminate\\Foundation\\Application), Array, Object(Closure))
#25 C:\\laragon\\www\\500-STAB-WOUNDS\\vendor\\laravel\\framework\\src\\Illuminate\\Container\\Container.php(754): Illuminate\\Container\\BoundMethod::call(Object(Illuminate\\Foundation\\Application), Array, Array, NULL)
#26 C:\\laragon\\www\\500-STAB-WOUNDS\\vendor\\laravel\\framework\\src\\Illuminate\\Console\\Command.php(211): Illuminate\\Container\\Container->call(Array)
#27 C:\\laragon\\www\\500-STAB-WOUNDS\\vendor\\symfony\\console\\Command\\Command.php(279): Illuminate\\Console\\Command->execute(Object(Symfony\\Component\\Console\\Input\\ArrayInput), Object(Illuminate\\Console\\OutputStyle))
#28 C:\\laragon\\www\\500-STAB-WOUNDS\\vendor\\laravel\\framework\\src\\Illuminate\\Console\\Command.php(180): Symfony\\Component\\Console\\Command\\Command->run(Object(Symfony\\Component\\Console\\Input\\ArrayInput), Object(Illuminate\\Console\\OutputStyle))
#29 C:\\laragon\\www\\500-STAB-WOUNDS\\vendor\\laravel\\framework\\src\\Illuminate\\Console\\Concerns\\CallsCommands.php(68): Illuminate\\Console\\Command->run(Object(Symfony\\Component\\Console\\Input\\ArrayInput), Object(Illuminate\\Console\\OutputStyle))
#30 C:\\laragon\\www\\500-STAB-WOUNDS\\vendor\\laravel\\framework\\src\\Illuminate\\Console\\Concerns\\CallsCommands.php(29): Illuminate\\Console\\Command->runCommand('db:seed', Array, Object(Illuminate\\Console\\OutputStyle))
#31 C:\\laragon\\www\\500-STAB-WOUNDS\\vendor\\laravel\\framework\\src\\Illuminate\\Database\\Console\\Migrations\\FreshCommand.php(121): Illuminate\\Console\\Command->call('db:seed', Array)
#32 C:\\laragon\\www\\500-STAB-WOUNDS\\vendor\\laravel\\framework\\src\\Illuminate\\Database\\Console\\Migrations\\FreshCommand.php(97): Illuminate\\Database\\Console\\Migrations\\FreshCommand->runSeeder(NULL)
#33 C:\\laragon\\www\\500-STAB-WOUNDS\\vendor\\laravel\\framework\\src\\Illuminate\\Container\\BoundMethod.php(36): Illuminate\\Database\\Console\\Migrations\\FreshCommand->handle()
#34 C:\\laragon\\www\\500-STAB-WOUNDS\\vendor\\laravel\\framework\\src\\Illuminate\\Container\\Util.php(43): Illuminate\\Container\\BoundMethod::{closure:Illuminate\\Container\\BoundMethod::call():35}()
#35 C:\\laragon\\www\\500-STAB-WOUNDS\\vendor\\laravel\\framework\\src\\Illuminate\\Container\\BoundMethod.php(96): Illuminate\\Container\\Util::unwrapIfClosure(Object(Closure))
#36 C:\\laragon\\www\\500-STAB-WOUNDS\\vendor\\laravel\\framework\\src\\Illuminate\\Container\\BoundMethod.php(35): Illuminate\\Container\\BoundMethod::callBoundMethod(Object(Illuminate\\Foundation\\Application), Array, Object(Closure))
#37 C:\\laragon\\www\\500-STAB-WOUNDS\\vendor\\laravel\\framework\\src\\Illuminate\\Container\\Container.php(754): Illuminate\\Container\\BoundMethod::call(Object(Illuminate\\Foundation\\Application), Array, Array, NULL)
#38 C:\\laragon\\www\\500-STAB-WOUNDS\\vendor\\laravel\\framework\\src\\Illuminate\\Console\\Command.php(211): Illuminate\\Container\\Container->call(Array)
#39 C:\\laragon\\www\\500-STAB-WOUNDS\\vendor\\symfony\\console\\Command\\Command.php(279): Illuminate\\Console\\Command->execute(Object(Symfony\\Component\\Console\\Input\\ArgvInput), Object(Illuminate\\Console\\OutputStyle))
#40 C:\\laragon\\www\\500-STAB-WOUNDS\\vendor\\laravel\\framework\\src\\Illuminate\\Console\\Command.php(180): Symfony\\Component\\Console\\Command\\Command->run(Object(Symfony\\Component\\Console\\Input\\ArgvInput), Object(Illuminate\\Console\\OutputStyle))
#41 C:\\laragon\\www\\500-STAB-WOUNDS\\vendor\\symfony\\console\\Application.php(1094): Illuminate\\Console\\Command->run(Object(Symfony\\Component\\Console\\Input\\ArgvInput), Object(Symfony\\Component\\Console\\Output\\ConsoleOutput))
#42 C:\\laragon\\www\\500-STAB-WOUNDS\\vendor\\symfony\\console\\Application.php(342): Symfony\\Component\\Console\\Application->doRunCommand(Object(Illuminate\\Database\\Console\\Migrations\\FreshCommand), Object(Symfony\\Component\\Console\\Input\\ArgvInput), Object(Symfony\\Component\\Console\\Output\\ConsoleOutput))
#43 C:\\laragon\\www\\500-STAB-WOUNDS\\vendor\\symfony\\console\\Application.php(193): Symfony\\Component\\Console\\Application->doRun(Object(Symfony\\Component\\Console\\Input\\ArgvInput), Object(Symfony\\Component\\Console\\Output\\ConsoleOutput))
#44 C:\\laragon\\www\\500-STAB-WOUNDS\\vendor\\laravel\\framework\\src\\Illuminate\\Foundation\\Console\\Kernel.php(197): Symfony\\Component\\Console\\Application->run(Object(Symfony\\Component\\Console\\Input\\ArgvInput), Object(Symfony\\Component\\Console\\Output\\ConsoleOutput))
#45 C:\\laragon\\www\\500-STAB-WOUNDS\\vendor\\laravel\\framework\\src\\Illuminate\\Foundation\\Application.php(1234): Illuminate\\Foundation\\Console\\Kernel->handle(Object(Symfony\\Component\\Console\\Input\\ArgvInput), Object(Symfony\\Component\\Console\\Output\\ConsoleOutput))
#46 C:\\laragon\\www\\500-STAB-WOUNDS\\artisan(16): Illuminate\\Foundation\\Application->handleCommand(Object(Symfony\\Component\\Console\\Input\\ArgvInput))
#47 {main}
"} 
[2025-05-01 12:58:55] local.ERROR: Unclosed '{' on line 14 {"exception":"[object] (ParseError(code: 0): Unclosed '{' on line 14 at C:\\laragon\\www\\500-STAB-WOUNDS\\database\\seeders\\SalesSeeder.php:60)
[stacktrace]
#0 C:\\laragon\\www\\500-STAB-WOUNDS\\vendor\\composer\\ClassLoader.php(428): Composer\\Autoload\\includeFile('C:\\\\laragon\\\\www\\\\...')
#1 [internal function]: Composer\\Autoload\\ClassLoader->loadClass('Database\\\\Seeder...')
#2 C:\\laragon\\www\\500-STAB-WOUNDS\\vendor\\laravel\\framework\\src\\Illuminate\\Container\\Container.php(1017): ReflectionClass->__construct('Database\\\\Seeder...')
#3 C:\\laragon\\www\\500-STAB-WOUNDS\\vendor\\laravel\\framework\\src\\Illuminate\\Container\\Container.php(890): Illuminate\\Container\\Container->build('Database\\\\Seeder...')
#4 C:\\laragon\\www\\500-STAB-WOUNDS\\vendor\\laravel\\framework\\src\\Illuminate\\Foundation\\Application.php(1077): Illuminate\\Container\\Container->resolve('Database\\\\Seeder...', Array, true)
#5 C:\\laragon\\www\\500-STAB-WOUNDS\\vendor\\laravel\\framework\\src\\Illuminate\\Container\\Container.php(821): Illuminate\\Foundation\\Application->resolve('Database\\\\Seeder...', Array)
#6 C:\\laragon\\www\\500-STAB-WOUNDS\\vendor\\laravel\\framework\\src\\Illuminate\\Foundation\\Application.php(1057): Illuminate\\Container\\Container->make('Database\\\\Seeder...', Array)
#7 C:\\laragon\\www\\500-STAB-WOUNDS\\vendor\\laravel\\framework\\src\\Illuminate\\Database\\Seeder.php(133): Illuminate\\Foundation\\Application->make('Database\\\\Seeder...')
#8 C:\\laragon\\www\\500-STAB-WOUNDS\\vendor\\laravel\\framework\\src\\Illuminate\\Database\\Seeder.php(48): Illuminate\\Database\\Seeder->resolve('Database\\\\Seeder...')
#9 C:\\laragon\\www\\500-STAB-WOUNDS\\database\\seeders\\DatabaseSeeder.php(18): Illuminate\\Database\\Seeder->call('Database\\\\Seeder...')
#10 C:\\laragon\\www\\500-STAB-WOUNDS\\vendor\\laravel\\framework\\src\\Illuminate\\Container\\BoundMethod.php(36): Database\\Seeders\\DatabaseSeeder->run()
#11 C:\\laragon\\www\\500-STAB-WOUNDS\\vendor\\laravel\\framework\\src\\Illuminate\\Container\\Util.php(43): Illuminate\\Container\\BoundMethod::{closure:Illuminate\\Container\\BoundMethod::call():35}()
#12 C:\\laragon\\www\\500-STAB-WOUNDS\\vendor\\laravel\\framework\\src\\Illuminate\\Container\\BoundMethod.php(96): Illuminate\\Container\\Util::unwrapIfClosure(Object(Closure))
#13 C:\\laragon\\www\\500-STAB-WOUNDS\\vendor\\laravel\\framework\\src\\Illuminate\\Container\\BoundMethod.php(35): Illuminate\\Container\\BoundMethod::callBoundMethod(Object(Illuminate\\Foundation\\Application), Array, Object(Closure))
#14 C:\\laragon\\www\\500-STAB-WOUNDS\\vendor\\laravel\\framework\\src\\Illuminate\\Container\\Container.php(754): Illuminate\\Container\\BoundMethod::call(Object(Illuminate\\Foundation\\Application), Array, Array, NULL)
#15 C:\\laragon\\www\\500-STAB-WOUNDS\\vendor\\laravel\\framework\\src\\Illuminate\\Database\\Seeder.php(188): Illuminate\\Container\\Container->call(Array, Array)
#16 C:\\laragon\\www\\500-STAB-WOUNDS\\vendor\\laravel\\framework\\src\\Illuminate\\Database\\Seeder.php(197): Illuminate\\Database\\Seeder->{closure:Illuminate\\Database\\Seeder::__invoke():187}()
#17 C:\\laragon\\www\\500-STAB-WOUNDS\\vendor\\laravel\\framework\\src\\Illuminate\\Database\\Console\\Seeds\\SeedCommand.php(71): Illuminate\\Database\\Seeder->__invoke()
#18 C:\\laragon\\www\\500-STAB-WOUNDS\\vendor\\laravel\\framework\\src\\Illuminate\\Database\\Eloquent\\Concerns\\GuardsAttributes.php(155): Illuminate\\Database\\Console\\Seeds\\SeedCommand->{closure:Illuminate\\Database\\Console\\Seeds\\SeedCommand::handle():70}()
#19 C:\\laragon\\www\\500-STAB-WOUNDS\\vendor\\laravel\\framework\\src\\Illuminate\\Database\\Console\\Seeds\\SeedCommand.php(70): Illuminate\\Database\\Eloquent\\Model::unguarded(Object(Closure))
#20 C:\\laragon\\www\\500-STAB-WOUNDS\\vendor\\laravel\\framework\\src\\Illuminate\\Container\\BoundMethod.php(36): Illuminate\\Database\\Console\\Seeds\\SeedCommand->handle()
#21 C:\\laragon\\www\\500-STAB-WOUNDS\\vendor\\laravel\\framework\\src\\Illuminate\\Container\\Util.php(43): Illuminate\\Container\\BoundMethod::{closure:Illuminate\\Container\\BoundMethod::call():35}()
#22 C:\\laragon\\www\\500-STAB-WOUNDS\\vendor\\laravel\\framework\\src\\Illuminate\\Container\\BoundMethod.php(96): Illuminate\\Container\\Util::unwrapIfClosure(Object(Closure))
#23 C:\\laragon\\www\\500-STAB-WOUNDS\\vendor\\laravel\\framework\\src\\Illuminate\\Container\\BoundMethod.php(35): Illuminate\\Container\\BoundMethod::callBoundMethod(Object(Illuminate\\Foundation\\Application), Array, Object(Closure))
#24 C:\\laragon\\www\\500-STAB-WOUNDS\\vendor\\laravel\\framework\\src\\Illuminate\\Container\\Container.php(754): Illuminate\\Container\\BoundMethod::call(Object(Illuminate\\Foundation\\Application), Array, Array, NULL)
#25 C:\\laragon\\www\\500-STAB-WOUNDS\\vendor\\laravel\\framework\\src\\Illuminate\\Console\\Command.php(211): Illuminate\\Container\\Container->call(Array)
#26 C:\\laragon\\www\\500-STAB-WOUNDS\\vendor\\symfony\\console\\Command\\Command.php(279): Illuminate\\Console\\Command->execute(Object(Symfony\\Component\\Console\\Input\\ArrayInput), Object(Illuminate\\Console\\OutputStyle))
#27 C:\\laragon\\www\\500-STAB-WOUNDS\\vendor\\laravel\\framework\\src\\Illuminate\\Console\\Command.php(180): Symfony\\Component\\Console\\Command\\Command->run(Object(Symfony\\Component\\Console\\Input\\ArrayInput), Object(Illuminate\\Console\\OutputStyle))
#28 C:\\laragon\\www\\500-STAB-WOUNDS\\vendor\\laravel\\framework\\src\\Illuminate\\Console\\Concerns\\CallsCommands.php(68): Illuminate\\Console\\Command->run(Object(Symfony\\Component\\Console\\Input\\ArrayInput), Object(Illuminate\\Console\\OutputStyle))
#29 C:\\laragon\\www\\500-STAB-WOUNDS\\vendor\\laravel\\framework\\src\\Illuminate\\Console\\Concerns\\CallsCommands.php(29): Illuminate\\Console\\Command->runCommand('db:seed', Array, Object(Illuminate\\Console\\OutputStyle))
#30 C:\\laragon\\www\\500-STAB-WOUNDS\\vendor\\laravel\\framework\\src\\Illuminate\\Database\\Console\\Migrations\\FreshCommand.php(121): Illuminate\\Console\\Command->call('db:seed', Array)
#31 C:\\laragon\\www\\500-STAB-WOUNDS\\vendor\\laravel\\framework\\src\\Illuminate\\Database\\Console\\Migrations\\FreshCommand.php(97): Illuminate\\Database\\Console\\Migrations\\FreshCommand->runSeeder(NULL)
#32 C:\\laragon\\www\\500-STAB-WOUNDS\\vendor\\laravel\\framework\\src\\Illuminate\\Container\\BoundMethod.php(36): Illuminate\\Database\\Console\\Migrations\\FreshCommand->handle()
#33 C:\\laragon\\www\\500-STAB-WOUNDS\\vendor\\laravel\\framework\\src\\Illuminate\\Container\\Util.php(43): Illuminate\\Container\\BoundMethod::{closure:Illuminate\\Container\\BoundMethod::call():35}()
#34 C:\\laragon\\www\\500-STAB-WOUNDS\\vendor\\laravel\\framework\\src\\Illuminate\\Container\\BoundMethod.php(96): Illuminate\\Container\\Util::unwrapIfClosure(Object(Closure))
#35 C:\\laragon\\www\\500-STAB-WOUNDS\\vendor\\laravel\\framework\\src\\Illuminate\\Container\\BoundMethod.php(35): Illuminate\\Container\\BoundMethod::callBoundMethod(Object(Illuminate\\Foundation\\Application), Array, Object(Closure))
#36 C:\\laragon\\www\\500-STAB-WOUNDS\\vendor\\laravel\\framework\\src\\Illuminate\\Container\\Container.php(754): Illuminate\\Container\\BoundMethod::call(Object(Illuminate\\Foundation\\Application), Array, Array, NULL)
#37 C:\\laragon\\www\\500-STAB-WOUNDS\\vendor\\laravel\\framework\\src\\Illuminate\\Console\\Command.php(211): Illuminate\\Container\\Container->call(Array)
#38 C:\\laragon\\www\\500-STAB-WOUNDS\\vendor\\symfony\\console\\Command\\Command.php(279): Illuminate\\Console\\Command->execute(Object(Symfony\\Component\\Console\\Input\\ArgvInput), Object(Illuminate\\Console\\OutputStyle))
#39 C:\\laragon\\www\\500-STAB-WOUNDS\\vendor\\laravel\\framework\\src\\Illuminate\\Console\\Command.php(180): Symfony\\Component\\Console\\Command\\Command->run(Object(Symfony\\Component\\Console\\Input\\ArgvInput), Object(Illuminate\\Console\\OutputStyle))
#40 C:\\laragon\\www\\500-STAB-WOUNDS\\vendor\\symfony\\console\\Application.php(1094): Illuminate\\Console\\Command->run(Object(Symfony\\Component\\Console\\Input\\ArgvInput), Object(Symfony\\Component\\Console\\Output\\ConsoleOutput))
#41 C:\\laragon\\www\\500-STAB-WOUNDS\\vendor\\symfony\\console\\Application.php(342): Symfony\\Component\\Console\\Application->doRunCommand(Object(Illuminate\\Database\\Console\\Migrations\\FreshCommand), Object(Symfony\\Component\\Console\\Input\\ArgvInput), Object(Symfony\\Component\\Console\\Output\\ConsoleOutput))
#42 C:\\laragon\\www\\500-STAB-WOUNDS\\vendor\\symfony\\console\\Application.php(193): Symfony\\Component\\Console\\Application->doRun(Object(Symfony\\Component\\Console\\Input\\ArgvInput), Object(Symfony\\Component\\Console\\Output\\ConsoleOutput))
#43 C:\\laragon\\www\\500-STAB-WOUNDS\\vendor\\laravel\\framework\\src\\Illuminate\\Foundation\\Console\\Kernel.php(197): Symfony\\Component\\Console\\Application->run(Object(Symfony\\Component\\Console\\Input\\ArgvInput), Object(Symfony\\Component\\Console\\Output\\ConsoleOutput))
#44 C:\\laragon\\www\\500-STAB-WOUNDS\\vendor\\laravel\\framework\\src\\Illuminate\\Foundation\\Application.php(1234): Illuminate\\Foundation\\Console\\Kernel->handle(Object(Symfony\\Component\\Console\\Input\\ArgvInput), Object(Symfony\\Component\\Console\\Output\\ConsoleOutput))
#45 C:\\laragon\\www\\500-STAB-WOUNDS\\artisan(16): Illuminate\\Foundation\\Application->handleCommand(Object(Symfony\\Component\\Console\\Input\\ArgvInput))
#46 {main}
"} 
[2025-05-01 12:59:16] local.ERROR: SQLSTATE[HY000]: General error: 1366 Incorrect decimal value: 'October' for column 'total_sales' at row 1 (Connection: mysql, SQL: insert into `sale_items` (`sale_id`, `product_id`, `units_sold`, `unit_price`, `total_sales`, `updated_at`, `created_at`) values (1, 1, 19, 1169, October, 2025-05-01 12:59:16, 2025-05-01 12:59:16)) {"exception":"[object] (Illuminate\\Database\\QueryException(code: HY000): SQLSTATE[HY000]: General error: 1366 Incorrect decimal value: 'October' for column 'total_sales' at row 1 (Connection: mysql, SQL: insert into `sale_items` (`sale_id`, `product_id`, `units_sold`, `unit_price`, `total_sales`, `updated_at`, `created_at`) values (1, 1, 19, 1169, October, 2025-05-01 12:59:16, 2025-05-01 12:59:16)) at C:\\laragon\\www\\500-STAB-WOUNDS\\vendor\\laravel\\framework\\src\\Illuminate\\Database\\Connection.php:822)
[stacktrace]
#0 C:\\laragon\\www\\500-STAB-WOUNDS\\vendor\\laravel\\framework\\src\\Illuminate\\Database\\Connection.php(776): Illuminate\\Database\\Connection->runQueryCallback('insert into `sa...', Array, Object(Closure))
#1 C:\\laragon\\www\\500-STAB-WOUNDS\\vendor\\laravel\\framework\\src\\Illuminate\\Database\\MySqlConnection.php(42): Illuminate\\Database\\Connection->run('insert into `sa...', Array, Object(Closure))
#2 C:\\laragon\\www\\500-STAB-WOUNDS\\vendor\\laravel\\framework\\src\\Illuminate\\Database\\Query\\Processors\\MySqlProcessor.php(35): Illuminate\\Database\\MySqlConnection->insert('insert into `sa...', Array, 'id')
#3 C:\\laragon\\www\\500-STAB-WOUNDS\\vendor\\laravel\\framework\\src\\Illuminate\\Database\\Query\\Builder.php(3779): Illuminate\\Database\\Query\\Processors\\MySqlProcessor->processInsertGetId(Object(Illuminate\\Database\\Query\\Builder), 'insert into `sa...', Array, 'id')
#4 C:\\laragon\\www\\500-STAB-WOUNDS\\vendor\\laravel\\framework\\src\\Illuminate\\Database\\Eloquent\\Builder.php(2204): Illuminate\\Database\\Query\\Builder->insertGetId(Array, 'id')
#5 C:\\laragon\\www\\500-STAB-WOUNDS\\vendor\\laravel\\framework\\src\\Illuminate\\Database\\Eloquent\\Model.php(1408): Illuminate\\Database\\Eloquent\\Builder->__call('insertGetId', Array)
#6 C:\\laragon\\www\\500-STAB-WOUNDS\\vendor\\laravel\\framework\\src\\Illuminate\\Database\\Eloquent\\Model.php(1373): Illuminate\\Database\\Eloquent\\Model->insertAndSetId(Object(Illuminate\\Database\\Eloquent\\Builder), Array)
#7 C:\\laragon\\www\\500-STAB-WOUNDS\\vendor\\laravel\\framework\\src\\Illuminate\\Database\\Eloquent\\Model.php(1212): Illuminate\\Database\\Eloquent\\Model->performInsert(Object(Illuminate\\Database\\Eloquent\\Builder))
#8 C:\\laragon\\www\\500-STAB-WOUNDS\\vendor\\laravel\\framework\\src\\Illuminate\\Database\\Eloquent\\Builder.php(1188): Illuminate\\Database\\Eloquent\\Model->save()
#9 C:\\laragon\\www\\500-STAB-WOUNDS\\vendor\\laravel\\framework\\src\\Illuminate\\Support\\helpers.php(399): Illuminate\\Database\\Eloquent\\Builder->{closure:Illuminate\\Database\\Eloquent\\Builder::create():1187}(Object(App\\Models\\SaleItem))
#10 C:\\laragon\\www\\500-STAB-WOUNDS\\vendor\\laravel\\framework\\src\\Illuminate\\Database\\Eloquent\\Builder.php(1187): tap(Object(App\\Models\\SaleItem), Object(Closure))
#11 C:\\laragon\\www\\500-STAB-WOUNDS\\vendor\\laravel\\framework\\src\\Illuminate\\Support\\Traits\\ForwardsCalls.php(23): Illuminate\\Database\\Eloquent\\Builder->create(Array)
#12 C:\\laragon\\www\\500-STAB-WOUNDS\\vendor\\laravel\\framework\\src\\Illuminate\\Database\\Eloquent\\Model.php(2449): Illuminate\\Database\\Eloquent\\Model->forwardCallTo(Object(Illuminate\\Database\\Eloquent\\Builder), 'create', Array)
#13 C:\\laragon\\www\\500-STAB-WOUNDS\\vendor\\laravel\\framework\\src\\Illuminate\\Database\\Eloquent\\Model.php(2465): Illuminate\\Database\\Eloquent\\Model->__call('create', Array)
#14 C:\\laragon\\www\\500-STAB-WOUNDS\\database\\seeders\\SalesSeeder.php(51): Illuminate\\Database\\Eloquent\\Model::__callStatic('create', Array)
#15 C:\\laragon\\www\\500-STAB-WOUNDS\\vendor\\laravel\\framework\\src\\Illuminate\\Container\\BoundMethod.php(36): Database\\Seeders\\SalesSeeder->run()
#16 C:\\laragon\\www\\500-STAB-WOUNDS\\vendor\\laravel\\framework\\src\\Illuminate\\Container\\Util.php(43): Illuminate\\Container\\BoundMethod::{closure:Illuminate\\Container\\BoundMethod::call():35}()
#17 C:\\laragon\\www\\500-STAB-WOUNDS\\vendor\\laravel\\framework\\src\\Illuminate\\Container\\BoundMethod.php(96): Illuminate\\Container\\Util::unwrapIfClosure(Object(Closure))
#18 C:\\laragon\\www\\500-STAB-WOUNDS\\vendor\\laravel\\framework\\src\\Illuminate\\Container\\BoundMethod.php(35): Illuminate\\Container\\BoundMethod::callBoundMethod(Object(Illuminate\\Foundation\\Application), Array, Object(Closure))
#19 C:\\laragon\\www\\500-STAB-WOUNDS\\vendor\\laravel\\framework\\src\\Illuminate\\Container\\Container.php(754): Illuminate\\Container\\BoundMethod::call(Object(Illuminate\\Foundation\\Application), Array, Array, NULL)
#20 C:\\laragon\\www\\500-STAB-WOUNDS\\vendor\\laravel\\framework\\src\\Illuminate\\Database\\Seeder.php(188): Illuminate\\Container\\Container->call(Array, Array)
#21 C:\\laragon\\www\\500-STAB-WOUNDS\\vendor\\laravel\\framework\\src\\Illuminate\\Database\\Seeder.php(197): Illuminate\\Database\\Seeder->{closure:Illuminate\\Database\\Seeder::__invoke():187}()
#22 C:\\laragon\\www\\500-STAB-WOUNDS\\vendor\\laravel\\framework\\src\\Illuminate\\Database\\Seeder.php(61): Illuminate\\Database\\Seeder->__invoke(Array)
#23 C:\\laragon\\www\\500-STAB-WOUNDS\\database\\seeders\\DatabaseSeeder.php(18): Illuminate\\Database\\Seeder->call('Database\\\\Seeder...')
#24 C:\\laragon\\www\\500-STAB-WOUNDS\\vendor\\laravel\\framework\\src\\Illuminate\\Container\\BoundMethod.php(36): Database\\Seeders\\DatabaseSeeder->run()
#25 C:\\laragon\\www\\500-STAB-WOUNDS\\vendor\\laravel\\framework\\src\\Illuminate\\Container\\Util.php(43): Illuminate\\Container\\BoundMethod::{closure:Illuminate\\Container\\BoundMethod::call():35}()
#26 C:\\laragon\\www\\500-STAB-WOUNDS\\vendor\\laravel\\framework\\src\\Illuminate\\Container\\BoundMethod.php(96): Illuminate\\Container\\Util::unwrapIfClosure(Object(Closure))
#27 C:\\laragon\\www\\500-STAB-WOUNDS\\vendor\\laravel\\framework\\src\\Illuminate\\Container\\BoundMethod.php(35): Illuminate\\Container\\BoundMethod::callBoundMethod(Object(Illuminate\\Foundation\\Application), Array, Object(Closure))
#28 C:\\laragon\\www\\500-STAB-WOUNDS\\vendor\\laravel\\framework\\src\\Illuminate\\Container\\Container.php(754): Illuminate\\Container\\BoundMethod::call(Object(Illuminate\\Foundation\\Application), Array, Array, NULL)
#29 C:\\laragon\\www\\500-STAB-WOUNDS\\vendor\\laravel\\framework\\src\\Illuminate\\Database\\Seeder.php(188): Illuminate\\Container\\Container->call(Array, Array)
#30 C:\\laragon\\www\\500-STAB-WOUNDS\\vendor\\laravel\\framework\\src\\Illuminate\\Database\\Seeder.php(197): Illuminate\\Database\\Seeder->{closure:Illuminate\\Database\\Seeder::__invoke():187}()
#31 C:\\laragon\\www\\500-STAB-WOUNDS\\vendor\\laravel\\framework\\src\\Illuminate\\Database\\Console\\Seeds\\SeedCommand.php(71): Illuminate\\Database\\Seeder->__invoke()
#32 C:\\laragon\\www\\500-STAB-WOUNDS\\vendor\\laravel\\framework\\src\\Illuminate\\Database\\Eloquent\\Concerns\\GuardsAttributes.php(155): Illuminate\\Database\\Console\\Seeds\\SeedCommand->{closure:Illuminate\\Database\\Console\\Seeds\\SeedCommand::handle():70}()
#33 C:\\laragon\\www\\500-STAB-WOUNDS\\vendor\\laravel\\framework\\src\\Illuminate\\Database\\Console\\Seeds\\SeedCommand.php(70): Illuminate\\Database\\Eloquent\\Model::unguarded(Object(Closure))
#34 C:\\laragon\\www\\500-STAB-WOUNDS\\vendor\\laravel\\framework\\src\\Illuminate\\Container\\BoundMethod.php(36): Illuminate\\Database\\Console\\Seeds\\SeedCommand->handle()
#35 C:\\laragon\\www\\500-STAB-WOUNDS\\vendor\\laravel\\framework\\src\\Illuminate\\Container\\Util.php(43): Illuminate\\Container\\BoundMethod::{closure:Illuminate\\Container\\BoundMethod::call():35}()
#36 C:\\laragon\\www\\500-STAB-WOUNDS\\vendor\\laravel\\framework\\src\\Illuminate\\Container\\BoundMethod.php(96): Illuminate\\Container\\Util::unwrapIfClosure(Object(Closure))
#37 C:\\laragon\\www\\500-STAB-WOUNDS\\vendor\\laravel\\framework\\src\\Illuminate\\Container\\BoundMethod.php(35): Illuminate\\Container\\BoundMethod::callBoundMethod(Object(Illuminate\\Foundation\\Application), Array, Object(Closure))
#38 C:\\laragon\\www\\500-STAB-WOUNDS\\vendor\\laravel\\framework\\src\\Illuminate\\Container\\Container.php(754): Illuminate\\Container\\BoundMethod::call(Object(Illuminate\\Foundation\\Application), Array, Array, NULL)
#39 C:\\laragon\\www\\500-STAB-WOUNDS\\vendor\\laravel\\framework\\src\\Illuminate\\Console\\Command.php(211): Illuminate\\Container\\Container->call(Array)
#40 C:\\laragon\\www\\500-STAB-WOUNDS\\vendor\\symfony\\console\\Command\\Command.php(279): Illuminate\\Console\\Command->execute(Object(Symfony\\Component\\Console\\Input\\ArrayInput), Object(Illuminate\\Console\\OutputStyle))
#41 C:\\laragon\\www\\500-STAB-WOUNDS\\vendor\\laravel\\framework\\src\\Illuminate\\Console\\Command.php(180): Symfony\\Component\\Console\\Command\\Command->run(Object(Symfony\\Component\\Console\\Input\\ArrayInput), Object(Illuminate\\Console\\OutputStyle))
#42 C:\\laragon\\www\\500-STAB-WOUNDS\\vendor\\laravel\\framework\\src\\Illuminate\\Console\\Concerns\\CallsCommands.php(68): Illuminate\\Console\\Command->run(Object(Symfony\\Component\\Console\\Input\\ArrayInput), Object(Illuminate\\Console\\OutputStyle))
#43 C:\\laragon\\www\\500-STAB-WOUNDS\\vendor\\laravel\\framework\\src\\Illuminate\\Console\\Concerns\\CallsCommands.php(29): Illuminate\\Console\\Command->runCommand('db:seed', Array, Object(Illuminate\\Console\\OutputStyle))
#44 C:\\laragon\\www\\500-STAB-WOUNDS\\vendor\\laravel\\framework\\src\\Illuminate\\Database\\Console\\Migrations\\FreshCommand.php(121): Illuminate\\Console\\Command->call('db:seed', Array)
#45 C:\\laragon\\www\\500-STAB-WOUNDS\\vendor\\laravel\\framework\\src\\Illuminate\\Database\\Console\\Migrations\\FreshCommand.php(97): Illuminate\\Database\\Console\\Migrations\\FreshCommand->runSeeder(NULL)
#46 C:\\laragon\\www\\500-STAB-WOUNDS\\vendor\\laravel\\framework\\src\\Illuminate\\Container\\BoundMethod.php(36): Illuminate\\Database\\Console\\Migrations\\FreshCommand->handle()
#47 C:\\laragon\\www\\500-STAB-WOUNDS\\vendor\\laravel\\framework\\src\\Illuminate\\Container\\Util.php(43): Illuminate\\Container\\BoundMethod::{closure:Illuminate\\Container\\BoundMethod::call():35}()
#48 C:\\laragon\\www\\500-STAB-WOUNDS\\vendor\\laravel\\framework\\src\\Illuminate\\Container\\BoundMethod.php(96): Illuminate\\Container\\Util::unwrapIfClosure(Object(Closure))
#49 C:\\laragon\\www\\500-STAB-WOUNDS\\vendor\\laravel\\framework\\src\\Illuminate\\Container\\BoundMethod.php(35): Illuminate\\Container\\BoundMethod::callBoundMethod(Object(Illuminate\\Foundation\\Application), Array, Object(Closure))
#50 C:\\laragon\\www\\500-STAB-WOUNDS\\vendor\\laravel\\framework\\src\\Illuminate\\Container\\Container.php(754): Illuminate\\Container\\BoundMethod::call(Object(Illuminate\\Foundation\\Application), Array, Array, NULL)
#51 C:\\laragon\\www\\500-STAB-WOUNDS\\vendor\\laravel\\framework\\src\\Illuminate\\Console\\Command.php(211): Illuminate\\Container\\Container->call(Array)
#52 C:\\laragon\\www\\500-STAB-WOUNDS\\vendor\\symfony\\console\\Command\\Command.php(279): Illuminate\\Console\\Command->execute(Object(Symfony\\Component\\Console\\Input\\ArgvInput), Object(Illuminate\\Console\\OutputStyle))
#53 C:\\laragon\\www\\500-STAB-WOUNDS\\vendor\\laravel\\framework\\src\\Illuminate\\Console\\Command.php(180): Symfony\\Component\\Console\\Command\\Command->run(Object(Symfony\\Component\\Console\\Input\\ArgvInput), Object(Illuminate\\Console\\OutputStyle))
#54 C:\\laragon\\www\\500-STAB-WOUNDS\\vendor\\symfony\\console\\Application.php(1094): Illuminate\\Console\\Command->run(Object(Symfony\\Component\\Console\\Input\\ArgvInput), Object(Symfony\\Component\\Console\\Output\\ConsoleOutput))
#55 C:\\laragon\\www\\500-STAB-WOUNDS\\vendor\\symfony\\console\\Application.php(342): Symfony\\Component\\Console\\Application->doRunCommand(Object(Illuminate\\Database\\Console\\Migrations\\FreshCommand), Object(Symfony\\Component\\Console\\Input\\ArgvInput), Object(Symfony\\Component\\Console\\Output\\ConsoleOutput))
#56 C:\\laragon\\www\\500-STAB-WOUNDS\\vendor\\symfony\\console\\Application.php(193): Symfony\\Component\\Console\\Application->doRun(Object(Symfony\\Component\\Console\\Input\\ArgvInput), Object(Symfony\\Component\\Console\\Output\\ConsoleOutput))
#57 C:\\laragon\\www\\500-STAB-WOUNDS\\vendor\\laravel\\framework\\src\\Illuminate\\Foundation\\Console\\Kernel.php(197): Symfony\\Component\\Console\\Application->run(Object(Symfony\\Component\\Console\\Input\\ArgvInput), Object(Symfony\\Component\\Console\\Output\\ConsoleOutput))
#58 C:\\laragon\\www\\500-STAB-WOUNDS\\vendor\\laravel\\framework\\src\\Illuminate\\Foundation\\Application.php(1234): Illuminate\\Foundation\\Console\\Kernel->handle(Object(Symfony\\Component\\Console\\Input\\ArgvInput), Object(Symfony\\Component\\Console\\Output\\ConsoleOutput))
#59 C:\\laragon\\www\\500-STAB-WOUNDS\\artisan(16): Illuminate\\Foundation\\Application->handleCommand(Object(Symfony\\Component\\Console\\Input\\ArgvInput))
#60 {main}

[previous exception] [object] (PDOException(code: HY000): SQLSTATE[HY000]: General error: 1366 Incorrect decimal value: 'October' for column 'total_sales' at row 1 at C:\\laragon\\www\\500-STAB-WOUNDS\\vendor\\laravel\\framework\\src\\Illuminate\\Database\\MySqlConnection.php:53)
[stacktrace]
#0 C:\\laragon\\www\\500-STAB-WOUNDS\\vendor\\laravel\\framework\\src\\Illuminate\\Database\\MySqlConnection.php(53): PDOStatement->execute()
#1 C:\\laragon\\www\\500-STAB-WOUNDS\\vendor\\laravel\\framework\\src\\Illuminate\\Database\\Connection.php(809): Illuminate\\Database\\MySqlConnection->{closure:Illuminate\\Database\\MySqlConnection::insert():42}('insert into `sa...', Array)
#2 C:\\laragon\\www\\500-STAB-WOUNDS\\vendor\\laravel\\framework\\src\\Illuminate\\Database\\Connection.php(776): Illuminate\\Database\\Connection->runQueryCallback('insert into `sa...', Array, Object(Closure))
#3 C:\\laragon\\www\\500-STAB-WOUNDS\\vendor\\laravel\\framework\\src\\Illuminate\\Database\\MySqlConnection.php(42): Illuminate\\Database\\Connection->run('insert into `sa...', Array, Object(Closure))
#4 C:\\laragon\\www\\500-STAB-WOUNDS\\vendor\\laravel\\framework\\src\\Illuminate\\Database\\Query\\Processors\\MySqlProcessor.php(35): Illuminate\\Database\\MySqlConnection->insert('insert into `sa...', Array, 'id')
#5 C:\\laragon\\www\\500-STAB-WOUNDS\\vendor\\laravel\\framework\\src\\Illuminate\\Database\\Query\\Builder.php(3779): Illuminate\\Database\\Query\\Processors\\MySqlProcessor->processInsertGetId(Object(Illuminate\\Database\\Query\\Builder), 'insert into `sa...', Array, 'id')
#6 C:\\laragon\\www\\500-STAB-WOUNDS\\vendor\\laravel\\framework\\src\\Illuminate\\Database\\Eloquent\\Builder.php(2204): Illuminate\\Database\\Query\\Builder->insertGetId(Array, 'id')
#7 C:\\laragon\\www\\500-STAB-WOUNDS\\vendor\\laravel\\framework\\src\\Illuminate\\Database\\Eloquent\\Model.php(1408): Illuminate\\Database\\Eloquent\\Builder->__call('insertGetId', Array)
#8 C:\\laragon\\www\\500-STAB-WOUNDS\\vendor\\laravel\\framework\\src\\Illuminate\\Database\\Eloquent\\Model.php(1373): Illuminate\\Database\\Eloquent\\Model->insertAndSetId(Object(Illuminate\\Database\\Eloquent\\Builder), Array)
#9 C:\\laragon\\www\\500-STAB-WOUNDS\\vendor\\laravel\\framework\\src\\Illuminate\\Database\\Eloquent\\Model.php(1212): Illuminate\\Database\\Eloquent\\Model->performInsert(Object(Illuminate\\Database\\Eloquent\\Builder))
#10 C:\\laragon\\www\\500-STAB-WOUNDS\\vendor\\laravel\\framework\\src\\Illuminate\\Database\\Eloquent\\Builder.php(1188): Illuminate\\Database\\Eloquent\\Model->save()
#11 C:\\laragon\\www\\500-STAB-WOUNDS\\vendor\\laravel\\framework\\src\\Illuminate\\Support\\helpers.php(399): Illuminate\\Database\\Eloquent\\Builder->{closure:Illuminate\\Database\\Eloquent\\Builder::create():1187}(Object(App\\Models\\SaleItem))
#12 C:\\laragon\\www\\500-STAB-WOUNDS\\vendor\\laravel\\framework\\src\\Illuminate\\Database\\Eloquent\\Builder.php(1187): tap(Object(App\\Models\\SaleItem), Object(Closure))
#13 C:\\laragon\\www\\500-STAB-WOUNDS\\vendor\\laravel\\framework\\src\\Illuminate\\Support\\Traits\\ForwardsCalls.php(23): Illuminate\\Database\\Eloquent\\Builder->create(Array)
#14 C:\\laragon\\www\\500-STAB-WOUNDS\\vendor\\laravel\\framework\\src\\Illuminate\\Database\\Eloquent\\Model.php(2449): Illuminate\\Database\\Eloquent\\Model->forwardCallTo(Object(Illuminate\\Database\\Eloquent\\Builder), 'create', Array)
#15 C:\\laragon\\www\\500-STAB-WOUNDS\\vendor\\laravel\\framework\\src\\Illuminate\\Database\\Eloquent\\Model.php(2465): Illuminate\\Database\\Eloquent\\Model->__call('create', Array)
#16 C:\\laragon\\www\\500-STAB-WOUNDS\\database\\seeders\\SalesSeeder.php(51): Illuminate\\Database\\Eloquent\\Model::__callStatic('create', Array)
#17 C:\\laragon\\www\\500-STAB-WOUNDS\\vendor\\laravel\\framework\\src\\Illuminate\\Container\\BoundMethod.php(36): Database\\Seeders\\SalesSeeder->run()
#18 C:\\laragon\\www\\500-STAB-WOUNDS\\vendor\\laravel\\framework\\src\\Illuminate\\Container\\Util.php(43): Illuminate\\Container\\BoundMethod::{closure:Illuminate\\Container\\BoundMethod::call():35}()
#19 C:\\laragon\\www\\500-STAB-WOUNDS\\vendor\\laravel\\framework\\src\\Illuminate\\Container\\BoundMethod.php(96): Illuminate\\Container\\Util::unwrapIfClosure(Object(Closure))
#20 C:\\laragon\\www\\500-STAB-WOUNDS\\vendor\\laravel\\framework\\src\\Illuminate\\Container\\BoundMethod.php(35): Illuminate\\Container\\BoundMethod::callBoundMethod(Object(Illuminate\\Foundation\\Application), Array, Object(Closure))
#21 C:\\laragon\\www\\500-STAB-WOUNDS\\vendor\\laravel\\framework\\src\\Illuminate\\Container\\Container.php(754): Illuminate\\Container\\BoundMethod::call(Object(Illuminate\\Foundation\\Application), Array, Array, NULL)
#22 C:\\laragon\\www\\500-STAB-WOUNDS\\vendor\\laravel\\framework\\src\\Illuminate\\Database\\Seeder.php(188): Illuminate\\Container\\Container->call(Array, Array)
#23 C:\\laragon\\www\\500-STAB-WOUNDS\\vendor\\laravel\\framework\\src\\Illuminate\\Database\\Seeder.php(197): Illuminate\\Database\\Seeder->{closure:Illuminate\\Database\\Seeder::__invoke():187}()
#24 C:\\laragon\\www\\500-STAB-WOUNDS\\vendor\\laravel\\framework\\src\\Illuminate\\Database\\Seeder.php(61): Illuminate\\Database\\Seeder->__invoke(Array)
#25 C:\\laragon\\www\\500-STAB-WOUNDS\\database\\seeders\\DatabaseSeeder.php(18): Illuminate\\Database\\Seeder->call('Database\\\\Seeder...')
#26 C:\\laragon\\www\\500-STAB-WOUNDS\\vendor\\laravel\\framework\\src\\Illuminate\\Container\\BoundMethod.php(36): Database\\Seeders\\DatabaseSeeder->run()
#27 C:\\laragon\\www\\500-STAB-WOUNDS\\vendor\\laravel\\framework\\src\\Illuminate\\Container\\Util.php(43): Illuminate\\Container\\BoundMethod::{closure:Illuminate\\Container\\BoundMethod::call():35}()
#28 C:\\laragon\\www\\500-STAB-WOUNDS\\vendor\\laravel\\framework\\src\\Illuminate\\Container\\BoundMethod.php(96): Illuminate\\Container\\Util::unwrapIfClosure(Object(Closure))
#29 C:\\laragon\\www\\500-STAB-WOUNDS\\vendor\\laravel\\framework\\src\\Illuminate\\Container\\BoundMethod.php(35): Illuminate\\Container\\BoundMethod::callBoundMethod(Object(Illuminate\\Foundation\\Application), Array, Object(Closure))
#30 C:\\laragon\\www\\500-STAB-WOUNDS\\vendor\\laravel\\framework\\src\\Illuminate\\Container\\Container.php(754): Illuminate\\Container\\BoundMethod::call(Object(Illuminate\\Foundation\\Application), Array, Array, NULL)
#31 C:\\laragon\\www\\500-STAB-WOUNDS\\vendor\\laravel\\framework\\src\\Illuminate\\Database\\Seeder.php(188): Illuminate\\Container\\Container->call(Array, Array)
#32 C:\\laragon\\www\\500-STAB-WOUNDS\\vendor\\laravel\\framework\\src\\Illuminate\\Database\\Seeder.php(197): Illuminate\\Database\\Seeder->{closure:Illuminate\\Database\\Seeder::__invoke():187}()
#33 C:\\laragon\\www\\500-STAB-WOUNDS\\vendor\\laravel\\framework\\src\\Illuminate\\Database\\Console\\Seeds\\SeedCommand.php(71): Illuminate\\Database\\Seeder->__invoke()
#34 C:\\laragon\\www\\500-STAB-WOUNDS\\vendor\\laravel\\framework\\src\\Illuminate\\Database\\Eloquent\\Concerns\\GuardsAttributes.php(155): Illuminate\\Database\\Console\\Seeds\\SeedCommand->{closure:Illuminate\\Database\\Console\\Seeds\\SeedCommand::handle():70}()
#35 C:\\laragon\\www\\500-STAB-WOUNDS\\vendor\\laravel\\framework\\src\\Illuminate\\Database\\Console\\Seeds\\SeedCommand.php(70): Illuminate\\Database\\Eloquent\\Model::unguarded(Object(Closure))
#36 C:\\laragon\\www\\500-STAB-WOUNDS\\vendor\\laravel\\framework\\src\\Illuminate\\Container\\BoundMethod.php(36): Illuminate\\Database\\Console\\Seeds\\SeedCommand->handle()
#37 C:\\laragon\\www\\500-STAB-WOUNDS\\vendor\\laravel\\framework\\src\\Illuminate\\Container\\Util.php(43): Illuminate\\Container\\BoundMethod::{closure:Illuminate\\Container\\BoundMethod::call():35}()
#38 C:\\laragon\\www\\500-STAB-WOUNDS\\vendor\\laravel\\framework\\src\\Illuminate\\Container\\BoundMethod.php(96): Illuminate\\Container\\Util::unwrapIfClosure(Object(Closure))
#39 C:\\laragon\\www\\500-STAB-WOUNDS\\vendor\\laravel\\framework\\src\\Illuminate\\Container\\BoundMethod.php(35): Illuminate\\Container\\BoundMethod::callBoundMethod(Object(Illuminate\\Foundation\\Application), Array, Object(Closure))
#40 C:\\laragon\\www\\500-STAB-WOUNDS\\vendor\\laravel\\framework\\src\\Illuminate\\Container\\Container.php(754): Illuminate\\Container\\BoundMethod::call(Object(Illuminate\\Foundation\\Application), Array, Array, NULL)
#41 C:\\laragon\\www\\500-STAB-WOUNDS\\vendor\\laravel\\framework\\src\\Illuminate\\Console\\Command.php(211): Illuminate\\Container\\Container->call(Array)
#42 C:\\laragon\\www\\500-STAB-WOUNDS\\vendor\\symfony\\console\\Command\\Command.php(279): Illuminate\\Console\\Command->execute(Object(Symfony\\Component\\Console\\Input\\ArrayInput), Object(Illuminate\\Console\\OutputStyle))
#43 C:\\laragon\\www\\500-STAB-WOUNDS\\vendor\\laravel\\framework\\src\\Illuminate\\Console\\Command.php(180): Symfony\\Component\\Console\\Command\\Command->run(Object(Symfony\\Component\\Console\\Input\\ArrayInput), Object(Illuminate\\Console\\OutputStyle))
#44 C:\\laragon\\www\\500-STAB-WOUNDS\\vendor\\laravel\\framework\\src\\Illuminate\\Console\\Concerns\\CallsCommands.php(68): Illuminate\\Console\\Command->run(Object(Symfony\\Component\\Console\\Input\\ArrayInput), Object(Illuminate\\Console\\OutputStyle))
#45 C:\\laragon\\www\\500-STAB-WOUNDS\\vendor\\laravel\\framework\\src\\Illuminate\\Console\\Concerns\\CallsCommands.php(29): Illuminate\\Console\\Command->runCommand('db:seed', Array, Object(Illuminate\\Console\\OutputStyle))
#46 C:\\laragon\\www\\500-STAB-WOUNDS\\vendor\\laravel\\framework\\src\\Illuminate\\Database\\Console\\Migrations\\FreshCommand.php(121): Illuminate\\Console\\Command->call('db:seed', Array)
#47 C:\\laragon\\www\\500-STAB-WOUNDS\\vendor\\laravel\\framework\\src\\Illuminate\\Database\\Console\\Migrations\\FreshCommand.php(97): Illuminate\\Database\\Console\\Migrations\\FreshCommand->runSeeder(NULL)
#48 C:\\laragon\\www\\500-STAB-WOUNDS\\vendor\\laravel\\framework\\src\\Illuminate\\Container\\BoundMethod.php(36): Illuminate\\Database\\Console\\Migrations\\FreshCommand->handle()
#49 C:\\laragon\\www\\500-STAB-WOUNDS\\vendor\\laravel\\framework\\src\\Illuminate\\Container\\Util.php(43): Illuminate\\Container\\BoundMethod::{closure:Illuminate\\Container\\BoundMethod::call():35}()
#50 C:\\laragon\\www\\500-STAB-WOUNDS\\vendor\\laravel\\framework\\src\\Illuminate\\Container\\BoundMethod.php(96): Illuminate\\Container\\Util::unwrapIfClosure(Object(Closure))
#51 C:\\laragon\\www\\500-STAB-WOUNDS\\vendor\\laravel\\framework\\src\\Illuminate\\Container\\BoundMethod.php(35): Illuminate\\Container\\BoundMethod::callBoundMethod(Object(Illuminate\\Foundation\\Application), Array, Object(Closure))
#52 C:\\laragon\\www\\500-STAB-WOUNDS\\vendor\\laravel\\framework\\src\\Illuminate\\Container\\Container.php(754): Illuminate\\Container\\BoundMethod::call(Object(Illuminate\\Foundation\\Application), Array, Array, NULL)
#53 C:\\laragon\\www\\500-STAB-WOUNDS\\vendor\\laravel\\framework\\src\\Illuminate\\Console\\Command.php(211): Illuminate\\Container\\Container->call(Array)
#54 C:\\laragon\\www\\500-STAB-WOUNDS\\vendor\\symfony\\console\\Command\\Command.php(279): Illuminate\\Console\\Command->execute(Object(Symfony\\Component\\Console\\Input\\ArgvInput), Object(Illuminate\\Console\\OutputStyle))
#55 C:\\laragon\\www\\500-STAB-WOUNDS\\vendor\\laravel\\framework\\src\\Illuminate\\Console\\Command.php(180): Symfony\\Component\\Console\\Command\\Command->run(Object(Symfony\\Component\\Console\\Input\\ArgvInput), Object(Illuminate\\Console\\OutputStyle))
#56 C:\\laragon\\www\\500-STAB-WOUNDS\\vendor\\symfony\\console\\Application.php(1094): Illuminate\\Console\\Command->run(Object(Symfony\\Component\\Console\\Input\\ArgvInput), Object(Symfony\\Component\\Console\\Output\\ConsoleOutput))
#57 C:\\laragon\\www\\500-STAB-WOUNDS\\vendor\\symfony\\console\\Application.php(342): Symfony\\Component\\Console\\Application->doRunCommand(Object(Illuminate\\Database\\Console\\Migrations\\FreshCommand), Object(Symfony\\Component\\Console\\Input\\ArgvInput), Object(Symfony\\Component\\Console\\Output\\ConsoleOutput))
#58 C:\\laragon\\www\\500-STAB-WOUNDS\\vendor\\symfony\\console\\Application.php(193): Symfony\\Component\\Console\\Application->doRun(Object(Symfony\\Component\\Console\\Input\\ArgvInput), Object(Symfony\\Component\\Console\\Output\\ConsoleOutput))
#59 C:\\laragon\\www\\500-STAB-WOUNDS\\vendor\\laravel\\framework\\src\\Illuminate\\Foundation\\Console\\Kernel.php(197): Symfony\\Component\\Console\\Application->run(Object(Symfony\\Component\\Console\\Input\\ArgvInput), Object(Symfony\\Component\\Console\\Output\\ConsoleOutput))
#60 C:\\laragon\\www\\500-STAB-WOUNDS\\vendor\\laravel\\framework\\src\\Illuminate\\Foundation\\Application.php(1234): Illuminate\\Foundation\\Console\\Kernel->handle(Object(Symfony\\Component\\Console\\Input\\ArgvInput), Object(Symfony\\Component\\Console\\Output\\ConsoleOutput))
#61 C:\\laragon\\www\\500-STAB-WOUNDS\\artisan(16): Illuminate\\Foundation\\Application->handleCommand(Object(Symfony\\Component\\Console\\Input\\ArgvInput))
#62 {main}
"} 
[2025-05-01 13:04:26] local.ERROR: SQLSTATE[HY000]: General error: 1366 Incorrect decimal value: 'October' for column 'total_sales' at row 1 (Connection: mysql, SQL: insert into `sale_items` (`sale_id`, `product_id`, `units_sold`, `unit_price`, `total_sales`, `updated_at`, `created_at`) values (1, 1, 19, 1169, October, 2025-05-01 13:04:26, 2025-05-01 13:04:26)) {"exception":"[object] (Illuminate\\Database\\QueryException(code: HY000): SQLSTATE[HY000]: General error: 1366 Incorrect decimal value: 'October' for column 'total_sales' at row 1 (Connection: mysql, SQL: insert into `sale_items` (`sale_id`, `product_id`, `units_sold`, `unit_price`, `total_sales`, `updated_at`, `created_at`) values (1, 1, 19, 1169, October, 2025-05-01 13:04:26, 2025-05-01 13:04:26)) at C:\\laragon\\www\\500-STAB-WOUNDS\\vendor\\laravel\\framework\\src\\Illuminate\\Database\\Connection.php:822)
[stacktrace]
#0 C:\\laragon\\www\\500-STAB-WOUNDS\\vendor\\laravel\\framework\\src\\Illuminate\\Database\\Connection.php(776): Illuminate\\Database\\Connection->runQueryCallback('insert into `sa...', Array, Object(Closure))
#1 C:\\laragon\\www\\500-STAB-WOUNDS\\vendor\\laravel\\framework\\src\\Illuminate\\Database\\MySqlConnection.php(42): Illuminate\\Database\\Connection->run('insert into `sa...', Array, Object(Closure))
#2 C:\\laragon\\www\\500-STAB-WOUNDS\\vendor\\laravel\\framework\\src\\Illuminate\\Database\\Query\\Processors\\MySqlProcessor.php(35): Illuminate\\Database\\MySqlConnection->insert('insert into `sa...', Array, 'id')
#3 C:\\laragon\\www\\500-STAB-WOUNDS\\vendor\\laravel\\framework\\src\\Illuminate\\Database\\Query\\Builder.php(3779): Illuminate\\Database\\Query\\Processors\\MySqlProcessor->processInsertGetId(Object(Illuminate\\Database\\Query\\Builder), 'insert into `sa...', Array, 'id')
#4 C:\\laragon\\www\\500-STAB-WOUNDS\\vendor\\laravel\\framework\\src\\Illuminate\\Database\\Eloquent\\Builder.php(2204): Illuminate\\Database\\Query\\Builder->insertGetId(Array, 'id')
#5 C:\\laragon\\www\\500-STAB-WOUNDS\\vendor\\laravel\\framework\\src\\Illuminate\\Database\\Eloquent\\Model.php(1408): Illuminate\\Database\\Eloquent\\Builder->__call('insertGetId', Array)
#6 C:\\laragon\\www\\500-STAB-WOUNDS\\vendor\\laravel\\framework\\src\\Illuminate\\Database\\Eloquent\\Model.php(1373): Illuminate\\Database\\Eloquent\\Model->insertAndSetId(Object(Illuminate\\Database\\Eloquent\\Builder), Array)
#7 C:\\laragon\\www\\500-STAB-WOUNDS\\vendor\\laravel\\framework\\src\\Illuminate\\Database\\Eloquent\\Model.php(1212): Illuminate\\Database\\Eloquent\\Model->performInsert(Object(Illuminate\\Database\\Eloquent\\Builder))
#8 C:\\laragon\\www\\500-STAB-WOUNDS\\vendor\\laravel\\framework\\src\\Illuminate\\Database\\Eloquent\\Builder.php(1188): Illuminate\\Database\\Eloquent\\Model->save()
#9 C:\\laragon\\www\\500-STAB-WOUNDS\\vendor\\laravel\\framework\\src\\Illuminate\\Support\\helpers.php(399): Illuminate\\Database\\Eloquent\\Builder->{closure:Illuminate\\Database\\Eloquent\\Builder::create():1187}(Object(App\\Models\\SaleItem))
#10 C:\\laragon\\www\\500-STAB-WOUNDS\\vendor\\laravel\\framework\\src\\Illuminate\\Database\\Eloquent\\Builder.php(1187): tap(Object(App\\Models\\SaleItem), Object(Closure))
#11 C:\\laragon\\www\\500-STAB-WOUNDS\\vendor\\laravel\\framework\\src\\Illuminate\\Support\\Traits\\ForwardsCalls.php(23): Illuminate\\Database\\Eloquent\\Builder->create(Array)
#12 C:\\laragon\\www\\500-STAB-WOUNDS\\vendor\\laravel\\framework\\src\\Illuminate\\Database\\Eloquent\\Model.php(2449): Illuminate\\Database\\Eloquent\\Model->forwardCallTo(Object(Illuminate\\Database\\Eloquent\\Builder), 'create', Array)
#13 C:\\laragon\\www\\500-STAB-WOUNDS\\vendor\\laravel\\framework\\src\\Illuminate\\Database\\Eloquent\\Model.php(2465): Illuminate\\Database\\Eloquent\\Model->__call('create', Array)
#14 C:\\laragon\\www\\500-STAB-WOUNDS\\database\\seeders\\SalesSeeder.php(51): Illuminate\\Database\\Eloquent\\Model::__callStatic('create', Array)
#15 C:\\laragon\\www\\500-STAB-WOUNDS\\vendor\\laravel\\framework\\src\\Illuminate\\Container\\BoundMethod.php(36): Database\\Seeders\\SalesSeeder->run()
#16 C:\\laragon\\www\\500-STAB-WOUNDS\\vendor\\laravel\\framework\\src\\Illuminate\\Container\\Util.php(43): Illuminate\\Container\\BoundMethod::{closure:Illuminate\\Container\\BoundMethod::call():35}()
#17 C:\\laragon\\www\\500-STAB-WOUNDS\\vendor\\laravel\\framework\\src\\Illuminate\\Container\\BoundMethod.php(96): Illuminate\\Container\\Util::unwrapIfClosure(Object(Closure))
#18 C:\\laragon\\www\\500-STAB-WOUNDS\\vendor\\laravel\\framework\\src\\Illuminate\\Container\\BoundMethod.php(35): Illuminate\\Container\\BoundMethod::callBoundMethod(Object(Illuminate\\Foundation\\Application), Array, Object(Closure))
#19 C:\\laragon\\www\\500-STAB-WOUNDS\\vendor\\laravel\\framework\\src\\Illuminate\\Container\\Container.php(754): Illuminate\\Container\\BoundMethod::call(Object(Illuminate\\Foundation\\Application), Array, Array, NULL)
#20 C:\\laragon\\www\\500-STAB-WOUNDS\\vendor\\laravel\\framework\\src\\Illuminate\\Database\\Seeder.php(188): Illuminate\\Container\\Container->call(Array, Array)
#21 C:\\laragon\\www\\500-STAB-WOUNDS\\vendor\\laravel\\framework\\src\\Illuminate\\Database\\Seeder.php(197): Illuminate\\Database\\Seeder->{closure:Illuminate\\Database\\Seeder::__invoke():187}()
#22 C:\\laragon\\www\\500-STAB-WOUNDS\\vendor\\laravel\\framework\\src\\Illuminate\\Database\\Seeder.php(61): Illuminate\\Database\\Seeder->__invoke(Array)
#23 C:\\laragon\\www\\500-STAB-WOUNDS\\database\\seeders\\DatabaseSeeder.php(18): Illuminate\\Database\\Seeder->call('Database\\\\Seeder...')
#24 C:\\laragon\\www\\500-STAB-WOUNDS\\vendor\\laravel\\framework\\src\\Illuminate\\Container\\BoundMethod.php(36): Database\\Seeders\\DatabaseSeeder->run()
#25 C:\\laragon\\www\\500-STAB-WOUNDS\\vendor\\laravel\\framework\\src\\Illuminate\\Container\\Util.php(43): Illuminate\\Container\\BoundMethod::{closure:Illuminate\\Container\\BoundMethod::call():35}()
#26 C:\\laragon\\www\\500-STAB-WOUNDS\\vendor\\laravel\\framework\\src\\Illuminate\\Container\\BoundMethod.php(96): Illuminate\\Container\\Util::unwrapIfClosure(Object(Closure))
#27 C:\\laragon\\www\\500-STAB-WOUNDS\\vendor\\laravel\\framework\\src\\Illuminate\\Container\\BoundMethod.php(35): Illuminate\\Container\\BoundMethod::callBoundMethod(Object(Illuminate\\Foundation\\Application), Array, Object(Closure))
#28 C:\\laragon\\www\\500-STAB-WOUNDS\\vendor\\laravel\\framework\\src\\Illuminate\\Container\\Container.php(754): Illuminate\\Container\\BoundMethod::call(Object(Illuminate\\Foundation\\Application), Array, Array, NULL)
#29 C:\\laragon\\www\\500-STAB-WOUNDS\\vendor\\laravel\\framework\\src\\Illuminate\\Database\\Seeder.php(188): Illuminate\\Container\\Container->call(Array, Array)
#30 C:\\laragon\\www\\500-STAB-WOUNDS\\vendor\\laravel\\framework\\src\\Illuminate\\Database\\Seeder.php(197): Illuminate\\Database\\Seeder->{closure:Illuminate\\Database\\Seeder::__invoke():187}()
#31 C:\\laragon\\www\\500-STAB-WOUNDS\\vendor\\laravel\\framework\\src\\Illuminate\\Database\\Console\\Seeds\\SeedCommand.php(71): Illuminate\\Database\\Seeder->__invoke()
#32 C:\\laragon\\www\\500-STAB-WOUNDS\\vendor\\laravel\\framework\\src\\Illuminate\\Database\\Eloquent\\Concerns\\GuardsAttributes.php(155): Illuminate\\Database\\Console\\Seeds\\SeedCommand->{closure:Illuminate\\Database\\Console\\Seeds\\SeedCommand::handle():70}()
#33 C:\\laragon\\www\\500-STAB-WOUNDS\\vendor\\laravel\\framework\\src\\Illuminate\\Database\\Console\\Seeds\\SeedCommand.php(70): Illuminate\\Database\\Eloquent\\Model::unguarded(Object(Closure))
#34 C:\\laragon\\www\\500-STAB-WOUNDS\\vendor\\laravel\\framework\\src\\Illuminate\\Container\\BoundMethod.php(36): Illuminate\\Database\\Console\\Seeds\\SeedCommand->handle()
#35 C:\\laragon\\www\\500-STAB-WOUNDS\\vendor\\laravel\\framework\\src\\Illuminate\\Container\\Util.php(43): Illuminate\\Container\\BoundMethod::{closure:Illuminate\\Container\\BoundMethod::call():35}()
#36 C:\\laragon\\www\\500-STAB-WOUNDS\\vendor\\laravel\\framework\\src\\Illuminate\\Container\\BoundMethod.php(96): Illuminate\\Container\\Util::unwrapIfClosure(Object(Closure))
#37 C:\\laragon\\www\\500-STAB-WOUNDS\\vendor\\laravel\\framework\\src\\Illuminate\\Container\\BoundMethod.php(35): Illuminate\\Container\\BoundMethod::callBoundMethod(Object(Illuminate\\Foundation\\Application), Array, Object(Closure))
#38 C:\\laragon\\www\\500-STAB-WOUNDS\\vendor\\laravel\\framework\\src\\Illuminate\\Container\\Container.php(754): Illuminate\\Container\\BoundMethod::call(Object(Illuminate\\Foundation\\Application), Array, Array, NULL)
#39 C:\\laragon\\www\\500-STAB-WOUNDS\\vendor\\laravel\\framework\\src\\Illuminate\\Console\\Command.php(211): Illuminate\\Container\\Container->call(Array)
#40 C:\\laragon\\www\\500-STAB-WOUNDS\\vendor\\symfony\\console\\Command\\Command.php(279): Illuminate\\Console\\Command->execute(Object(Symfony\\Component\\Console\\Input\\ArrayInput), Object(Illuminate\\Console\\OutputStyle))
#41 C:\\laragon\\www\\500-STAB-WOUNDS\\vendor\\laravel\\framework\\src\\Illuminate\\Console\\Command.php(180): Symfony\\Component\\Console\\Command\\Command->run(Object(Symfony\\Component\\Console\\Input\\ArrayInput), Object(Illuminate\\Console\\OutputStyle))
#42 C:\\laragon\\www\\500-STAB-WOUNDS\\vendor\\laravel\\framework\\src\\Illuminate\\Console\\Concerns\\CallsCommands.php(68): Illuminate\\Console\\Command->run(Object(Symfony\\Component\\Console\\Input\\ArrayInput), Object(Illuminate\\Console\\OutputStyle))
#43 C:\\laragon\\www\\500-STAB-WOUNDS\\vendor\\laravel\\framework\\src\\Illuminate\\Console\\Concerns\\CallsCommands.php(29): Illuminate\\Console\\Command->runCommand('db:seed', Array, Object(Illuminate\\Console\\OutputStyle))
#44 C:\\laragon\\www\\500-STAB-WOUNDS\\vendor\\laravel\\framework\\src\\Illuminate\\Database\\Console\\Migrations\\FreshCommand.php(121): Illuminate\\Console\\Command->call('db:seed', Array)
#45 C:\\laragon\\www\\500-STAB-WOUNDS\\vendor\\laravel\\framework\\src\\Illuminate\\Database\\Console\\Migrations\\FreshCommand.php(97): Illuminate\\Database\\Console\\Migrations\\FreshCommand->runSeeder(NULL)
#46 C:\\laragon\\www\\500-STAB-WOUNDS\\vendor\\laravel\\framework\\src\\Illuminate\\Container\\BoundMethod.php(36): Illuminate\\Database\\Console\\Migrations\\FreshCommand->handle()
#47 C:\\laragon\\www\\500-STAB-WOUNDS\\vendor\\laravel\\framework\\src\\Illuminate\\Container\\Util.php(43): Illuminate\\Container\\BoundMethod::{closure:Illuminate\\Container\\BoundMethod::call():35}()
#48 C:\\laragon\\www\\500-STAB-WOUNDS\\vendor\\laravel\\framework\\src\\Illuminate\\Container\\BoundMethod.php(96): Illuminate\\Container\\Util::unwrapIfClosure(Object(Closure))
#49 C:\\laragon\\www\\500-STAB-WOUNDS\\vendor\\laravel\\framework\\src\\Illuminate\\Container\\BoundMethod.php(35): Illuminate\\Container\\BoundMethod::callBoundMethod(Object(Illuminate\\Foundation\\Application), Array, Object(Closure))
#50 C:\\laragon\\www\\500-STAB-WOUNDS\\vendor\\laravel\\framework\\src\\Illuminate\\Container\\Container.php(754): Illuminate\\Container\\BoundMethod::call(Object(Illuminate\\Foundation\\Application), Array, Array, NULL)
#51 C:\\laragon\\www\\500-STAB-WOUNDS\\vendor\\laravel\\framework\\src\\Illuminate\\Console\\Command.php(211): Illuminate\\Container\\Container->call(Array)
#52 C:\\laragon\\www\\500-STAB-WOUNDS\\vendor\\symfony\\console\\Command\\Command.php(279): Illuminate\\Console\\Command->execute(Object(Symfony\\Component\\Console\\Input\\ArgvInput), Object(Illuminate\\Console\\OutputStyle))
#53 C:\\laragon\\www\\500-STAB-WOUNDS\\vendor\\laravel\\framework\\src\\Illuminate\\Console\\Command.php(180): Symfony\\Component\\Console\\Command\\Command->run(Object(Symfony\\Component\\Console\\Input\\ArgvInput), Object(Illuminate\\Console\\OutputStyle))
#54 C:\\laragon\\www\\500-STAB-WOUNDS\\vendor\\symfony\\console\\Application.php(1094): Illuminate\\Console\\Command->run(Object(Symfony\\Component\\Console\\Input\\ArgvInput), Object(Symfony\\Component\\Console\\Output\\ConsoleOutput))
#55 C:\\laragon\\www\\500-STAB-WOUNDS\\vendor\\symfony\\console\\Application.php(342): Symfony\\Component\\Console\\Application->doRunCommand(Object(Illuminate\\Database\\Console\\Migrations\\FreshCommand), Object(Symfony\\Component\\Console\\Input\\ArgvInput), Object(Symfony\\Component\\Console\\Output\\ConsoleOutput))
#56 C:\\laragon\\www\\500-STAB-WOUNDS\\vendor\\symfony\\console\\Application.php(193): Symfony\\Component\\Console\\Application->doRun(Object(Symfony\\Component\\Console\\Input\\ArgvInput), Object(Symfony\\Component\\Console\\Output\\ConsoleOutput))
#57 C:\\laragon\\www\\500-STAB-WOUNDS\\vendor\\laravel\\framework\\src\\Illuminate\\Foundation\\Console\\Kernel.php(197): Symfony\\Component\\Console\\Application->run(Object(Symfony\\Component\\Console\\Input\\ArgvInput), Object(Symfony\\Component\\Console\\Output\\ConsoleOutput))
#58 C:\\laragon\\www\\500-STAB-WOUNDS\\vendor\\laravel\\framework\\src\\Illuminate\\Foundation\\Application.php(1234): Illuminate\\Foundation\\Console\\Kernel->handle(Object(Symfony\\Component\\Console\\Input\\ArgvInput), Object(Symfony\\Component\\Console\\Output\\ConsoleOutput))
#59 C:\\laragon\\www\\500-STAB-WOUNDS\\artisan(16): Illuminate\\Foundation\\Application->handleCommand(Object(Symfony\\Component\\Console\\Input\\ArgvInput))
#60 {main}

[previous exception] [object] (PDOException(code: HY000): SQLSTATE[HY000]: General error: 1366 Incorrect decimal value: 'October' for column 'total_sales' at row 1 at C:\\laragon\\www\\500-STAB-WOUNDS\\vendor\\laravel\\framework\\src\\Illuminate\\Database\\MySqlConnection.php:53)
[stacktrace]
#0 C:\\laragon\\www\\500-STAB-WOUNDS\\vendor\\laravel\\framework\\src\\Illuminate\\Database\\MySqlConnection.php(53): PDOStatement->execute()
#1 C:\\laragon\\www\\500-STAB-WOUNDS\\vendor\\laravel\\framework\\src\\Illuminate\\Database\\Connection.php(809): Illuminate\\Database\\MySqlConnection->{closure:Illuminate\\Database\\MySqlConnection::insert():42}('insert into `sa...', Array)
#2 C:\\laragon\\www\\500-STAB-WOUNDS\\vendor\\laravel\\framework\\src\\Illuminate\\Database\\Connection.php(776): Illuminate\\Database\\Connection->runQueryCallback('insert into `sa...', Array, Object(Closure))
#3 C:\\laragon\\www\\500-STAB-WOUNDS\\vendor\\laravel\\framework\\src\\Illuminate\\Database\\MySqlConnection.php(42): Illuminate\\Database\\Connection->run('insert into `sa...', Array, Object(Closure))
#4 C:\\laragon\\www\\500-STAB-WOUNDS\\vendor\\laravel\\framework\\src\\Illuminate\\Database\\Query\\Processors\\MySqlProcessor.php(35): Illuminate\\Database\\MySqlConnection->insert('insert into `sa...', Array, 'id')
#5 C:\\laragon\\www\\500-STAB-WOUNDS\\vendor\\laravel\\framework\\src\\Illuminate\\Database\\Query\\Builder.php(3779): Illuminate\\Database\\Query\\Processors\\MySqlProcessor->processInsertGetId(Object(Illuminate\\Database\\Query\\Builder), 'insert into `sa...', Array, 'id')
#6 C:\\laragon\\www\\500-STAB-WOUNDS\\vendor\\laravel\\framework\\src\\Illuminate\\Database\\Eloquent\\Builder.php(2204): Illuminate\\Database\\Query\\Builder->insertGetId(Array, 'id')
#7 C:\\laragon\\www\\500-STAB-WOUNDS\\vendor\\laravel\\framework\\src\\Illuminate\\Database\\Eloquent\\Model.php(1408): Illuminate\\Database\\Eloquent\\Builder->__call('insertGetId', Array)
#8 C:\\laragon\\www\\500-STAB-WOUNDS\\vendor\\laravel\\framework\\src\\Illuminate\\Database\\Eloquent\\Model.php(1373): Illuminate\\Database\\Eloquent\\Model->insertAndSetId(Object(Illuminate\\Database\\Eloquent\\Builder), Array)
#9 C:\\laragon\\www\\500-STAB-WOUNDS\\vendor\\laravel\\framework\\src\\Illuminate\\Database\\Eloquent\\Model.php(1212): Illuminate\\Database\\Eloquent\\Model->performInsert(Object(Illuminate\\Database\\Eloquent\\Builder))
#10 C:\\laragon\\www\\500-STAB-WOUNDS\\vendor\\laravel\\framework\\src\\Illuminate\\Database\\Eloquent\\Builder.php(1188): Illuminate\\Database\\Eloquent\\Model->save()
#11 C:\\laragon\\www\\500-STAB-WOUNDS\\vendor\\laravel\\framework\\src\\Illuminate\\Support\\helpers.php(399): Illuminate\\Database\\Eloquent\\Builder->{closure:Illuminate\\Database\\Eloquent\\Builder::create():1187}(Object(App\\Models\\SaleItem))
#12 C:\\laragon\\www\\500-STAB-WOUNDS\\vendor\\laravel\\framework\\src\\Illuminate\\Database\\Eloquent\\Builder.php(1187): tap(Object(App\\Models\\SaleItem), Object(Closure))
#13 C:\\laragon\\www\\500-STAB-WOUNDS\\vendor\\laravel\\framework\\src\\Illuminate\\Support\\Traits\\ForwardsCalls.php(23): Illuminate\\Database\\Eloquent\\Builder->create(Array)
#14 C:\\laragon\\www\\500-STAB-WOUNDS\\vendor\\laravel\\framework\\src\\Illuminate\\Database\\Eloquent\\Model.php(2449): Illuminate\\Database\\Eloquent\\Model->forwardCallTo(Object(Illuminate\\Database\\Eloquent\\Builder), 'create', Array)
#15 C:\\laragon\\www\\500-STAB-WOUNDS\\vendor\\laravel\\framework\\src\\Illuminate\\Database\\Eloquent\\Model.php(2465): Illuminate\\Database\\Eloquent\\Model->__call('create', Array)
#16 C:\\laragon\\www\\500-STAB-WOUNDS\\database\\seeders\\SalesSeeder.php(51): Illuminate\\Database\\Eloquent\\Model::__callStatic('create', Array)
#17 C:\\laragon\\www\\500-STAB-WOUNDS\\vendor\\laravel\\framework\\src\\Illuminate\\Container\\BoundMethod.php(36): Database\\Seeders\\SalesSeeder->run()
#18 C:\\laragon\\www\\500-STAB-WOUNDS\\vendor\\laravel\\framework\\src\\Illuminate\\Container\\Util.php(43): Illuminate\\Container\\BoundMethod::{closure:Illuminate\\Container\\BoundMethod::call():35}()
#19 C:\\laragon\\www\\500-STAB-WOUNDS\\vendor\\laravel\\framework\\src\\Illuminate\\Container\\BoundMethod.php(96): Illuminate\\Container\\Util::unwrapIfClosure(Object(Closure))
#20 C:\\laragon\\www\\500-STAB-WOUNDS\\vendor\\laravel\\framework\\src\\Illuminate\\Container\\BoundMethod.php(35): Illuminate\\Container\\BoundMethod::callBoundMethod(Object(Illuminate\\Foundation\\Application), Array, Object(Closure))
#21 C:\\laragon\\www\\500-STAB-WOUNDS\\vendor\\laravel\\framework\\src\\Illuminate\\Container\\Container.php(754): Illuminate\\Container\\BoundMethod::call(Object(Illuminate\\Foundation\\Application), Array, Array, NULL)
#22 C:\\laragon\\www\\500-STAB-WOUNDS\\vendor\\laravel\\framework\\src\\Illuminate\\Database\\Seeder.php(188): Illuminate\\Container\\Container->call(Array, Array)
#23 C:\\laragon\\www\\500-STAB-WOUNDS\\vendor\\laravel\\framework\\src\\Illuminate\\Database\\Seeder.php(197): Illuminate\\Database\\Seeder->{closure:Illuminate\\Database\\Seeder::__invoke():187}()
#24 C:\\laragon\\www\\500-STAB-WOUNDS\\vendor\\laravel\\framework\\src\\Illuminate\\Database\\Seeder.php(61): Illuminate\\Database\\Seeder->__invoke(Array)
#25 C:\\laragon\\www\\500-STAB-WOUNDS\\database\\seeders\\DatabaseSeeder.php(18): Illuminate\\Database\\Seeder->call('Database\\\\Seeder...')
#26 C:\\laragon\\www\\500-STAB-WOUNDS\\vendor\\laravel\\framework\\src\\Illuminate\\Container\\BoundMethod.php(36): Database\\Seeders\\DatabaseSeeder->run()
#27 C:\\laragon\\www\\500-STAB-WOUNDS\\vendor\\laravel\\framework\\src\\Illuminate\\Container\\Util.php(43): Illuminate\\Container\\BoundMethod::{closure:Illuminate\\Container\\BoundMethod::call():35}()
#28 C:\\laragon\\www\\500-STAB-WOUNDS\\vendor\\laravel\\framework\\src\\Illuminate\\Container\\BoundMethod.php(96): Illuminate\\Container\\Util::unwrapIfClosure(Object(Closure))
#29 C:\\laragon\\www\\500-STAB-WOUNDS\\vendor\\laravel\\framework\\src\\Illuminate\\Container\\BoundMethod.php(35): Illuminate\\Container\\BoundMethod::callBoundMethod(Object(Illuminate\\Foundation\\Application), Array, Object(Closure))
#30 C:\\laragon\\www\\500-STAB-WOUNDS\\vendor\\laravel\\framework\\src\\Illuminate\\Container\\Container.php(754): Illuminate\\Container\\BoundMethod::call(Object(Illuminate\\Foundation\\Application), Array, Array, NULL)
#31 C:\\laragon\\www\\500-STAB-WOUNDS\\vendor\\laravel\\framework\\src\\Illuminate\\Database\\Seeder.php(188): Illuminate\\Container\\Container->call(Array, Array)
#32 C:\\laragon\\www\\500-STAB-WOUNDS\\vendor\\laravel\\framework\\src\\Illuminate\\Database\\Seeder.php(197): Illuminate\\Database\\Seeder->{closure:Illuminate\\Database\\Seeder::__invoke():187}()
#33 C:\\laragon\\www\\500-STAB-WOUNDS\\vendor\\laravel\\framework\\src\\Illuminate\\Database\\Console\\Seeds\\SeedCommand.php(71): Illuminate\\Database\\Seeder->__invoke()
#34 C:\\laragon\\www\\500-STAB-WOUNDS\\vendor\\laravel\\framework\\src\\Illuminate\\Database\\Eloquent\\Concerns\\GuardsAttributes.php(155): Illuminate\\Database\\Console\\Seeds\\SeedCommand->{closure:Illuminate\\Database\\Console\\Seeds\\SeedCommand::handle():70}()
#35 C:\\laragon\\www\\500-STAB-WOUNDS\\vendor\\laravel\\framework\\src\\Illuminate\\Database\\Console\\Seeds\\SeedCommand.php(70): Illuminate\\Database\\Eloquent\\Model::unguarded(Object(Closure))
#36 C:\\laragon\\www\\500-STAB-WOUNDS\\vendor\\laravel\\framework\\src\\Illuminate\\Container\\BoundMethod.php(36): Illuminate\\Database\\Console\\Seeds\\SeedCommand->handle()
#37 C:\\laragon\\www\\500-STAB-WOUNDS\\vendor\\laravel\\framework\\src\\Illuminate\\Container\\Util.php(43): Illuminate\\Container\\BoundMethod::{closure:Illuminate\\Container\\BoundMethod::call():35}()
#38 C:\\laragon\\www\\500-STAB-WOUNDS\\vendor\\laravel\\framework\\src\\Illuminate\\Container\\BoundMethod.php(96): Illuminate\\Container\\Util::unwrapIfClosure(Object(Closure))
#39 C:\\laragon\\www\\500-STAB-WOUNDS\\vendor\\laravel\\framework\\src\\Illuminate\\Container\\BoundMethod.php(35): Illuminate\\Container\\BoundMethod::callBoundMethod(Object(Illuminate\\Foundation\\Application), Array, Object(Closure))
#40 C:\\laragon\\www\\500-STAB-WOUNDS\\vendor\\laravel\\framework\\src\\Illuminate\\Container\\Container.php(754): Illuminate\\Container\\BoundMethod::call(Object(Illuminate\\Foundation\\Application), Array, Array, NULL)
#41 C:\\laragon\\www\\500-STAB-WOUNDS\\vendor\\laravel\\framework\\src\\Illuminate\\Console\\Command.php(211): Illuminate\\Container\\Container->call(Array)
#42 C:\\laragon\\www\\500-STAB-WOUNDS\\vendor\\symfony\\console\\Command\\Command.php(279): Illuminate\\Console\\Command->execute(Object(Symfony\\Component\\Console\\Input\\ArrayInput), Object(Illuminate\\Console\\OutputStyle))
#43 C:\\laragon\\www\\500-STAB-WOUNDS\\vendor\\laravel\\framework\\src\\Illuminate\\Console\\Command.php(180): Symfony\\Component\\Console\\Command\\Command->run(Object(Symfony\\Component\\Console\\Input\\ArrayInput), Object(Illuminate\\Console\\OutputStyle))
#44 C:\\laragon\\www\\500-STAB-WOUNDS\\vendor\\laravel\\framework\\src\\Illuminate\\Console\\Concerns\\CallsCommands.php(68): Illuminate\\Console\\Command->run(Object(Symfony\\Component\\Console\\Input\\ArrayInput), Object(Illuminate\\Console\\OutputStyle))
#45 C:\\laragon\\www\\500-STAB-WOUNDS\\vendor\\laravel\\framework\\src\\Illuminate\\Console\\Concerns\\CallsCommands.php(29): Illuminate\\Console\\Command->runCommand('db:seed', Array, Object(Illuminate\\Console\\OutputStyle))
#46 C:\\laragon\\www\\500-STAB-WOUNDS\\vendor\\laravel\\framework\\src\\Illuminate\\Database\\Console\\Migrations\\FreshCommand.php(121): Illuminate\\Console\\Command->call('db:seed', Array)
#47 C:\\laragon\\www\\500-STAB-WOUNDS\\vendor\\laravel\\framework\\src\\Illuminate\\Database\\Console\\Migrations\\FreshCommand.php(97): Illuminate\\Database\\Console\\Migrations\\FreshCommand->runSeeder(NULL)
#48 C:\\laragon\\www\\500-STAB-WOUNDS\\vendor\\laravel\\framework\\src\\Illuminate\\Container\\BoundMethod.php(36): Illuminate\\Database\\Console\\Migrations\\FreshCommand->handle()
#49 C:\\laragon\\www\\500-STAB-WOUNDS\\vendor\\laravel\\framework\\src\\Illuminate\\Container\\Util.php(43): Illuminate\\Container\\BoundMethod::{closure:Illuminate\\Container\\BoundMethod::call():35}()
#50 C:\\laragon\\www\\500-STAB-WOUNDS\\vendor\\laravel\\framework\\src\\Illuminate\\Container\\BoundMethod.php(96): Illuminate\\Container\\Util::unwrapIfClosure(Object(Closure))
#51 C:\\laragon\\www\\500-STAB-WOUNDS\\vendor\\laravel\\framework\\src\\Illuminate\\Container\\BoundMethod.php(35): Illuminate\\Container\\BoundMethod::callBoundMethod(Object(Illuminate\\Foundation\\Application), Array, Object(Closure))
#52 C:\\laragon\\www\\500-STAB-WOUNDS\\vendor\\laravel\\framework\\src\\Illuminate\\Container\\Container.php(754): Illuminate\\Container\\BoundMethod::call(Object(Illuminate\\Foundation\\Application), Array, Array, NULL)
#53 C:\\laragon\\www\\500-STAB-WOUNDS\\vendor\\laravel\\framework\\src\\Illuminate\\Console\\Command.php(211): Illuminate\\Container\\Container->call(Array)
#54 C:\\laragon\\www\\500-STAB-WOUNDS\\vendor\\symfony\\console\\Command\\Command.php(279): Illuminate\\Console\\Command->execute(Object(Symfony\\Component\\Console\\Input\\ArgvInput), Object(Illuminate\\Console\\OutputStyle))
#55 C:\\laragon\\www\\500-STAB-WOUNDS\\vendor\\laravel\\framework\\src\\Illuminate\\Console\\Command.php(180): Symfony\\Component\\Console\\Command\\Command->run(Object(Symfony\\Component\\Console\\Input\\ArgvInput), Object(Illuminate\\Console\\OutputStyle))
#56 C:\\laragon\\www\\500-STAB-WOUNDS\\vendor\\symfony\\console\\Application.php(1094): Illuminate\\Console\\Command->run(Object(Symfony\\Component\\Console\\Input\\ArgvInput), Object(Symfony\\Component\\Console\\Output\\ConsoleOutput))
#57 C:\\laragon\\www\\500-STAB-WOUNDS\\vendor\\symfony\\console\\Application.php(342): Symfony\\Component\\Console\\Application->doRunCommand(Object(Illuminate\\Database\\Console\\Migrations\\FreshCommand), Object(Symfony\\Component\\Console\\Input\\ArgvInput), Object(Symfony\\Component\\Console\\Output\\ConsoleOutput))
#58 C:\\laragon\\www\\500-STAB-WOUNDS\\vendor\\symfony\\console\\Application.php(193): Symfony\\Component\\Console\\Application->doRun(Object(Symfony\\Component\\Console\\Input\\ArgvInput), Object(Symfony\\Component\\Console\\Output\\ConsoleOutput))
#59 C:\\laragon\\www\\500-STAB-WOUNDS\\vendor\\laravel\\framework\\src\\Illuminate\\Foundation\\Console\\Kernel.php(197): Symfony\\Component\\Console\\Application->run(Object(Symfony\\Component\\Console\\Input\\ArgvInput), Object(Symfony\\Component\\Console\\Output\\ConsoleOutput))
#60 C:\\laragon\\www\\500-STAB-WOUNDS\\vendor\\laravel\\framework\\src\\Illuminate\\Foundation\\Application.php(1234): Illuminate\\Foundation\\Console\\Kernel->handle(Object(Symfony\\Component\\Console\\Input\\ArgvInput), Object(Symfony\\Component\\Console\\Output\\ConsoleOutput))
#61 C:\\laragon\\www\\500-STAB-WOUNDS\\artisan(16): Illuminate\\Foundation\\Application->handleCommand(Object(Symfony\\Component\\Console\\Input\\ArgvInput))
#62 {main}
"} 
[2025-05-01 13:06:18] local.ERROR: SQLSTATE[42S22]: Column not found: 1054 Unknown column 'updated_at' in 'field list' (Connection: mysql, SQL: insert into `sale_items` (`sale_id`, `product_id`, `units_sold`, `unit_price`, `total_sales`, `updated_at`, `created_at`) values (1, 1, 19, 1169, October, 2025-05-01 13:06:18, 2025-05-01 13:06:18)) {"exception":"[object] (Illuminate\\Database\\QueryException(code: 42S22): SQLSTATE[42S22]: Column not found: 1054 Unknown column 'updated_at' in 'field list' (Connection: mysql, SQL: insert into `sale_items` (`sale_id`, `product_id`, `units_sold`, `unit_price`, `total_sales`, `updated_at`, `created_at`) values (1, 1, 19, 1169, October, 2025-05-01 13:06:18, 2025-05-01 13:06:18)) at C:\\laragon\\www\\500-STAB-WOUNDS\\vendor\\laravel\\framework\\src\\Illuminate\\Database\\Connection.php:822)
[stacktrace]
#0 C:\\laragon\\www\\500-STAB-WOUNDS\\vendor\\laravel\\framework\\src\\Illuminate\\Database\\Connection.php(776): Illuminate\\Database\\Connection->runQueryCallback('insert into `sa...', Array, Object(Closure))
#1 C:\\laragon\\www\\500-STAB-WOUNDS\\vendor\\laravel\\framework\\src\\Illuminate\\Database\\MySqlConnection.php(42): Illuminate\\Database\\Connection->run('insert into `sa...', Array, Object(Closure))
#2 C:\\laragon\\www\\500-STAB-WOUNDS\\vendor\\laravel\\framework\\src\\Illuminate\\Database\\Query\\Processors\\MySqlProcessor.php(35): Illuminate\\Database\\MySqlConnection->insert('insert into `sa...', Array, 'id')
#3 C:\\laragon\\www\\500-STAB-WOUNDS\\vendor\\laravel\\framework\\src\\Illuminate\\Database\\Query\\Builder.php(3779): Illuminate\\Database\\Query\\Processors\\MySqlProcessor->processInsertGetId(Object(Illuminate\\Database\\Query\\Builder), 'insert into `sa...', Array, 'id')
#4 C:\\laragon\\www\\500-STAB-WOUNDS\\vendor\\laravel\\framework\\src\\Illuminate\\Database\\Eloquent\\Builder.php(2204): Illuminate\\Database\\Query\\Builder->insertGetId(Array, 'id')
#5 C:\\laragon\\www\\500-STAB-WOUNDS\\vendor\\laravel\\framework\\src\\Illuminate\\Database\\Eloquent\\Model.php(1408): Illuminate\\Database\\Eloquent\\Builder->__call('insertGetId', Array)
#6 C:\\laragon\\www\\500-STAB-WOUNDS\\vendor\\laravel\\framework\\src\\Illuminate\\Database\\Eloquent\\Model.php(1373): Illuminate\\Database\\Eloquent\\Model->insertAndSetId(Object(Illuminate\\Database\\Eloquent\\Builder), Array)
#7 C:\\laragon\\www\\500-STAB-WOUNDS\\vendor\\laravel\\framework\\src\\Illuminate\\Database\\Eloquent\\Model.php(1212): Illuminate\\Database\\Eloquent\\Model->performInsert(Object(Illuminate\\Database\\Eloquent\\Builder))
#8 C:\\laragon\\www\\500-STAB-WOUNDS\\vendor\\laravel\\framework\\src\\Illuminate\\Database\\Eloquent\\Builder.php(1188): Illuminate\\Database\\Eloquent\\Model->save()
#9 C:\\laragon\\www\\500-STAB-WOUNDS\\vendor\\laravel\\framework\\src\\Illuminate\\Support\\helpers.php(399): Illuminate\\Database\\Eloquent\\Builder->{closure:Illuminate\\Database\\Eloquent\\Builder::create():1187}(Object(App\\Models\\SaleItem))
#10 C:\\laragon\\www\\500-STAB-WOUNDS\\vendor\\laravel\\framework\\src\\Illuminate\\Database\\Eloquent\\Builder.php(1187): tap(Object(App\\Models\\SaleItem), Object(Closure))
#11 C:\\laragon\\www\\500-STAB-WOUNDS\\vendor\\laravel\\framework\\src\\Illuminate\\Support\\Traits\\ForwardsCalls.php(23): Illuminate\\Database\\Eloquent\\Builder->create(Array)
#12 C:\\laragon\\www\\500-STAB-WOUNDS\\vendor\\laravel\\framework\\src\\Illuminate\\Database\\Eloquent\\Model.php(2449): Illuminate\\Database\\Eloquent\\Model->forwardCallTo(Object(Illuminate\\Database\\Eloquent\\Builder), 'create', Array)
#13 C:\\laragon\\www\\500-STAB-WOUNDS\\vendor\\laravel\\framework\\src\\Illuminate\\Database\\Eloquent\\Model.php(2465): Illuminate\\Database\\Eloquent\\Model->__call('create', Array)
#14 C:\\laragon\\www\\500-STAB-WOUNDS\\database\\seeders\\SalesSeeder.php(51): Illuminate\\Database\\Eloquent\\Model::__callStatic('create', Array)
#15 C:\\laragon\\www\\500-STAB-WOUNDS\\vendor\\laravel\\framework\\src\\Illuminate\\Container\\BoundMethod.php(36): Database\\Seeders\\SalesSeeder->run()
#16 C:\\laragon\\www\\500-STAB-WOUNDS\\vendor\\laravel\\framework\\src\\Illuminate\\Container\\Util.php(43): Illuminate\\Container\\BoundMethod::{closure:Illuminate\\Container\\BoundMethod::call():35}()
#17 C:\\laragon\\www\\500-STAB-WOUNDS\\vendor\\laravel\\framework\\src\\Illuminate\\Container\\BoundMethod.php(96): Illuminate\\Container\\Util::unwrapIfClosure(Object(Closure))
#18 C:\\laragon\\www\\500-STAB-WOUNDS\\vendor\\laravel\\framework\\src\\Illuminate\\Container\\BoundMethod.php(35): Illuminate\\Container\\BoundMethod::callBoundMethod(Object(Illuminate\\Foundation\\Application), Array, Object(Closure))
#19 C:\\laragon\\www\\500-STAB-WOUNDS\\vendor\\laravel\\framework\\src\\Illuminate\\Container\\Container.php(754): Illuminate\\Container\\BoundMethod::call(Object(Illuminate\\Foundation\\Application), Array, Array, NULL)
#20 C:\\laragon\\www\\500-STAB-WOUNDS\\vendor\\laravel\\framework\\src\\Illuminate\\Database\\Seeder.php(188): Illuminate\\Container\\Container->call(Array, Array)
#21 C:\\laragon\\www\\500-STAB-WOUNDS\\vendor\\laravel\\framework\\src\\Illuminate\\Database\\Seeder.php(197): Illuminate\\Database\\Seeder->{closure:Illuminate\\Database\\Seeder::__invoke():187}()
#22 C:\\laragon\\www\\500-STAB-WOUNDS\\vendor\\laravel\\framework\\src\\Illuminate\\Database\\Seeder.php(61): Illuminate\\Database\\Seeder->__invoke(Array)
#23 C:\\laragon\\www\\500-STAB-WOUNDS\\database\\seeders\\DatabaseSeeder.php(18): Illuminate\\Database\\Seeder->call('Database\\\\Seeder...')
#24 C:\\laragon\\www\\500-STAB-WOUNDS\\vendor\\laravel\\framework\\src\\Illuminate\\Container\\BoundMethod.php(36): Database\\Seeders\\DatabaseSeeder->run()
#25 C:\\laragon\\www\\500-STAB-WOUNDS\\vendor\\laravel\\framework\\src\\Illuminate\\Container\\Util.php(43): Illuminate\\Container\\BoundMethod::{closure:Illuminate\\Container\\BoundMethod::call():35}()
#26 C:\\laragon\\www\\500-STAB-WOUNDS\\vendor\\laravel\\framework\\src\\Illuminate\\Container\\BoundMethod.php(96): Illuminate\\Container\\Util::unwrapIfClosure(Object(Closure))
#27 C:\\laragon\\www\\500-STAB-WOUNDS\\vendor\\laravel\\framework\\src\\Illuminate\\Container\\BoundMethod.php(35): Illuminate\\Container\\BoundMethod::callBoundMethod(Object(Illuminate\\Foundation\\Application), Array, Object(Closure))
#28 C:\\laragon\\www\\500-STAB-WOUNDS\\vendor\\laravel\\framework\\src\\Illuminate\\Container\\Container.php(754): Illuminate\\Container\\BoundMethod::call(Object(Illuminate\\Foundation\\Application), Array, Array, NULL)
#29 C:\\laragon\\www\\500-STAB-WOUNDS\\vendor\\laravel\\framework\\src\\Illuminate\\Database\\Seeder.php(188): Illuminate\\Container\\Container->call(Array, Array)
#30 C:\\laragon\\www\\500-STAB-WOUNDS\\vendor\\laravel\\framework\\src\\Illuminate\\Database\\Seeder.php(197): Illuminate\\Database\\Seeder->{closure:Illuminate\\Database\\Seeder::__invoke():187}()
#31 C:\\laragon\\www\\500-STAB-WOUNDS\\vendor\\laravel\\framework\\src\\Illuminate\\Database\\Console\\Seeds\\SeedCommand.php(71): Illuminate\\Database\\Seeder->__invoke()
#32 C:\\laragon\\www\\500-STAB-WOUNDS\\vendor\\laravel\\framework\\src\\Illuminate\\Database\\Eloquent\\Concerns\\GuardsAttributes.php(155): Illuminate\\Database\\Console\\Seeds\\SeedCommand->{closure:Illuminate\\Database\\Console\\Seeds\\SeedCommand::handle():70}()
#33 C:\\laragon\\www\\500-STAB-WOUNDS\\vendor\\laravel\\framework\\src\\Illuminate\\Database\\Console\\Seeds\\SeedCommand.php(70): Illuminate\\Database\\Eloquent\\Model::unguarded(Object(Closure))
#34 C:\\laragon\\www\\500-STAB-WOUNDS\\vendor\\laravel\\framework\\src\\Illuminate\\Container\\BoundMethod.php(36): Illuminate\\Database\\Console\\Seeds\\SeedCommand->handle()
#35 C:\\laragon\\www\\500-STAB-WOUNDS\\vendor\\laravel\\framework\\src\\Illuminate\\Container\\Util.php(43): Illuminate\\Container\\BoundMethod::{closure:Illuminate\\Container\\BoundMethod::call():35}()
#36 C:\\laragon\\www\\500-STAB-WOUNDS\\vendor\\laravel\\framework\\src\\Illuminate\\Container\\BoundMethod.php(96): Illuminate\\Container\\Util::unwrapIfClosure(Object(Closure))
#37 C:\\laragon\\www\\500-STAB-WOUNDS\\vendor\\laravel\\framework\\src\\Illuminate\\Container\\BoundMethod.php(35): Illuminate\\Container\\BoundMethod::callBoundMethod(Object(Illuminate\\Foundation\\Application), Array, Object(Closure))
#38 C:\\laragon\\www\\500-STAB-WOUNDS\\vendor\\laravel\\framework\\src\\Illuminate\\Container\\Container.php(754): Illuminate\\Container\\BoundMethod::call(Object(Illuminate\\Foundation\\Application), Array, Array, NULL)
#39 C:\\laragon\\www\\500-STAB-WOUNDS\\vendor\\laravel\\framework\\src\\Illuminate\\Console\\Command.php(211): Illuminate\\Container\\Container->call(Array)
#40 C:\\laragon\\www\\500-STAB-WOUNDS\\vendor\\symfony\\console\\Command\\Command.php(279): Illuminate\\Console\\Command->execute(Object(Symfony\\Component\\Console\\Input\\ArrayInput), Object(Illuminate\\Console\\OutputStyle))
#41 C:\\laragon\\www\\500-STAB-WOUNDS\\vendor\\laravel\\framework\\src\\Illuminate\\Console\\Command.php(180): Symfony\\Component\\Console\\Command\\Command->run(Object(Symfony\\Component\\Console\\Input\\ArrayInput), Object(Illuminate\\Console\\OutputStyle))
#42 C:\\laragon\\www\\500-STAB-WOUNDS\\vendor\\laravel\\framework\\src\\Illuminate\\Console\\Concerns\\CallsCommands.php(68): Illuminate\\Console\\Command->run(Object(Symfony\\Component\\Console\\Input\\ArrayInput), Object(Illuminate\\Console\\OutputStyle))
#43 C:\\laragon\\www\\500-STAB-WOUNDS\\vendor\\laravel\\framework\\src\\Illuminate\\Console\\Concerns\\CallsCommands.php(29): Illuminate\\Console\\Command->runCommand('db:seed', Array, Object(Illuminate\\Console\\OutputStyle))
#44 C:\\laragon\\www\\500-STAB-WOUNDS\\vendor\\laravel\\framework\\src\\Illuminate\\Database\\Console\\Migrations\\FreshCommand.php(121): Illuminate\\Console\\Command->call('db:seed', Array)
#45 C:\\laragon\\www\\500-STAB-WOUNDS\\vendor\\laravel\\framework\\src\\Illuminate\\Database\\Console\\Migrations\\FreshCommand.php(97): Illuminate\\Database\\Console\\Migrations\\FreshCommand->runSeeder(NULL)
#46 C:\\laragon\\www\\500-STAB-WOUNDS\\vendor\\laravel\\framework\\src\\Illuminate\\Container\\BoundMethod.php(36): Illuminate\\Database\\Console\\Migrations\\FreshCommand->handle()
#47 C:\\laragon\\www\\500-STAB-WOUNDS\\vendor\\laravel\\framework\\src\\Illuminate\\Container\\Util.php(43): Illuminate\\Container\\BoundMethod::{closure:Illuminate\\Container\\BoundMethod::call():35}()
#48 C:\\laragon\\www\\500-STAB-WOUNDS\\vendor\\laravel\\framework\\src\\Illuminate\\Container\\BoundMethod.php(96): Illuminate\\Container\\Util::unwrapIfClosure(Object(Closure))
#49 C:\\laragon\\www\\500-STAB-WOUNDS\\vendor\\laravel\\framework\\src\\Illuminate\\Container\\BoundMethod.php(35): Illuminate\\Container\\BoundMethod::callBoundMethod(Object(Illuminate\\Foundation\\Application), Array, Object(Closure))
#50 C:\\laragon\\www\\500-STAB-WOUNDS\\vendor\\laravel\\framework\\src\\Illuminate\\Container\\Container.php(754): Illuminate\\Container\\BoundMethod::call(Object(Illuminate\\Foundation\\Application), Array, Array, NULL)
#51 C:\\laragon\\www\\500-STAB-WOUNDS\\vendor\\laravel\\framework\\src\\Illuminate\\Console\\Command.php(211): Illuminate\\Container\\Container->call(Array)
#52 C:\\laragon\\www\\500-STAB-WOUNDS\\vendor\\symfony\\console\\Command\\Command.php(279): Illuminate\\Console\\Command->execute(Object(Symfony\\Component\\Console\\Input\\ArgvInput), Object(Illuminate\\Console\\OutputStyle))
#53 C:\\laragon\\www\\500-STAB-WOUNDS\\vendor\\laravel\\framework\\src\\Illuminate\\Console\\Command.php(180): Symfony\\Component\\Console\\Command\\Command->run(Object(Symfony\\Component\\Console\\Input\\ArgvInput), Object(Illuminate\\Console\\OutputStyle))
#54 C:\\laragon\\www\\500-STAB-WOUNDS\\vendor\\symfony\\console\\Application.php(1094): Illuminate\\Console\\Command->run(Object(Symfony\\Component\\Console\\Input\\ArgvInput), Object(Symfony\\Component\\Console\\Output\\ConsoleOutput))
#55 C:\\laragon\\www\\500-STAB-WOUNDS\\vendor\\symfony\\console\\Application.php(342): Symfony\\Component\\Console\\Application->doRunCommand(Object(Illuminate\\Database\\Console\\Migrations\\FreshCommand), Object(Symfony\\Component\\Console\\Input\\ArgvInput), Object(Symfony\\Component\\Console\\Output\\ConsoleOutput))
#56 C:\\laragon\\www\\500-STAB-WOUNDS\\vendor\\symfony\\console\\Application.php(193): Symfony\\Component\\Console\\Application->doRun(Object(Symfony\\Component\\Console\\Input\\ArgvInput), Object(Symfony\\Component\\Console\\Output\\ConsoleOutput))
#57 C:\\laragon\\www\\500-STAB-WOUNDS\\vendor\\laravel\\framework\\src\\Illuminate\\Foundation\\Console\\Kernel.php(197): Symfony\\Component\\Console\\Application->run(Object(Symfony\\Component\\Console\\Input\\ArgvInput), Object(Symfony\\Component\\Console\\Output\\ConsoleOutput))
#58 C:\\laragon\\www\\500-STAB-WOUNDS\\vendor\\laravel\\framework\\src\\Illuminate\\Foundation\\Application.php(1234): Illuminate\\Foundation\\Console\\Kernel->handle(Object(Symfony\\Component\\Console\\Input\\ArgvInput), Object(Symfony\\Component\\Console\\Output\\ConsoleOutput))
#59 C:\\laragon\\www\\500-STAB-WOUNDS\\artisan(16): Illuminate\\Foundation\\Application->handleCommand(Object(Symfony\\Component\\Console\\Input\\ArgvInput))
#60 {main}

[previous exception] [object] (PDOException(code: 42S22): SQLSTATE[42S22]: Column not found: 1054 Unknown column 'updated_at' in 'field list' at C:\\laragon\\www\\500-STAB-WOUNDS\\vendor\\laravel\\framework\\src\\Illuminate\\Database\\MySqlConnection.php:47)
[stacktrace]
#0 C:\\laragon\\www\\500-STAB-WOUNDS\\vendor\\laravel\\framework\\src\\Illuminate\\Database\\MySqlConnection.php(47): PDO->prepare('insert into `sa...')
#1 C:\\laragon\\www\\500-STAB-WOUNDS\\vendor\\laravel\\framework\\src\\Illuminate\\Database\\Connection.php(809): Illuminate\\Database\\MySqlConnection->{closure:Illuminate\\Database\\MySqlConnection::insert():42}('insert into `sa...', Array)
#2 C:\\laragon\\www\\500-STAB-WOUNDS\\vendor\\laravel\\framework\\src\\Illuminate\\Database\\Connection.php(776): Illuminate\\Database\\Connection->runQueryCallback('insert into `sa...', Array, Object(Closure))
#3 C:\\laragon\\www\\500-STAB-WOUNDS\\vendor\\laravel\\framework\\src\\Illuminate\\Database\\MySqlConnection.php(42): Illuminate\\Database\\Connection->run('insert into `sa...', Array, Object(Closure))
#4 C:\\laragon\\www\\500-STAB-WOUNDS\\vendor\\laravel\\framework\\src\\Illuminate\\Database\\Query\\Processors\\MySqlProcessor.php(35): Illuminate\\Database\\MySqlConnection->insert('insert into `sa...', Array, 'id')
#5 C:\\laragon\\www\\500-STAB-WOUNDS\\vendor\\laravel\\framework\\src\\Illuminate\\Database\\Query\\Builder.php(3779): Illuminate\\Database\\Query\\Processors\\MySqlProcessor->processInsertGetId(Object(Illuminate\\Database\\Query\\Builder), 'insert into `sa...', Array, 'id')
#6 C:\\laragon\\www\\500-STAB-WOUNDS\\vendor\\laravel\\framework\\src\\Illuminate\\Database\\Eloquent\\Builder.php(2204): Illuminate\\Database\\Query\\Builder->insertGetId(Array, 'id')
#7 C:\\laragon\\www\\500-STAB-WOUNDS\\vendor\\laravel\\framework\\src\\Illuminate\\Database\\Eloquent\\Model.php(1408): Illuminate\\Database\\Eloquent\\Builder->__call('insertGetId', Array)
#8 C:\\laragon\\www\\500-STAB-WOUNDS\\vendor\\laravel\\framework\\src\\Illuminate\\Database\\Eloquent\\Model.php(1373): Illuminate\\Database\\Eloquent\\Model->insertAndSetId(Object(Illuminate\\Database\\Eloquent\\Builder), Array)
#9 C:\\laragon\\www\\500-STAB-WOUNDS\\vendor\\laravel\\framework\\src\\Illuminate\\Database\\Eloquent\\Model.php(1212): Illuminate\\Database\\Eloquent\\Model->performInsert(Object(Illuminate\\Database\\Eloquent\\Builder))
#10 C:\\laragon\\www\\500-STAB-WOUNDS\\vendor\\laravel\\framework\\src\\Illuminate\\Database\\Eloquent\\Builder.php(1188): Illuminate\\Database\\Eloquent\\Model->save()
#11 C:\\laragon\\www\\500-STAB-WOUNDS\\vendor\\laravel\\framework\\src\\Illuminate\\Support\\helpers.php(399): Illuminate\\Database\\Eloquent\\Builder->{closure:Illuminate\\Database\\Eloquent\\Builder::create():1187}(Object(App\\Models\\SaleItem))
#12 C:\\laragon\\www\\500-STAB-WOUNDS\\vendor\\laravel\\framework\\src\\Illuminate\\Database\\Eloquent\\Builder.php(1187): tap(Object(App\\Models\\SaleItem), Object(Closure))
#13 C:\\laragon\\www\\500-STAB-WOUNDS\\vendor\\laravel\\framework\\src\\Illuminate\\Support\\Traits\\ForwardsCalls.php(23): Illuminate\\Database\\Eloquent\\Builder->create(Array)
#14 C:\\laragon\\www\\500-STAB-WOUNDS\\vendor\\laravel\\framework\\src\\Illuminate\\Database\\Eloquent\\Model.php(2449): Illuminate\\Database\\Eloquent\\Model->forwardCallTo(Object(Illuminate\\Database\\Eloquent\\Builder), 'create', Array)
#15 C:\\laragon\\www\\500-STAB-WOUNDS\\vendor\\laravel\\framework\\src\\Illuminate\\Database\\Eloquent\\Model.php(2465): Illuminate\\Database\\Eloquent\\Model->__call('create', Array)
#16 C:\\laragon\\www\\500-STAB-WOUNDS\\database\\seeders\\SalesSeeder.php(51): Illuminate\\Database\\Eloquent\\Model::__callStatic('create', Array)
#17 C:\\laragon\\www\\500-STAB-WOUNDS\\vendor\\laravel\\framework\\src\\Illuminate\\Container\\BoundMethod.php(36): Database\\Seeders\\SalesSeeder->run()
#18 C:\\laragon\\www\\500-STAB-WOUNDS\\vendor\\laravel\\framework\\src\\Illuminate\\Container\\Util.php(43): Illuminate\\Container\\BoundMethod::{closure:Illuminate\\Container\\BoundMethod::call():35}()
#19 C:\\laragon\\www\\500-STAB-WOUNDS\\vendor\\laravel\\framework\\src\\Illuminate\\Container\\BoundMethod.php(96): Illuminate\\Container\\Util::unwrapIfClosure(Object(Closure))
#20 C:\\laragon\\www\\500-STAB-WOUNDS\\vendor\\laravel\\framework\\src\\Illuminate\\Container\\BoundMethod.php(35): Illuminate\\Container\\BoundMethod::callBoundMethod(Object(Illuminate\\Foundation\\Application), Array, Object(Closure))
#21 C:\\laragon\\www\\500-STAB-WOUNDS\\vendor\\laravel\\framework\\src\\Illuminate\\Container\\Container.php(754): Illuminate\\Container\\BoundMethod::call(Object(Illuminate\\Foundation\\Application), Array, Array, NULL)
#22 C:\\laragon\\www\\500-STAB-WOUNDS\\vendor\\laravel\\framework\\src\\Illuminate\\Database\\Seeder.php(188): Illuminate\\Container\\Container->call(Array, Array)
#23 C:\\laragon\\www\\500-STAB-WOUNDS\\vendor\\laravel\\framework\\src\\Illuminate\\Database\\Seeder.php(197): Illuminate\\Database\\Seeder->{closure:Illuminate\\Database\\Seeder::__invoke():187}()
#24 C:\\laragon\\www\\500-STAB-WOUNDS\\vendor\\laravel\\framework\\src\\Illuminate\\Database\\Seeder.php(61): Illuminate\\Database\\Seeder->__invoke(Array)
#25 C:\\laragon\\www\\500-STAB-WOUNDS\\database\\seeders\\DatabaseSeeder.php(18): Illuminate\\Database\\Seeder->call('Database\\\\Seeder...')
#26 C:\\laragon\\www\\500-STAB-WOUNDS\\vendor\\laravel\\framework\\src\\Illuminate\\Container\\BoundMethod.php(36): Database\\Seeders\\DatabaseSeeder->run()
#27 C:\\laragon\\www\\500-STAB-WOUNDS\\vendor\\laravel\\framework\\src\\Illuminate\\Container\\Util.php(43): Illuminate\\Container\\BoundMethod::{closure:Illuminate\\Container\\BoundMethod::call():35}()
#28 C:\\laragon\\www\\500-STAB-WOUNDS\\vendor\\laravel\\framework\\src\\Illuminate\\Container\\BoundMethod.php(96): Illuminate\\Container\\Util::unwrapIfClosure(Object(Closure))
#29 C:\\laragon\\www\\500-STAB-WOUNDS\\vendor\\laravel\\framework\\src\\Illuminate\\Container\\BoundMethod.php(35): Illuminate\\Container\\BoundMethod::callBoundMethod(Object(Illuminate\\Foundation\\Application), Array, Object(Closure))
#30 C:\\laragon\\www\\500-STAB-WOUNDS\\vendor\\laravel\\framework\\src\\Illuminate\\Container\\Container.php(754): Illuminate\\Container\\BoundMethod::call(Object(Illuminate\\Foundation\\Application), Array, Array, NULL)
#31 C:\\laragon\\www\\500-STAB-WOUNDS\\vendor\\laravel\\framework\\src\\Illuminate\\Database\\Seeder.php(188): Illuminate\\Container\\Container->call(Array, Array)
#32 C:\\laragon\\www\\500-STAB-WOUNDS\\vendor\\laravel\\framework\\src\\Illuminate\\Database\\Seeder.php(197): Illuminate\\Database\\Seeder->{closure:Illuminate\\Database\\Seeder::__invoke():187}()
#33 C:\\laragon\\www\\500-STAB-WOUNDS\\vendor\\laravel\\framework\\src\\Illuminate\\Database\\Console\\Seeds\\SeedCommand.php(71): Illuminate\\Database\\Seeder->__invoke()
#34 C:\\laragon\\www\\500-STAB-WOUNDS\\vendor\\laravel\\framework\\src\\Illuminate\\Database\\Eloquent\\Concerns\\GuardsAttributes.php(155): Illuminate\\Database\\Console\\Seeds\\SeedCommand->{closure:Illuminate\\Database\\Console\\Seeds\\SeedCommand::handle():70}()
#35 C:\\laragon\\www\\500-STAB-WOUNDS\\vendor\\laravel\\framework\\src\\Illuminate\\Database\\Console\\Seeds\\SeedCommand.php(70): Illuminate\\Database\\Eloquent\\Model::unguarded(Object(Closure))
#36 C:\\laragon\\www\\500-STAB-WOUNDS\\vendor\\laravel\\framework\\src\\Illuminate\\Container\\BoundMethod.php(36): Illuminate\\Database\\Console\\Seeds\\SeedCommand->handle()
#37 C:\\laragon\\www\\500-STAB-WOUNDS\\vendor\\laravel\\framework\\src\\Illuminate\\Container\\Util.php(43): Illuminate\\Container\\BoundMethod::{closure:Illuminate\\Container\\BoundMethod::call():35}()
#38 C:\\laragon\\www\\500-STAB-WOUNDS\\vendor\\laravel\\framework\\src\\Illuminate\\Container\\BoundMethod.php(96): Illuminate\\Container\\Util::unwrapIfClosure(Object(Closure))
#39 C:\\laragon\\www\\500-STAB-WOUNDS\\vendor\\laravel\\framework\\src\\Illuminate\\Container\\BoundMethod.php(35): Illuminate\\Container\\BoundMethod::callBoundMethod(Object(Illuminate\\Foundation\\Application), Array, Object(Closure))
#40 C:\\laragon\\www\\500-STAB-WOUNDS\\vendor\\laravel\\framework\\src\\Illuminate\\Container\\Container.php(754): Illuminate\\Container\\BoundMethod::call(Object(Illuminate\\Foundation\\Application), Array, Array, NULL)
#41 C:\\laragon\\www\\500-STAB-WOUNDS\\vendor\\laravel\\framework\\src\\Illuminate\\Console\\Command.php(211): Illuminate\\Container\\Container->call(Array)
#42 C:\\laragon\\www\\500-STAB-WOUNDS\\vendor\\symfony\\console\\Command\\Command.php(279): Illuminate\\Console\\Command->execute(Object(Symfony\\Component\\Console\\Input\\ArrayInput), Object(Illuminate\\Console\\OutputStyle))
#43 C:\\laragon\\www\\500-STAB-WOUNDS\\vendor\\laravel\\framework\\src\\Illuminate\\Console\\Command.php(180): Symfony\\Component\\Console\\Command\\Command->run(Object(Symfony\\Component\\Console\\Input\\ArrayInput), Object(Illuminate\\Console\\OutputStyle))
#44 C:\\laragon\\www\\500-STAB-WOUNDS\\vendor\\laravel\\framework\\src\\Illuminate\\Console\\Concerns\\CallsCommands.php(68): Illuminate\\Console\\Command->run(Object(Symfony\\Component\\Console\\Input\\ArrayInput), Object(Illuminate\\Console\\OutputStyle))
#45 C:\\laragon\\www\\500-STAB-WOUNDS\\vendor\\laravel\\framework\\src\\Illuminate\\Console\\Concerns\\CallsCommands.php(29): Illuminate\\Console\\Command->runCommand('db:seed', Array, Object(Illuminate\\Console\\OutputStyle))
#46 C:\\laragon\\www\\500-STAB-WOUNDS\\vendor\\laravel\\framework\\src\\Illuminate\\Database\\Console\\Migrations\\FreshCommand.php(121): Illuminate\\Console\\Command->call('db:seed', Array)
#47 C:\\laragon\\www\\500-STAB-WOUNDS\\vendor\\laravel\\framework\\src\\Illuminate\\Database\\Console\\Migrations\\FreshCommand.php(97): Illuminate\\Database\\Console\\Migrations\\FreshCommand->runSeeder(NULL)
#48 C:\\laragon\\www\\500-STAB-WOUNDS\\vendor\\laravel\\framework\\src\\Illuminate\\Container\\BoundMethod.php(36): Illuminate\\Database\\Console\\Migrations\\FreshCommand->handle()
#49 C:\\laragon\\www\\500-STAB-WOUNDS\\vendor\\laravel\\framework\\src\\Illuminate\\Container\\Util.php(43): Illuminate\\Container\\BoundMethod::{closure:Illuminate\\Container\\BoundMethod::call():35}()
#50 C:\\laragon\\www\\500-STAB-WOUNDS\\vendor\\laravel\\framework\\src\\Illuminate\\Container\\BoundMethod.php(96): Illuminate\\Container\\Util::unwrapIfClosure(Object(Closure))
#51 C:\\laragon\\www\\500-STAB-WOUNDS\\vendor\\laravel\\framework\\src\\Illuminate\\Container\\BoundMethod.php(35): Illuminate\\Container\\BoundMethod::callBoundMethod(Object(Illuminate\\Foundation\\Application), Array, Object(Closure))
#52 C:\\laragon\\www\\500-STAB-WOUNDS\\vendor\\laravel\\framework\\src\\Illuminate\\Container\\Container.php(754): Illuminate\\Container\\BoundMethod::call(Object(Illuminate\\Foundation\\Application), Array, Array, NULL)
#53 C:\\laragon\\www\\500-STAB-WOUNDS\\vendor\\laravel\\framework\\src\\Illuminate\\Console\\Command.php(211): Illuminate\\Container\\Container->call(Array)
#54 C:\\laragon\\www\\500-STAB-WOUNDS\\vendor\\symfony\\console\\Command\\Command.php(279): Illuminate\\Console\\Command->execute(Object(Symfony\\Component\\Console\\Input\\ArgvInput), Object(Illuminate\\Console\\OutputStyle))
#55 C:\\laragon\\www\\500-STAB-WOUNDS\\vendor\\laravel\\framework\\src\\Illuminate\\Console\\Command.php(180): Symfony\\Component\\Console\\Command\\Command->run(Object(Symfony\\Component\\Console\\Input\\ArgvInput), Object(Illuminate\\Console\\OutputStyle))
#56 C:\\laragon\\www\\500-STAB-WOUNDS\\vendor\\symfony\\console\\Application.php(1094): Illuminate\\Console\\Command->run(Object(Symfony\\Component\\Console\\Input\\ArgvInput), Object(Symfony\\Component\\Console\\Output\\ConsoleOutput))
#57 C:\\laragon\\www\\500-STAB-WOUNDS\\vendor\\symfony\\console\\Application.php(342): Symfony\\Component\\Console\\Application->doRunCommand(Object(Illuminate\\Database\\Console\\Migrations\\FreshCommand), Object(Symfony\\Component\\Console\\Input\\ArgvInput), Object(Symfony\\Component\\Console\\Output\\ConsoleOutput))
#58 C:\\laragon\\www\\500-STAB-WOUNDS\\vendor\\symfony\\console\\Application.php(193): Symfony\\Component\\Console\\Application->doRun(Object(Symfony\\Component\\Console\\Input\\ArgvInput), Object(Symfony\\Component\\Console\\Output\\ConsoleOutput))
#59 C:\\laragon\\www\\500-STAB-WOUNDS\\vendor\\laravel\\framework\\src\\Illuminate\\Foundation\\Console\\Kernel.php(197): Symfony\\Component\\Console\\Application->run(Object(Symfony\\Component\\Console\\Input\\ArgvInput), Object(Symfony\\Component\\Console\\Output\\ConsoleOutput))
#60 C:\\laragon\\www\\500-STAB-WOUNDS\\vendor\\laravel\\framework\\src\\Illuminate\\Foundation\\Application.php(1234): Illuminate\\Foundation\\Console\\Kernel->handle(Object(Symfony\\Component\\Console\\Input\\ArgvInput), Object(Symfony\\Component\\Console\\Output\\ConsoleOutput))
#61 C:\\laragon\\www\\500-STAB-WOUNDS\\artisan(16): Illuminate\\Foundation\\Application->handleCommand(Object(Symfony\\Component\\Console\\Input\\ArgvInput))
#62 {main}
"} 
[2025-05-01 13:08:20] local.ERROR: Undefined variable $totalSales {"exception":"[object] (ErrorException(code: 0): Undefined variable $totalSales at C:\\laragon\\www\\500-STAB-WOUNDS\\database\\seeders\\SalesSeeder.php:54)
[stacktrace]
#0 C:\\laragon\\www\\500-STAB-WOUNDS\\vendor\\laravel\\framework\\src\\Illuminate\\Foundation\\Bootstrap\\HandleExceptions.php(256): Illuminate\\Foundation\\Bootstrap\\HandleExceptions->handleError(2, 'Undefined varia...', 'C:\\\\laragon\\\\www\\\\...', 54)
#1 C:\\laragon\\www\\500-STAB-WOUNDS\\database\\seeders\\SalesSeeder.php(54): Illuminate\\Foundation\\Bootstrap\\HandleExceptions->{closure:Illuminate\\Foundation\\Bootstrap\\HandleExceptions::forwardsTo():255}(2, 'Undefined varia...', 'C:\\\\laragon\\\\www\\\\...', 54)
#2 C:\\laragon\\www\\500-STAB-WOUNDS\\vendor\\laravel\\framework\\src\\Illuminate\\Container\\BoundMethod.php(36): Database\\Seeders\\SalesSeeder->run()
#3 C:\\laragon\\www\\500-STAB-WOUNDS\\vendor\\laravel\\framework\\src\\Illuminate\\Container\\Util.php(43): Illuminate\\Container\\BoundMethod::{closure:Illuminate\\Container\\BoundMethod::call():35}()
#4 C:\\laragon\\www\\500-STAB-WOUNDS\\vendor\\laravel\\framework\\src\\Illuminate\\Container\\BoundMethod.php(96): Illuminate\\Container\\Util::unwrapIfClosure(Object(Closure))
#5 C:\\laragon\\www\\500-STAB-WOUNDS\\vendor\\laravel\\framework\\src\\Illuminate\\Container\\BoundMethod.php(35): Illuminate\\Container\\BoundMethod::callBoundMethod(Object(Illuminate\\Foundation\\Application), Array, Object(Closure))
#6 C:\\laragon\\www\\500-STAB-WOUNDS\\vendor\\laravel\\framework\\src\\Illuminate\\Container\\Container.php(754): Illuminate\\Container\\BoundMethod::call(Object(Illuminate\\Foundation\\Application), Array, Array, NULL)
#7 C:\\laragon\\www\\500-STAB-WOUNDS\\vendor\\laravel\\framework\\src\\Illuminate\\Database\\Seeder.php(188): Illuminate\\Container\\Container->call(Array, Array)
#8 C:\\laragon\\www\\500-STAB-WOUNDS\\vendor\\laravel\\framework\\src\\Illuminate\\Database\\Seeder.php(197): Illuminate\\Database\\Seeder->{closure:Illuminate\\Database\\Seeder::__invoke():187}()
#9 C:\\laragon\\www\\500-STAB-WOUNDS\\vendor\\laravel\\framework\\src\\Illuminate\\Database\\Seeder.php(61): Illuminate\\Database\\Seeder->__invoke(Array)
#10 C:\\laragon\\www\\500-STAB-WOUNDS\\database\\seeders\\DatabaseSeeder.php(18): Illuminate\\Database\\Seeder->call('Database\\\\Seeder...')
#11 C:\\laragon\\www\\500-STAB-WOUNDS\\vendor\\laravel\\framework\\src\\Illuminate\\Container\\BoundMethod.php(36): Database\\Seeders\\DatabaseSeeder->run()
#12 C:\\laragon\\www\\500-STAB-WOUNDS\\vendor\\laravel\\framework\\src\\Illuminate\\Container\\Util.php(43): Illuminate\\Container\\BoundMethod::{closure:Illuminate\\Container\\BoundMethod::call():35}()
#13 C:\\laragon\\www\\500-STAB-WOUNDS\\vendor\\laravel\\framework\\src\\Illuminate\\Container\\BoundMethod.php(96): Illuminate\\Container\\Util::unwrapIfClosure(Object(Closure))
#14 C:\\laragon\\www\\500-STAB-WOUNDS\\vendor\\laravel\\framework\\src\\Illuminate\\Container\\BoundMethod.php(35): Illuminate\\Container\\BoundMethod::callBoundMethod(Object(Illuminate\\Foundation\\Application), Array, Object(Closure))
#15 C:\\laragon\\www\\500-STAB-WOUNDS\\vendor\\laravel\\framework\\src\\Illuminate\\Container\\Container.php(754): Illuminate\\Container\\BoundMethod::call(Object(Illuminate\\Foundation\\Application), Array, Array, NULL)
#16 C:\\laragon\\www\\500-STAB-WOUNDS\\vendor\\laravel\\framework\\src\\Illuminate\\Database\\Seeder.php(188): Illuminate\\Container\\Container->call(Array, Array)
#17 C:\\laragon\\www\\500-STAB-WOUNDS\\vendor\\laravel\\framework\\src\\Illuminate\\Database\\Seeder.php(197): Illuminate\\Database\\Seeder->{closure:Illuminate\\Database\\Seeder::__invoke():187}()
#18 C:\\laragon\\www\\500-STAB-WOUNDS\\vendor\\laravel\\framework\\src\\Illuminate\\Database\\Console\\Seeds\\SeedCommand.php(71): Illuminate\\Database\\Seeder->__invoke()
#19 C:\\laragon\\www\\500-STAB-WOUNDS\\vendor\\laravel\\framework\\src\\Illuminate\\Database\\Eloquent\\Concerns\\GuardsAttributes.php(155): Illuminate\\Database\\Console\\Seeds\\SeedCommand->{closure:Illuminate\\Database\\Console\\Seeds\\SeedCommand::handle():70}()
#20 C:\\laragon\\www\\500-STAB-WOUNDS\\vendor\\laravel\\framework\\src\\Illuminate\\Database\\Console\\Seeds\\SeedCommand.php(70): Illuminate\\Database\\Eloquent\\Model::unguarded(Object(Closure))
#21 C:\\laragon\\www\\500-STAB-WOUNDS\\vendor\\laravel\\framework\\src\\Illuminate\\Container\\BoundMethod.php(36): Illuminate\\Database\\Console\\Seeds\\SeedCommand->handle()
#22 C:\\laragon\\www\\500-STAB-WOUNDS\\vendor\\laravel\\framework\\src\\Illuminate\\Container\\Util.php(43): Illuminate\\Container\\BoundMethod::{closure:Illuminate\\Container\\BoundMethod::call():35}()
#23 C:\\laragon\\www\\500-STAB-WOUNDS\\vendor\\laravel\\framework\\src\\Illuminate\\Container\\BoundMethod.php(96): Illuminate\\Container\\Util::unwrapIfClosure(Object(Closure))
#24 C:\\laragon\\www\\500-STAB-WOUNDS\\vendor\\laravel\\framework\\src\\Illuminate\\Container\\BoundMethod.php(35): Illuminate\\Container\\BoundMethod::callBoundMethod(Object(Illuminate\\Foundation\\Application), Array, Object(Closure))
#25 C:\\laragon\\www\\500-STAB-WOUNDS\\vendor\\laravel\\framework\\src\\Illuminate\\Container\\Container.php(754): Illuminate\\Container\\BoundMethod::call(Object(Illuminate\\Foundation\\Application), Array, Array, NULL)
#26 C:\\laragon\\www\\500-STAB-WOUNDS\\vendor\\laravel\\framework\\src\\Illuminate\\Console\\Command.php(211): Illuminate\\Container\\Container->call(Array)
#27 C:\\laragon\\www\\500-STAB-WOUNDS\\vendor\\symfony\\console\\Command\\Command.php(279): Illuminate\\Console\\Command->execute(Object(Symfony\\Component\\Console\\Input\\ArrayInput), Object(Illuminate\\Console\\OutputStyle))
#28 C:\\laragon\\www\\500-STAB-WOUNDS\\vendor\\laravel\\framework\\src\\Illuminate\\Console\\Command.php(180): Symfony\\Component\\Console\\Command\\Command->run(Object(Symfony\\Component\\Console\\Input\\ArrayInput), Object(Illuminate\\Console\\OutputStyle))
#29 C:\\laragon\\www\\500-STAB-WOUNDS\\vendor\\laravel\\framework\\src\\Illuminate\\Console\\Concerns\\CallsCommands.php(68): Illuminate\\Console\\Command->run(Object(Symfony\\Component\\Console\\Input\\ArrayInput), Object(Illuminate\\Console\\OutputStyle))
#30 C:\\laragon\\www\\500-STAB-WOUNDS\\vendor\\laravel\\framework\\src\\Illuminate\\Console\\Concerns\\CallsCommands.php(29): Illuminate\\Console\\Command->runCommand('db:seed', Array, Object(Illuminate\\Console\\OutputStyle))
#31 C:\\laragon\\www\\500-STAB-WOUNDS\\vendor\\laravel\\framework\\src\\Illuminate\\Database\\Console\\Migrations\\FreshCommand.php(121): Illuminate\\Console\\Command->call('db:seed', Array)
#32 C:\\laragon\\www\\500-STAB-WOUNDS\\vendor\\laravel\\framework\\src\\Illuminate\\Database\\Console\\Migrations\\FreshCommand.php(97): Illuminate\\Database\\Console\\Migrations\\FreshCommand->runSeeder(NULL)
#33 C:\\laragon\\www\\500-STAB-WOUNDS\\vendor\\laravel\\framework\\src\\Illuminate\\Container\\BoundMethod.php(36): Illuminate\\Database\\Console\\Migrations\\FreshCommand->handle()
#34 C:\\laragon\\www\\500-STAB-WOUNDS\\vendor\\laravel\\framework\\src\\Illuminate\\Container\\Util.php(43): Illuminate\\Container\\BoundMethod::{closure:Illuminate\\Container\\BoundMethod::call():35}()
#35 C:\\laragon\\www\\500-STAB-WOUNDS\\vendor\\laravel\\framework\\src\\Illuminate\\Container\\BoundMethod.php(96): Illuminate\\Container\\Util::unwrapIfClosure(Object(Closure))
#36 C:\\laragon\\www\\500-STAB-WOUNDS\\vendor\\laravel\\framework\\src\\Illuminate\\Container\\BoundMethod.php(35): Illuminate\\Container\\BoundMethod::callBoundMethod(Object(Illuminate\\Foundation\\Application), Array, Object(Closure))
#37 C:\\laragon\\www\\500-STAB-WOUNDS\\vendor\\laravel\\framework\\src\\Illuminate\\Container\\Container.php(754): Illuminate\\Container\\BoundMethod::call(Object(Illuminate\\Foundation\\Application), Array, Array, NULL)
#38 C:\\laragon\\www\\500-STAB-WOUNDS\\vendor\\laravel\\framework\\src\\Illuminate\\Console\\Command.php(211): Illuminate\\Container\\Container->call(Array)
#39 C:\\laragon\\www\\500-STAB-WOUNDS\\vendor\\symfony\\console\\Command\\Command.php(279): Illuminate\\Console\\Command->execute(Object(Symfony\\Component\\Console\\Input\\ArgvInput), Object(Illuminate\\Console\\OutputStyle))
#40 C:\\laragon\\www\\500-STAB-WOUNDS\\vendor\\laravel\\framework\\src\\Illuminate\\Console\\Command.php(180): Symfony\\Component\\Console\\Command\\Command->run(Object(Symfony\\Component\\Console\\Input\\ArgvInput), Object(Illuminate\\Console\\OutputStyle))
#41 C:\\laragon\\www\\500-STAB-WOUNDS\\vendor\\symfony\\console\\Application.php(1094): Illuminate\\Console\\Command->run(Object(Symfony\\Component\\Console\\Input\\ArgvInput), Object(Symfony\\Component\\Console\\Output\\ConsoleOutput))
#42 C:\\laragon\\www\\500-STAB-WOUNDS\\vendor\\symfony\\console\\Application.php(342): Symfony\\Component\\Console\\Application->doRunCommand(Object(Illuminate\\Database\\Console\\Migrations\\FreshCommand), Object(Symfony\\Component\\Console\\Input\\ArgvInput), Object(Symfony\\Component\\Console\\Output\\ConsoleOutput))
#43 C:\\laragon\\www\\500-STAB-WOUNDS\\vendor\\symfony\\console\\Application.php(193): Symfony\\Component\\Console\\Application->doRun(Object(Symfony\\Component\\Console\\Input\\ArgvInput), Object(Symfony\\Component\\Console\\Output\\ConsoleOutput))
#44 C:\\laragon\\www\\500-STAB-WOUNDS\\vendor\\laravel\\framework\\src\\Illuminate\\Foundation\\Console\\Kernel.php(197): Symfony\\Component\\Console\\Application->run(Object(Symfony\\Component\\Console\\Input\\ArgvInput), Object(Symfony\\Component\\Console\\Output\\ConsoleOutput))
#45 C:\\laragon\\www\\500-STAB-WOUNDS\\vendor\\laravel\\framework\\src\\Illuminate\\Foundation\\Application.php(1234): Illuminate\\Foundation\\Console\\Kernel->handle(Object(Symfony\\Component\\Console\\Input\\ArgvInput), Object(Symfony\\Component\\Console\\Output\\ConsoleOutput))
#46 C:\\laragon\\www\\500-STAB-WOUNDS\\artisan(16): Illuminate\\Foundation\\Application->handleCommand(Object(Symfony\\Component\\Console\\Input\\ArgvInput))
#47 {main}
"} 
[2025-05-01 13:11:31] local.ERROR: SQLSTATE[42S22]: Column not found: 1054 Unknown column 'updated_at' in 'field list' (Connection: mysql, SQL: insert into `sale_items` (`sale_id`, `product_id`, `units_sold`, `unit_price`, `total_sales`, `month_name`, `updated_at`, `created_at`) values (1, 1, ?, ?, 22211, October, 2025-05-01 13:11:31, 2025-05-01 13:11:31)) {"exception":"[object] (Illuminate\\Database\\QueryException(code: 42S22): SQLSTATE[42S22]: Column not found: 1054 Unknown column 'updated_at' in 'field list' (Connection: mysql, SQL: insert into `sale_items` (`sale_id`, `product_id`, `units_sold`, `unit_price`, `total_sales`, `month_name`, `updated_at`, `created_at`) values (1, 1, ?, ?, 22211, October, 2025-05-01 13:11:31, 2025-05-01 13:11:31)) at C:\\laragon\\www\\500-STAB-WOUNDS\\vendor\\laravel\\framework\\src\\Illuminate\\Database\\Connection.php:822)
[stacktrace]
#0 C:\\laragon\\www\\500-STAB-WOUNDS\\vendor\\laravel\\framework\\src\\Illuminate\\Database\\Connection.php(776): Illuminate\\Database\\Connection->runQueryCallback('insert into `sa...', Array, Object(Closure))
#1 C:\\laragon\\www\\500-STAB-WOUNDS\\vendor\\laravel\\framework\\src\\Illuminate\\Database\\MySqlConnection.php(42): Illuminate\\Database\\Connection->run('insert into `sa...', Array, Object(Closure))
#2 C:\\laragon\\www\\500-STAB-WOUNDS\\vendor\\laravel\\framework\\src\\Illuminate\\Database\\Query\\Processors\\MySqlProcessor.php(35): Illuminate\\Database\\MySqlConnection->insert('insert into `sa...', Array, 'id')
#3 C:\\laragon\\www\\500-STAB-WOUNDS\\vendor\\laravel\\framework\\src\\Illuminate\\Database\\Query\\Builder.php(3779): Illuminate\\Database\\Query\\Processors\\MySqlProcessor->processInsertGetId(Object(Illuminate\\Database\\Query\\Builder), 'insert into `sa...', Array, 'id')
#4 C:\\laragon\\www\\500-STAB-WOUNDS\\vendor\\laravel\\framework\\src\\Illuminate\\Database\\Eloquent\\Builder.php(2204): Illuminate\\Database\\Query\\Builder->insertGetId(Array, 'id')
#5 C:\\laragon\\www\\500-STAB-WOUNDS\\vendor\\laravel\\framework\\src\\Illuminate\\Database\\Eloquent\\Model.php(1408): Illuminate\\Database\\Eloquent\\Builder->__call('insertGetId', Array)
#6 C:\\laragon\\www\\500-STAB-WOUNDS\\vendor\\laravel\\framework\\src\\Illuminate\\Database\\Eloquent\\Model.php(1373): Illuminate\\Database\\Eloquent\\Model->insertAndSetId(Object(Illuminate\\Database\\Eloquent\\Builder), Array)
#7 C:\\laragon\\www\\500-STAB-WOUNDS\\vendor\\laravel\\framework\\src\\Illuminate\\Database\\Eloquent\\Model.php(1212): Illuminate\\Database\\Eloquent\\Model->performInsert(Object(Illuminate\\Database\\Eloquent\\Builder))
#8 C:\\laragon\\www\\500-STAB-WOUNDS\\vendor\\laravel\\framework\\src\\Illuminate\\Database\\Eloquent\\Builder.php(1188): Illuminate\\Database\\Eloquent\\Model->save()
#9 C:\\laragon\\www\\500-STAB-WOUNDS\\vendor\\laravel\\framework\\src\\Illuminate\\Support\\helpers.php(399): Illuminate\\Database\\Eloquent\\Builder->{closure:Illuminate\\Database\\Eloquent\\Builder::create():1187}(Object(App\\Models\\SaleItem))
#10 C:\\laragon\\www\\500-STAB-WOUNDS\\vendor\\laravel\\framework\\src\\Illuminate\\Database\\Eloquent\\Builder.php(1187): tap(Object(App\\Models\\SaleItem), Object(Closure))
#11 C:\\laragon\\www\\500-STAB-WOUNDS\\vendor\\laravel\\framework\\src\\Illuminate\\Support\\Traits\\ForwardsCalls.php(23): Illuminate\\Database\\Eloquent\\Builder->create(Array)
#12 C:\\laragon\\www\\500-STAB-WOUNDS\\vendor\\laravel\\framework\\src\\Illuminate\\Database\\Eloquent\\Model.php(2449): Illuminate\\Database\\Eloquent\\Model->forwardCallTo(Object(Illuminate\\Database\\Eloquent\\Builder), 'create', Array)
#13 C:\\laragon\\www\\500-STAB-WOUNDS\\vendor\\laravel\\framework\\src\\Illuminate\\Database\\Eloquent\\Model.php(2465): Illuminate\\Database\\Eloquent\\Model->__call('create', Array)
#14 C:\\laragon\\www\\500-STAB-WOUNDS\\database\\seeders\\SalesSeeder.php(52): Illuminate\\Database\\Eloquent\\Model::__callStatic('create', Array)
#15 C:\\laragon\\www\\500-STAB-WOUNDS\\vendor\\laravel\\framework\\src\\Illuminate\\Container\\BoundMethod.php(36): Database\\Seeders\\SalesSeeder->run()
#16 C:\\laragon\\www\\500-STAB-WOUNDS\\vendor\\laravel\\framework\\src\\Illuminate\\Container\\Util.php(43): Illuminate\\Container\\BoundMethod::{closure:Illuminate\\Container\\BoundMethod::call():35}()
#17 C:\\laragon\\www\\500-STAB-WOUNDS\\vendor\\laravel\\framework\\src\\Illuminate\\Container\\BoundMethod.php(96): Illuminate\\Container\\Util::unwrapIfClosure(Object(Closure))
#18 C:\\laragon\\www\\500-STAB-WOUNDS\\vendor\\laravel\\framework\\src\\Illuminate\\Container\\BoundMethod.php(35): Illuminate\\Container\\BoundMethod::callBoundMethod(Object(Illuminate\\Foundation\\Application), Array, Object(Closure))
#19 C:\\laragon\\www\\500-STAB-WOUNDS\\vendor\\laravel\\framework\\src\\Illuminate\\Container\\Container.php(754): Illuminate\\Container\\BoundMethod::call(Object(Illuminate\\Foundation\\Application), Array, Array, NULL)
#20 C:\\laragon\\www\\500-STAB-WOUNDS\\vendor\\laravel\\framework\\src\\Illuminate\\Database\\Seeder.php(188): Illuminate\\Container\\Container->call(Array, Array)
#21 C:\\laragon\\www\\500-STAB-WOUNDS\\vendor\\laravel\\framework\\src\\Illuminate\\Database\\Seeder.php(197): Illuminate\\Database\\Seeder->{closure:Illuminate\\Database\\Seeder::__invoke():187}()
#22 C:\\laragon\\www\\500-STAB-WOUNDS\\vendor\\laravel\\framework\\src\\Illuminate\\Database\\Seeder.php(61): Illuminate\\Database\\Seeder->__invoke(Array)
#23 C:\\laragon\\www\\500-STAB-WOUNDS\\database\\seeders\\DatabaseSeeder.php(18): Illuminate\\Database\\Seeder->call('Database\\\\Seeder...')
#24 C:\\laragon\\www\\500-STAB-WOUNDS\\vendor\\laravel\\framework\\src\\Illuminate\\Container\\BoundMethod.php(36): Database\\Seeders\\DatabaseSeeder->run()
#25 C:\\laragon\\www\\500-STAB-WOUNDS\\vendor\\laravel\\framework\\src\\Illuminate\\Container\\Util.php(43): Illuminate\\Container\\BoundMethod::{closure:Illuminate\\Container\\BoundMethod::call():35}()
#26 C:\\laragon\\www\\500-STAB-WOUNDS\\vendor\\laravel\\framework\\src\\Illuminate\\Container\\BoundMethod.php(96): Illuminate\\Container\\Util::unwrapIfClosure(Object(Closure))
#27 C:\\laragon\\www\\500-STAB-WOUNDS\\vendor\\laravel\\framework\\src\\Illuminate\\Container\\BoundMethod.php(35): Illuminate\\Container\\BoundMethod::callBoundMethod(Object(Illuminate\\Foundation\\Application), Array, Object(Closure))
#28 C:\\laragon\\www\\500-STAB-WOUNDS\\vendor\\laravel\\framework\\src\\Illuminate\\Container\\Container.php(754): Illuminate\\Container\\BoundMethod::call(Object(Illuminate\\Foundation\\Application), Array, Array, NULL)
#29 C:\\laragon\\www\\500-STAB-WOUNDS\\vendor\\laravel\\framework\\src\\Illuminate\\Database\\Seeder.php(188): Illuminate\\Container\\Container->call(Array, Array)
#30 C:\\laragon\\www\\500-STAB-WOUNDS\\vendor\\laravel\\framework\\src\\Illuminate\\Database\\Seeder.php(197): Illuminate\\Database\\Seeder->{closure:Illuminate\\Database\\Seeder::__invoke():187}()
#31 C:\\laragon\\www\\500-STAB-WOUNDS\\vendor\\laravel\\framework\\src\\Illuminate\\Database\\Console\\Seeds\\SeedCommand.php(71): Illuminate\\Database\\Seeder->__invoke()
#32 C:\\laragon\\www\\500-STAB-WOUNDS\\vendor\\laravel\\framework\\src\\Illuminate\\Database\\Eloquent\\Concerns\\GuardsAttributes.php(155): Illuminate\\Database\\Console\\Seeds\\SeedCommand->{closure:Illuminate\\Database\\Console\\Seeds\\SeedCommand::handle():70}()
#33 C:\\laragon\\www\\500-STAB-WOUNDS\\vendor\\laravel\\framework\\src\\Illuminate\\Database\\Console\\Seeds\\SeedCommand.php(70): Illuminate\\Database\\Eloquent\\Model::unguarded(Object(Closure))
#34 C:\\laragon\\www\\500-STAB-WOUNDS\\vendor\\laravel\\framework\\src\\Illuminate\\Container\\BoundMethod.php(36): Illuminate\\Database\\Console\\Seeds\\SeedCommand->handle()
#35 C:\\laragon\\www\\500-STAB-WOUNDS\\vendor\\laravel\\framework\\src\\Illuminate\\Container\\Util.php(43): Illuminate\\Container\\BoundMethod::{closure:Illuminate\\Container\\BoundMethod::call():35}()
#36 C:\\laragon\\www\\500-STAB-WOUNDS\\vendor\\laravel\\framework\\src\\Illuminate\\Container\\BoundMethod.php(96): Illuminate\\Container\\Util::unwrapIfClosure(Object(Closure))
#37 C:\\laragon\\www\\500-STAB-WOUNDS\\vendor\\laravel\\framework\\src\\Illuminate\\Container\\BoundMethod.php(35): Illuminate\\Container\\BoundMethod::callBoundMethod(Object(Illuminate\\Foundation\\Application), Array, Object(Closure))
#38 C:\\laragon\\www\\500-STAB-WOUNDS\\vendor\\laravel\\framework\\src\\Illuminate\\Container\\Container.php(754): Illuminate\\Container\\BoundMethod::call(Object(Illuminate\\Foundation\\Application), Array, Array, NULL)
#39 C:\\laragon\\www\\500-STAB-WOUNDS\\vendor\\laravel\\framework\\src\\Illuminate\\Console\\Command.php(211): Illuminate\\Container\\Container->call(Array)
#40 C:\\laragon\\www\\500-STAB-WOUNDS\\vendor\\symfony\\console\\Command\\Command.php(279): Illuminate\\Console\\Command->execute(Object(Symfony\\Component\\Console\\Input\\ArrayInput), Object(Illuminate\\Console\\OutputStyle))
#41 C:\\laragon\\www\\500-STAB-WOUNDS\\vendor\\laravel\\framework\\src\\Illuminate\\Console\\Command.php(180): Symfony\\Component\\Console\\Command\\Command->run(Object(Symfony\\Component\\Console\\Input\\ArrayInput), Object(Illuminate\\Console\\OutputStyle))
#42 C:\\laragon\\www\\500-STAB-WOUNDS\\vendor\\laravel\\framework\\src\\Illuminate\\Console\\Concerns\\CallsCommands.php(68): Illuminate\\Console\\Command->run(Object(Symfony\\Component\\Console\\Input\\ArrayInput), Object(Illuminate\\Console\\OutputStyle))
#43 C:\\laragon\\www\\500-STAB-WOUNDS\\vendor\\laravel\\framework\\src\\Illuminate\\Console\\Concerns\\CallsCommands.php(29): Illuminate\\Console\\Command->runCommand('db:seed', Array, Object(Illuminate\\Console\\OutputStyle))
#44 C:\\laragon\\www\\500-STAB-WOUNDS\\vendor\\laravel\\framework\\src\\Illuminate\\Database\\Console\\Migrations\\FreshCommand.php(121): Illuminate\\Console\\Command->call('db:seed', Array)
#45 C:\\laragon\\www\\500-STAB-WOUNDS\\vendor\\laravel\\framework\\src\\Illuminate\\Database\\Console\\Migrations\\FreshCommand.php(97): Illuminate\\Database\\Console\\Migrations\\FreshCommand->runSeeder(NULL)
#46 C:\\laragon\\www\\500-STAB-WOUNDS\\vendor\\laravel\\framework\\src\\Illuminate\\Container\\BoundMethod.php(36): Illuminate\\Database\\Console\\Migrations\\FreshCommand->handle()
#47 C:\\laragon\\www\\500-STAB-WOUNDS\\vendor\\laravel\\framework\\src\\Illuminate\\Container\\Util.php(43): Illuminate\\Container\\BoundMethod::{closure:Illuminate\\Container\\BoundMethod::call():35}()
#48 C:\\laragon\\www\\500-STAB-WOUNDS\\vendor\\laravel\\framework\\src\\Illuminate\\Container\\BoundMethod.php(96): Illuminate\\Container\\Util::unwrapIfClosure(Object(Closure))
#49 C:\\laragon\\www\\500-STAB-WOUNDS\\vendor\\laravel\\framework\\src\\Illuminate\\Container\\BoundMethod.php(35): Illuminate\\Container\\BoundMethod::callBoundMethod(Object(Illuminate\\Foundation\\Application), Array, Object(Closure))
#50 C:\\laragon\\www\\500-STAB-WOUNDS\\vendor\\laravel\\framework\\src\\Illuminate\\Container\\Container.php(754): Illuminate\\Container\\BoundMethod::call(Object(Illuminate\\Foundation\\Application), Array, Array, NULL)
#51 C:\\laragon\\www\\500-STAB-WOUNDS\\vendor\\laravel\\framework\\src\\Illuminate\\Console\\Command.php(211): Illuminate\\Container\\Container->call(Array)
#52 C:\\laragon\\www\\500-STAB-WOUNDS\\vendor\\symfony\\console\\Command\\Command.php(279): Illuminate\\Console\\Command->execute(Object(Symfony\\Component\\Console\\Input\\ArgvInput), Object(Illuminate\\Console\\OutputStyle))
#53 C:\\laragon\\www\\500-STAB-WOUNDS\\vendor\\laravel\\framework\\src\\Illuminate\\Console\\Command.php(180): Symfony\\Component\\Console\\Command\\Command->run(Object(Symfony\\Component\\Console\\Input\\ArgvInput), Object(Illuminate\\Console\\OutputStyle))
#54 C:\\laragon\\www\\500-STAB-WOUNDS\\vendor\\symfony\\console\\Application.php(1094): Illuminate\\Console\\Command->run(Object(Symfony\\Component\\Console\\Input\\ArgvInput), Object(Symfony\\Component\\Console\\Output\\ConsoleOutput))
#55 C:\\laragon\\www\\500-STAB-WOUNDS\\vendor\\symfony\\console\\Application.php(342): Symfony\\Component\\Console\\Application->doRunCommand(Object(Illuminate\\Database\\Console\\Migrations\\FreshCommand), Object(Symfony\\Component\\Console\\Input\\ArgvInput), Object(Symfony\\Component\\Console\\Output\\ConsoleOutput))
#56 C:\\laragon\\www\\500-STAB-WOUNDS\\vendor\\symfony\\console\\Application.php(193): Symfony\\Component\\Console\\Application->doRun(Object(Symfony\\Component\\Console\\Input\\ArgvInput), Object(Symfony\\Component\\Console\\Output\\ConsoleOutput))
#57 C:\\laragon\\www\\500-STAB-WOUNDS\\vendor\\laravel\\framework\\src\\Illuminate\\Foundation\\Console\\Kernel.php(197): Symfony\\Component\\Console\\Application->run(Object(Symfony\\Component\\Console\\Input\\ArgvInput), Object(Symfony\\Component\\Console\\Output\\ConsoleOutput))
#58 C:\\laragon\\www\\500-STAB-WOUNDS\\vendor\\laravel\\framework\\src\\Illuminate\\Foundation\\Application.php(1234): Illuminate\\Foundation\\Console\\Kernel->handle(Object(Symfony\\Component\\Console\\Input\\ArgvInput), Object(Symfony\\Component\\Console\\Output\\ConsoleOutput))
#59 C:\\laragon\\www\\500-STAB-WOUNDS\\artisan(16): Illuminate\\Foundation\\Application->handleCommand(Object(Symfony\\Component\\Console\\Input\\ArgvInput))
#60 {main}

[previous exception] [object] (PDOException(code: 42S22): SQLSTATE[42S22]: Column not found: 1054 Unknown column 'updated_at' in 'field list' at C:\\laragon\\www\\500-STAB-WOUNDS\\vendor\\laravel\\framework\\src\\Illuminate\\Database\\MySqlConnection.php:47)
[stacktrace]
#0 C:\\laragon\\www\\500-STAB-WOUNDS\\vendor\\laravel\\framework\\src\\Illuminate\\Database\\MySqlConnection.php(47): PDO->prepare('insert into `sa...')
#1 C:\\laragon\\www\\500-STAB-WOUNDS\\vendor\\laravel\\framework\\src\\Illuminate\\Database\\Connection.php(809): Illuminate\\Database\\MySqlConnection->{closure:Illuminate\\Database\\MySqlConnection::insert():42}('insert into `sa...', Array)
#2 C:\\laragon\\www\\500-STAB-WOUNDS\\vendor\\laravel\\framework\\src\\Illuminate\\Database\\Connection.php(776): Illuminate\\Database\\Connection->runQueryCallback('insert into `sa...', Array, Object(Closure))
#3 C:\\laragon\\www\\500-STAB-WOUNDS\\vendor\\laravel\\framework\\src\\Illuminate\\Database\\MySqlConnection.php(42): Illuminate\\Database\\Connection->run('insert into `sa...', Array, Object(Closure))
#4 C:\\laragon\\www\\500-STAB-WOUNDS\\vendor\\laravel\\framework\\src\\Illuminate\\Database\\Query\\Processors\\MySqlProcessor.php(35): Illuminate\\Database\\MySqlConnection->insert('insert into `sa...', Array, 'id')
#5 C:\\laragon\\www\\500-STAB-WOUNDS\\vendor\\laravel\\framework\\src\\Illuminate\\Database\\Query\\Builder.php(3779): Illuminate\\Database\\Query\\Processors\\MySqlProcessor->processInsertGetId(Object(Illuminate\\Database\\Query\\Builder), 'insert into `sa...', Array, 'id')
#6 C:\\laragon\\www\\500-STAB-WOUNDS\\vendor\\laravel\\framework\\src\\Illuminate\\Database\\Eloquent\\Builder.php(2204): Illuminate\\Database\\Query\\Builder->insertGetId(Array, 'id')
#7 C:\\laragon\\www\\500-STAB-WOUNDS\\vendor\\laravel\\framework\\src\\Illuminate\\Database\\Eloquent\\Model.php(1408): Illuminate\\Database\\Eloquent\\Builder->__call('insertGetId', Array)
#8 C:\\laragon\\www\\500-STAB-WOUNDS\\vendor\\laravel\\framework\\src\\Illuminate\\Database\\Eloquent\\Model.php(1373): Illuminate\\Database\\Eloquent\\Model->insertAndSetId(Object(Illuminate\\Database\\Eloquent\\Builder), Array)
#9 C:\\laragon\\www\\500-STAB-WOUNDS\\vendor\\laravel\\framework\\src\\Illuminate\\Database\\Eloquent\\Model.php(1212): Illuminate\\Database\\Eloquent\\Model->performInsert(Object(Illuminate\\Database\\Eloquent\\Builder))
#10 C:\\laragon\\www\\500-STAB-WOUNDS\\vendor\\laravel\\framework\\src\\Illuminate\\Database\\Eloquent\\Builder.php(1188): Illuminate\\Database\\Eloquent\\Model->save()
#11 C:\\laragon\\www\\500-STAB-WOUNDS\\vendor\\laravel\\framework\\src\\Illuminate\\Support\\helpers.php(399): Illuminate\\Database\\Eloquent\\Builder->{closure:Illuminate\\Database\\Eloquent\\Builder::create():1187}(Object(App\\Models\\SaleItem))
#12 C:\\laragon\\www\\500-STAB-WOUNDS\\vendor\\laravel\\framework\\src\\Illuminate\\Database\\Eloquent\\Builder.php(1187): tap(Object(App\\Models\\SaleItem), Object(Closure))
#13 C:\\laragon\\www\\500-STAB-WOUNDS\\vendor\\laravel\\framework\\src\\Illuminate\\Support\\Traits\\ForwardsCalls.php(23): Illuminate\\Database\\Eloquent\\Builder->create(Array)
#14 C:\\laragon\\www\\500-STAB-WOUNDS\\vendor\\laravel\\framework\\src\\Illuminate\\Database\\Eloquent\\Model.php(2449): Illuminate\\Database\\Eloquent\\Model->forwardCallTo(Object(Illuminate\\Database\\Eloquent\\Builder), 'create', Array)
#15 C:\\laragon\\www\\500-STAB-WOUNDS\\vendor\\laravel\\framework\\src\\Illuminate\\Database\\Eloquent\\Model.php(2465): Illuminate\\Database\\Eloquent\\Model->__call('create', Array)
#16 C:\\laragon\\www\\500-STAB-WOUNDS\\database\\seeders\\SalesSeeder.php(52): Illuminate\\Database\\Eloquent\\Model::__callStatic('create', Array)
#17 C:\\laragon\\www\\500-STAB-WOUNDS\\vendor\\laravel\\framework\\src\\Illuminate\\Container\\BoundMethod.php(36): Database\\Seeders\\SalesSeeder->run()
#18 C:\\laragon\\www\\500-STAB-WOUNDS\\vendor\\laravel\\framework\\src\\Illuminate\\Container\\Util.php(43): Illuminate\\Container\\BoundMethod::{closure:Illuminate\\Container\\BoundMethod::call():35}()
#19 C:\\laragon\\www\\500-STAB-WOUNDS\\vendor\\laravel\\framework\\src\\Illuminate\\Container\\BoundMethod.php(96): Illuminate\\Container\\Util::unwrapIfClosure(Object(Closure))
#20 C:\\laragon\\www\\500-STAB-WOUNDS\\vendor\\laravel\\framework\\src\\Illuminate\\Container\\BoundMethod.php(35): Illuminate\\Container\\BoundMethod::callBoundMethod(Object(Illuminate\\Foundation\\Application), Array, Object(Closure))
#21 C:\\laragon\\www\\500-STAB-WOUNDS\\vendor\\laravel\\framework\\src\\Illuminate\\Container\\Container.php(754): Illuminate\\Container\\BoundMethod::call(Object(Illuminate\\Foundation\\Application), Array, Array, NULL)
#22 C:\\laragon\\www\\500-STAB-WOUNDS\\vendor\\laravel\\framework\\src\\Illuminate\\Database\\Seeder.php(188): Illuminate\\Container\\Container->call(Array, Array)
#23 C:\\laragon\\www\\500-STAB-WOUNDS\\vendor\\laravel\\framework\\src\\Illuminate\\Database\\Seeder.php(197): Illuminate\\Database\\Seeder->{closure:Illuminate\\Database\\Seeder::__invoke():187}()
#24 C:\\laragon\\www\\500-STAB-WOUNDS\\vendor\\laravel\\framework\\src\\Illuminate\\Database\\Seeder.php(61): Illuminate\\Database\\Seeder->__invoke(Array)
#25 C:\\laragon\\www\\500-STAB-WOUNDS\\database\\seeders\\DatabaseSeeder.php(18): Illuminate\\Database\\Seeder->call('Database\\\\Seeder...')
#26 C:\\laragon\\www\\500-STAB-WOUNDS\\vendor\\laravel\\framework\\src\\Illuminate\\Container\\BoundMethod.php(36): Database\\Seeders\\DatabaseSeeder->run()
#27 C:\\laragon\\www\\500-STAB-WOUNDS\\vendor\\laravel\\framework\\src\\Illuminate\\Container\\Util.php(43): Illuminate\\Container\\BoundMethod::{closure:Illuminate\\Container\\BoundMethod::call():35}()
#28 C:\\laragon\\www\\500-STAB-WOUNDS\\vendor\\laravel\\framework\\src\\Illuminate\\Container\\BoundMethod.php(96): Illuminate\\Container\\Util::unwrapIfClosure(Object(Closure))
#29 C:\\laragon\\www\\500-STAB-WOUNDS\\vendor\\laravel\\framework\\src\\Illuminate\\Container\\BoundMethod.php(35): Illuminate\\Container\\BoundMethod::callBoundMethod(Object(Illuminate\\Foundation\\Application), Array, Object(Closure))
#30 C:\\laragon\\www\\500-STAB-WOUNDS\\vendor\\laravel\\framework\\src\\Illuminate\\Container\\Container.php(754): Illuminate\\Container\\BoundMethod::call(Object(Illuminate\\Foundation\\Application), Array, Array, NULL)
#31 C:\\laragon\\www\\500-STAB-WOUNDS\\vendor\\laravel\\framework\\src\\Illuminate\\Database\\Seeder.php(188): Illuminate\\Container\\Container->call(Array, Array)
#32 C:\\laragon\\www\\500-STAB-WOUNDS\\vendor\\laravel\\framework\\src\\Illuminate\\Database\\Seeder.php(197): Illuminate\\Database\\Seeder->{closure:Illuminate\\Database\\Seeder::__invoke():187}()
#33 C:\\laragon\\www\\500-STAB-WOUNDS\\vendor\\laravel\\framework\\src\\Illuminate\\Database\\Console\\Seeds\\SeedCommand.php(71): Illuminate\\Database\\Seeder->__invoke()
#34 C:\\laragon\\www\\500-STAB-WOUNDS\\vendor\\laravel\\framework\\src\\Illuminate\\Database\\Eloquent\\Concerns\\GuardsAttributes.php(155): Illuminate\\Database\\Console\\Seeds\\SeedCommand->{closure:Illuminate\\Database\\Console\\Seeds\\SeedCommand::handle():70}()
#35 C:\\laragon\\www\\500-STAB-WOUNDS\\vendor\\laravel\\framework\\src\\Illuminate\\Database\\Console\\Seeds\\SeedCommand.php(70): Illuminate\\Database\\Eloquent\\Model::unguarded(Object(Closure))
#36 C:\\laragon\\www\\500-STAB-WOUNDS\\vendor\\laravel\\framework\\src\\Illuminate\\Container\\BoundMethod.php(36): Illuminate\\Database\\Console\\Seeds\\SeedCommand->handle()
#37 C:\\laragon\\www\\500-STAB-WOUNDS\\vendor\\laravel\\framework\\src\\Illuminate\\Container\\Util.php(43): Illuminate\\Container\\BoundMethod::{closure:Illuminate\\Container\\BoundMethod::call():35}()
#38 C:\\laragon\\www\\500-STAB-WOUNDS\\vendor\\laravel\\framework\\src\\Illuminate\\Container\\BoundMethod.php(96): Illuminate\\Container\\Util::unwrapIfClosure(Object(Closure))
#39 C:\\laragon\\www\\500-STAB-WOUNDS\\vendor\\laravel\\framework\\src\\Illuminate\\Container\\BoundMethod.php(35): Illuminate\\Container\\BoundMethod::callBoundMethod(Object(Illuminate\\Foundation\\Application), Array, Object(Closure))
#40 C:\\laragon\\www\\500-STAB-WOUNDS\\vendor\\laravel\\framework\\src\\Illuminate\\Container\\Container.php(754): Illuminate\\Container\\BoundMethod::call(Object(Illuminate\\Foundation\\Application), Array, Array, NULL)
#41 C:\\laragon\\www\\500-STAB-WOUNDS\\vendor\\laravel\\framework\\src\\Illuminate\\Console\\Command.php(211): Illuminate\\Container\\Container->call(Array)
#42 C:\\laragon\\www\\500-STAB-WOUNDS\\vendor\\symfony\\console\\Command\\Command.php(279): Illuminate\\Console\\Command->execute(Object(Symfony\\Component\\Console\\Input\\ArrayInput), Object(Illuminate\\Console\\OutputStyle))
#43 C:\\laragon\\www\\500-STAB-WOUNDS\\vendor\\laravel\\framework\\src\\Illuminate\\Console\\Command.php(180): Symfony\\Component\\Console\\Command\\Command->run(Object(Symfony\\Component\\Console\\Input\\ArrayInput), Object(Illuminate\\Console\\OutputStyle))
#44 C:\\laragon\\www\\500-STAB-WOUNDS\\vendor\\laravel\\framework\\src\\Illuminate\\Console\\Concerns\\CallsCommands.php(68): Illuminate\\Console\\Command->run(Object(Symfony\\Component\\Console\\Input\\ArrayInput), Object(Illuminate\\Console\\OutputStyle))
#45 C:\\laragon\\www\\500-STAB-WOUNDS\\vendor\\laravel\\framework\\src\\Illuminate\\Console\\Concerns\\CallsCommands.php(29): Illuminate\\Console\\Command->runCommand('db:seed', Array, Object(Illuminate\\Console\\OutputStyle))
#46 C:\\laragon\\www\\500-STAB-WOUNDS\\vendor\\laravel\\framework\\src\\Illuminate\\Database\\Console\\Migrations\\FreshCommand.php(121): Illuminate\\Console\\Command->call('db:seed', Array)
#47 C:\\laragon\\www\\500-STAB-WOUNDS\\vendor\\laravel\\framework\\src\\Illuminate\\Database\\Console\\Migrations\\FreshCommand.php(97): Illuminate\\Database\\Console\\Migrations\\FreshCommand->runSeeder(NULL)
#48 C:\\laragon\\www\\500-STAB-WOUNDS\\vendor\\laravel\\framework\\src\\Illuminate\\Container\\BoundMethod.php(36): Illuminate\\Database\\Console\\Migrations\\FreshCommand->handle()
#49 C:\\laragon\\www\\500-STAB-WOUNDS\\vendor\\laravel\\framework\\src\\Illuminate\\Container\\Util.php(43): Illuminate\\Container\\BoundMethod::{closure:Illuminate\\Container\\BoundMethod::call():35}()
#50 C:\\laragon\\www\\500-STAB-WOUNDS\\vendor\\laravel\\framework\\src\\Illuminate\\Container\\BoundMethod.php(96): Illuminate\\Container\\Util::unwrapIfClosure(Object(Closure))
#51 C:\\laragon\\www\\500-STAB-WOUNDS\\vendor\\laravel\\framework\\src\\Illuminate\\Container\\BoundMethod.php(35): Illuminate\\Container\\BoundMethod::callBoundMethod(Object(Illuminate\\Foundation\\Application), Array, Object(Closure))
#52 C:\\laragon\\www\\500-STAB-WOUNDS\\vendor\\laravel\\framework\\src\\Illuminate\\Container\\Container.php(754): Illuminate\\Container\\BoundMethod::call(Object(Illuminate\\Foundation\\Application), Array, Array, NULL)
#53 C:\\laragon\\www\\500-STAB-WOUNDS\\vendor\\laravel\\framework\\src\\Illuminate\\Console\\Command.php(211): Illuminate\\Container\\Container->call(Array)
#54 C:\\laragon\\www\\500-STAB-WOUNDS\\vendor\\symfony\\console\\Command\\Command.php(279): Illuminate\\Console\\Command->execute(Object(Symfony\\Component\\Console\\Input\\ArgvInput), Object(Illuminate\\Console\\OutputStyle))
#55 C:\\laragon\\www\\500-STAB-WOUNDS\\vendor\\laravel\\framework\\src\\Illuminate\\Console\\Command.php(180): Symfony\\Component\\Console\\Command\\Command->run(Object(Symfony\\Component\\Console\\Input\\ArgvInput), Object(Illuminate\\Console\\OutputStyle))
#56 C:\\laragon\\www\\500-STAB-WOUNDS\\vendor\\symfony\\console\\Application.php(1094): Illuminate\\Console\\Command->run(Object(Symfony\\Component\\Console\\Input\\ArgvInput), Object(Symfony\\Component\\Console\\Output\\ConsoleOutput))
#57 C:\\laragon\\www\\500-STAB-WOUNDS\\vendor\\symfony\\console\\Application.php(342): Symfony\\Component\\Console\\Application->doRunCommand(Object(Illuminate\\Database\\Console\\Migrations\\FreshCommand), Object(Symfony\\Component\\Console\\Input\\ArgvInput), Object(Symfony\\Component\\Console\\Output\\ConsoleOutput))
#58 C:\\laragon\\www\\500-STAB-WOUNDS\\vendor\\symfony\\console\\Application.php(193): Symfony\\Component\\Console\\Application->doRun(Object(Symfony\\Component\\Console\\Input\\ArgvInput), Object(Symfony\\Component\\Console\\Output\\ConsoleOutput))
#59 C:\\laragon\\www\\500-STAB-WOUNDS\\vendor\\laravel\\framework\\src\\Illuminate\\Foundation\\Console\\Kernel.php(197): Symfony\\Component\\Console\\Application->run(Object(Symfony\\Component\\Console\\Input\\ArgvInput), Object(Symfony\\Component\\Console\\Output\\ConsoleOutput))
#60 C:\\laragon\\www\\500-STAB-WOUNDS\\vendor\\laravel\\framework\\src\\Illuminate\\Foundation\\Application.php(1234): Illuminate\\Foundation\\Console\\Kernel->handle(Object(Symfony\\Component\\Console\\Input\\ArgvInput), Object(Symfony\\Component\\Console\\Output\\ConsoleOutput))
#61 C:\\laragon\\www\\500-STAB-WOUNDS\\artisan(16): Illuminate\\Foundation\\Application->handleCommand(Object(Symfony\\Component\\Console\\Input\\ArgvInput))
#62 {main}
"} 
[2025-05-01 13:15:50] local.ERROR: Target class [DashboardController] does not exist. {"exception":"[object] (Illuminate\\Contracts\\Container\\BindingResolutionException(code: 0): Target class [DashboardController] does not exist. at C:\\laragon\\www\\500-STAB-WOUNDS\\vendor\\laravel\\framework\\src\\Illuminate\\Container\\Container.php:1019)
[stacktrace]
#0 C:\\laragon\\www\\500-STAB-WOUNDS\\vendor\\laravel\\framework\\src\\Illuminate\\Container\\Container.php(890): Illuminate\\Container\\Container->build('DashboardContro...')
#1 C:\\laragon\\www\\500-STAB-WOUNDS\\vendor\\laravel\\framework\\src\\Illuminate\\Foundation\\Application.php(1077): Illuminate\\Container\\Container->resolve('DashboardContro...', Array, true)
#2 C:\\laragon\\www\\500-STAB-WOUNDS\\vendor\\laravel\\framework\\src\\Illuminate\\Container\\Container.php(821): Illuminate\\Foundation\\Application->resolve('DashboardContro...', Array)
#3 C:\\laragon\\www\\500-STAB-WOUNDS\\vendor\\laravel\\framework\\src\\Illuminate\\Foundation\\Application.php(1057): Illuminate\\Container\\Container->make('DashboardContro...', Array)
#4 C:\\laragon\\www\\500-STAB-WOUNDS\\vendor\\laravel\\framework\\src\\Illuminate\\Routing\\Route.php(286): Illuminate\\Foundation\\Application->make('DashboardContro...')
#5 C:\\laragon\\www\\500-STAB-WOUNDS\\vendor\\laravel\\framework\\src\\Illuminate\\Routing\\Route.php(266): Illuminate\\Routing\\Route->getController()
#6 C:\\laragon\\www\\500-STAB-WOUNDS\\vendor\\laravel\\framework\\src\\Illuminate\\Routing\\Route.php(211): Illuminate\\Routing\\Route->runController()
#7 C:\\laragon\\www\\500-STAB-WOUNDS\\vendor\\laravel\\framework\\src\\Illuminate\\Routing\\Router.php(808): Illuminate\\Routing\\Route->run()
#8 C:\\laragon\\www\\500-STAB-WOUNDS\\vendor\\laravel\\framework\\src\\Illuminate\\Pipeline\\Pipeline.php(169): Illuminate\\Routing\\Router->{closure:Illuminate\\Routing\\Router::runRouteWithinStack():807}(Object(Illuminate\\Http\\Request))
#9 C:\\laragon\\www\\500-STAB-WOUNDS\\vendor\\laravel\\framework\\src\\Illuminate\\Routing\\Middleware\\SubstituteBindings.php(50): Illuminate\\Pipeline\\Pipeline->{closure:Illuminate\\Pipeline\\Pipeline::prepareDestination():167}(Object(Illuminate\\Http\\Request))
#10 C:\\laragon\\www\\500-STAB-WOUNDS\\vendor\\laravel\\framework\\src\\Illuminate\\Pipeline\\Pipeline.php(208): Illuminate\\Routing\\Middleware\\SubstituteBindings->handle(Object(Illuminate\\Http\\Request), Object(Closure))
#11 C:\\laragon\\www\\500-STAB-WOUNDS\\vendor\\laravel\\framework\\src\\Illuminate\\Foundation\\Http\\Middleware\\VerifyCsrfToken.php(87): Illuminate\\Pipeline\\Pipeline->{closure:{closure:Illuminate\\Pipeline\\Pipeline::carry():183}:184}(Object(Illuminate\\Http\\Request))
#12 C:\\laragon\\www\\500-STAB-WOUNDS\\vendor\\laravel\\framework\\src\\Illuminate\\Pipeline\\Pipeline.php(208): Illuminate\\Foundation\\Http\\Middleware\\VerifyCsrfToken->handle(Object(Illuminate\\Http\\Request), Object(Closure))
#13 C:\\laragon\\www\\500-STAB-WOUNDS\\vendor\\laravel\\framework\\src\\Illuminate\\View\\Middleware\\ShareErrorsFromSession.php(48): Illuminate\\Pipeline\\Pipeline->{closure:{closure:Illuminate\\Pipeline\\Pipeline::carry():183}:184}(Object(Illuminate\\Http\\Request))
#14 C:\\laragon\\www\\500-STAB-WOUNDS\\vendor\\laravel\\framework\\src\\Illuminate\\Pipeline\\Pipeline.php(208): Illuminate\\View\\Middleware\\ShareErrorsFromSession->handle(Object(Illuminate\\Http\\Request), Object(Closure))
#15 C:\\laragon\\www\\500-STAB-WOUNDS\\vendor\\laravel\\framework\\src\\Illuminate\\Session\\Middleware\\StartSession.php(120): Illuminate\\Pipeline\\Pipeline->{closure:{closure:Illuminate\\Pipeline\\Pipeline::carry():183}:184}(Object(Illuminate\\Http\\Request))
#16 C:\\laragon\\www\\500-STAB-WOUNDS\\vendor\\laravel\\framework\\src\\Illuminate\\Session\\Middleware\\StartSession.php(63): Illuminate\\Session\\Middleware\\StartSession->handleStatefulRequest(Object(Illuminate\\Http\\Request), Object(Illuminate\\Session\\Store), Object(Closure))
#17 C:\\laragon\\www\\500-STAB-WOUNDS\\vendor\\laravel\\framework\\src\\Illuminate\\Pipeline\\Pipeline.php(208): Illuminate\\Session\\Middleware\\StartSession->handle(Object(Illuminate\\Http\\Request), Object(Closure))
#18 C:\\laragon\\www\\500-STAB-WOUNDS\\vendor\\laravel\\framework\\src\\Illuminate\\Cookie\\Middleware\\AddQueuedCookiesToResponse.php(36): Illuminate\\Pipeline\\Pipeline->{closure:{closure:Illuminate\\Pipeline\\Pipeline::carry():183}:184}(Object(Illuminate\\Http\\Request))
#19 C:\\laragon\\www\\500-STAB-WOUNDS\\vendor\\laravel\\framework\\src\\Illuminate\\Pipeline\\Pipeline.php(208): Illuminate\\Cookie\\Middleware\\AddQueuedCookiesToResponse->handle(Object(Illuminate\\Http\\Request), Object(Closure))
#20 C:\\laragon\\www\\500-STAB-WOUNDS\\vendor\\laravel\\framework\\src\\Illuminate\\Cookie\\Middleware\\EncryptCookies.php(74): Illuminate\\Pipeline\\Pipeline->{closure:{closure:Illuminate\\Pipeline\\Pipeline::carry():183}:184}(Object(Illuminate\\Http\\Request))
#21 C:\\laragon\\www\\500-STAB-WOUNDS\\vendor\\laravel\\framework\\src\\Illuminate\\Pipeline\\Pipeline.php(208): Illuminate\\Cookie\\Middleware\\EncryptCookies->handle(Object(Illuminate\\Http\\Request), Object(Closure))
#22 C:\\laragon\\www\\500-STAB-WOUNDS\\vendor\\laravel\\framework\\src\\Illuminate\\Pipeline\\Pipeline.php(126): Illuminate\\Pipeline\\Pipeline->{closure:{closure:Illuminate\\Pipeline\\Pipeline::carry():183}:184}(Object(Illuminate\\Http\\Request))
#23 C:\\laragon\\www\\500-STAB-WOUNDS\\vendor\\laravel\\framework\\src\\Illuminate\\Routing\\Router.php(807): Illuminate\\Pipeline\\Pipeline->then(Object(Closure))
#24 C:\\laragon\\www\\500-STAB-WOUNDS\\vendor\\laravel\\framework\\src\\Illuminate\\Routing\\Router.php(786): Illuminate\\Routing\\Router->runRouteWithinStack(Object(Illuminate\\Routing\\Route), Object(Illuminate\\Http\\Request))
#25 C:\\laragon\\www\\500-STAB-WOUNDS\\vendor\\laravel\\framework\\src\\Illuminate\\Routing\\Router.php(750): Illuminate\\Routing\\Router->runRoute(Object(Illuminate\\Http\\Request), Object(Illuminate\\Routing\\Route))
#26 C:\\laragon\\www\\500-STAB-WOUNDS\\vendor\\laravel\\framework\\src\\Illuminate\\Routing\\Router.php(739): Illuminate\\Routing\\Router->dispatchToRoute(Object(Illuminate\\Http\\Request))
#27 C:\\laragon\\www\\500-STAB-WOUNDS\\vendor\\laravel\\framework\\src\\Illuminate\\Foundation\\Http\\Kernel.php(200): Illuminate\\Routing\\Router->dispatch(Object(Illuminate\\Http\\Request))
#28 C:\\laragon\\www\\500-STAB-WOUNDS\\vendor\\laravel\\framework\\src\\Illuminate\\Pipeline\\Pipeline.php(169): Illuminate\\Foundation\\Http\\Kernel->{closure:Illuminate\\Foundation\\Http\\Kernel::dispatchToRouter():197}(Object(Illuminate\\Http\\Request))
#29 C:\\laragon\\www\\500-STAB-WOUNDS\\vendor\\laravel\\framework\\src\\Illuminate\\Foundation\\Http\\Middleware\\TransformsRequest.php(21): Illuminate\\Pipeline\\Pipeline->{closure:Illuminate\\Pipeline\\Pipeline::prepareDestination():167}(Object(Illuminate\\Http\\Request))
#30 C:\\laragon\\www\\500-STAB-WOUNDS\\vendor\\laravel\\framework\\src\\Illuminate\\Foundation\\Http\\Middleware\\ConvertEmptyStringsToNull.php(31): Illuminate\\Foundation\\Http\\Middleware\\TransformsRequest->handle(Object(Illuminate\\Http\\Request), Object(Closure))
#31 C:\\laragon\\www\\500-STAB-WOUNDS\\vendor\\laravel\\framework\\src\\Illuminate\\Pipeline\\Pipeline.php(208): Illuminate\\Foundation\\Http\\Middleware\\ConvertEmptyStringsToNull->handle(Object(Illuminate\\Http\\Request), Object(Closure))
#32 C:\\laragon\\www\\500-STAB-WOUNDS\\vendor\\laravel\\framework\\src\\Illuminate\\Foundation\\Http\\Middleware\\TransformsRequest.php(21): Illuminate\\Pipeline\\Pipeline->{closure:{closure:Illuminate\\Pipeline\\Pipeline::carry():183}:184}(Object(Illuminate\\Http\\Request))
#33 C:\\laragon\\www\\500-STAB-WOUNDS\\vendor\\laravel\\framework\\src\\Illuminate\\Foundation\\Http\\Middleware\\TrimStrings.php(51): Illuminate\\Foundation\\Http\\Middleware\\TransformsRequest->handle(Object(Illuminate\\Http\\Request), Object(Closure))
#34 C:\\laragon\\www\\500-STAB-WOUNDS\\vendor\\laravel\\framework\\src\\Illuminate\\Pipeline\\Pipeline.php(208): Illuminate\\Foundation\\Http\\Middleware\\TrimStrings->handle(Object(Illuminate\\Http\\Request), Object(Closure))
#35 C:\\laragon\\www\\500-STAB-WOUNDS\\vendor\\laravel\\framework\\src\\Illuminate\\Http\\Middleware\\ValidatePostSize.php(27): Illuminate\\Pipeline\\Pipeline->{closure:{closure:Illuminate\\Pipeline\\Pipeline::carry():183}:184}(Object(Illuminate\\Http\\Request))
#36 C:\\laragon\\www\\500-STAB-WOUNDS\\vendor\\laravel\\framework\\src\\Illuminate\\Pipeline\\Pipeline.php(208): Illuminate\\Http\\Middleware\\ValidatePostSize->handle(Object(Illuminate\\Http\\Request), Object(Closure))
#37 C:\\laragon\\www\\500-STAB-WOUNDS\\vendor\\laravel\\framework\\src\\Illuminate\\Foundation\\Http\\Middleware\\PreventRequestsDuringMaintenance.php(109): Illuminate\\Pipeline\\Pipeline->{closure:{closure:Illuminate\\Pipeline\\Pipeline::carry():183}:184}(Object(Illuminate\\Http\\Request))
#38 C:\\laragon\\www\\500-STAB-WOUNDS\\vendor\\laravel\\framework\\src\\Illuminate\\Pipeline\\Pipeline.php(208): Illuminate\\Foundation\\Http\\Middleware\\PreventRequestsDuringMaintenance->handle(Object(Illuminate\\Http\\Request), Object(Closure))
#39 C:\\laragon\\www\\500-STAB-WOUNDS\\vendor\\laravel\\framework\\src\\Illuminate\\Http\\Middleware\\HandleCors.php(48): Illuminate\\Pipeline\\Pipeline->{closure:{closure:Illuminate\\Pipeline\\Pipeline::carry():183}:184}(Object(Illuminate\\Http\\Request))
#40 C:\\laragon\\www\\500-STAB-WOUNDS\\vendor\\laravel\\framework\\src\\Illuminate\\Pipeline\\Pipeline.php(208): Illuminate\\Http\\Middleware\\HandleCors->handle(Object(Illuminate\\Http\\Request), Object(Closure))
#41 C:\\laragon\\www\\500-STAB-WOUNDS\\vendor\\laravel\\framework\\src\\Illuminate\\Http\\Middleware\\TrustProxies.php(58): Illuminate\\Pipeline\\Pipeline->{closure:{closure:Illuminate\\Pipeline\\Pipeline::carry():183}:184}(Object(Illuminate\\Http\\Request))
#42 C:\\laragon\\www\\500-STAB-WOUNDS\\vendor\\laravel\\framework\\src\\Illuminate\\Pipeline\\Pipeline.php(208): Illuminate\\Http\\Middleware\\TrustProxies->handle(Object(Illuminate\\Http\\Request), Object(Closure))
#43 C:\\laragon\\www\\500-STAB-WOUNDS\\vendor\\laravel\\framework\\src\\Illuminate\\Foundation\\Http\\Middleware\\InvokeDeferredCallbacks.php(22): Illuminate\\Pipeline\\Pipeline->{closure:{closure:Illuminate\\Pipeline\\Pipeline::carry():183}:184}(Object(Illuminate\\Http\\Request))
#44 C:\\laragon\\www\\500-STAB-WOUNDS\\vendor\\laravel\\framework\\src\\Illuminate\\Pipeline\\Pipeline.php(208): Illuminate\\Foundation\\Http\\Middleware\\InvokeDeferredCallbacks->handle(Object(Illuminate\\Http\\Request), Object(Closure))
#45 C:\\laragon\\www\\500-STAB-WOUNDS\\vendor\\laravel\\framework\\src\\Illuminate\\Http\\Middleware\\ValidatePathEncoding.php(26): Illuminate\\Pipeline\\Pipeline->{closure:{closure:Illuminate\\Pipeline\\Pipeline::carry():183}:184}(Object(Illuminate\\Http\\Request))
#46 C:\\laragon\\www\\500-STAB-WOUNDS\\vendor\\laravel\\framework\\src\\Illuminate\\Pipeline\\Pipeline.php(208): Illuminate\\Http\\Middleware\\ValidatePathEncoding->handle(Object(Illuminate\\Http\\Request), Object(Closure))
#47 C:\\laragon\\www\\500-STAB-WOUNDS\\vendor\\laravel\\framework\\src\\Illuminate\\Pipeline\\Pipeline.php(126): Illuminate\\Pipeline\\Pipeline->{closure:{closure:Illuminate\\Pipeline\\Pipeline::carry():183}:184}(Object(Illuminate\\Http\\Request))
#48 C:\\laragon\\www\\500-STAB-WOUNDS\\vendor\\laravel\\framework\\src\\Illuminate\\Foundation\\Http\\Kernel.php(175): Illuminate\\Pipeline\\Pipeline->then(Object(Closure))
#49 C:\\laragon\\www\\500-STAB-WOUNDS\\vendor\\laravel\\framework\\src\\Illuminate\\Foundation\\Http\\Kernel.php(144): Illuminate\\Foundation\\Http\\Kernel->sendRequestThroughRouter(Object(Illuminate\\Http\\Request))
#50 C:\\laragon\\www\\500-STAB-WOUNDS\\vendor\\laravel\\framework\\src\\Illuminate\\Foundation\\Application.php(1219): Illuminate\\Foundation\\Http\\Kernel->handle(Object(Illuminate\\Http\\Request))
#51 C:\\laragon\\www\\500-STAB-WOUNDS\\public\\index.php(20): Illuminate\\Foundation\\Application->handleRequest(Object(Illuminate\\Http\\Request))
#52 C:\\laragon\\www\\500-STAB-WOUNDS\\vendor\\laravel\\framework\\src\\Illuminate\\Foundation\\resources\\server.php(23): require_once('C:\\\\laragon\\\\www\\\\...')
#53 {main}

[previous exception] [object] (ReflectionException(code: -1): Class \"DashboardController\" does not exist at C:\\laragon\\www\\500-STAB-WOUNDS\\vendor\\laravel\\framework\\src\\Illuminate\\Container\\Container.php:1017)
[stacktrace]
#0 C:\\laragon\\www\\500-STAB-WOUNDS\\vendor\\laravel\\framework\\src\\Illuminate\\Container\\Container.php(1017): ReflectionClass->__construct('DashboardContro...')
#1 C:\\laragon\\www\\500-STAB-WOUNDS\\vendor\\laravel\\framework\\src\\Illuminate\\Container\\Container.php(890): Illuminate\\Container\\Container->build('DashboardContro...')
#2 C:\\laragon\\www\\500-STAB-WOUNDS\\vendor\\laravel\\framework\\src\\Illuminate\\Foundation\\Application.php(1077): Illuminate\\Container\\Container->resolve('DashboardContro...', Array, true)
#3 C:\\laragon\\www\\500-STAB-WOUNDS\\vendor\\laravel\\framework\\src\\Illuminate\\Container\\Container.php(821): Illuminate\\Foundation\\Application->resolve('DashboardContro...', Array)
#4 C:\\laragon\\www\\500-STAB-WOUNDS\\vendor\\laravel\\framework\\src\\Illuminate\\Foundation\\Application.php(1057): Illuminate\\Container\\Container->make('DashboardContro...', Array)
#5 C:\\laragon\\www\\500-STAB-WOUNDS\\vendor\\laravel\\framework\\src\\Illuminate\\Routing\\Route.php(286): Illuminate\\Foundation\\Application->make('DashboardContro...')
#6 C:\\laragon\\www\\500-STAB-WOUNDS\\vendor\\laravel\\framework\\src\\Illuminate\\Routing\\Route.php(266): Illuminate\\Routing\\Route->getController()
#7 C:\\laragon\\www\\500-STAB-WOUNDS\\vendor\\laravel\\framework\\src\\Illuminate\\Routing\\Route.php(211): Illuminate\\Routing\\Route->runController()
#8 C:\\laragon\\www\\500-STAB-WOUNDS\\vendor\\laravel\\framework\\src\\Illuminate\\Routing\\Router.php(808): Illuminate\\Routing\\Route->run()
#9 C:\\laragon\\www\\500-STAB-WOUNDS\\vendor\\laravel\\framework\\src\\Illuminate\\Pipeline\\Pipeline.php(169): Illuminate\\Routing\\Router->{closure:Illuminate\\Routing\\Router::runRouteWithinStack():807}(Object(Illuminate\\Http\\Request))
#10 C:\\laragon\\www\\500-STAB-WOUNDS\\vendor\\laravel\\framework\\src\\Illuminate\\Routing\\Middleware\\SubstituteBindings.php(50): Illuminate\\Pipeline\\Pipeline->{closure:Illuminate\\Pipeline\\Pipeline::prepareDestination():167}(Object(Illuminate\\Http\\Request))
#11 C:\\laragon\\www\\500-STAB-WOUNDS\\vendor\\laravel\\framework\\src\\Illuminate\\Pipeline\\Pipeline.php(208): Illuminate\\Routing\\Middleware\\SubstituteBindings->handle(Object(Illuminate\\Http\\Request), Object(Closure))
#12 C:\\laragon\\www\\500-STAB-WOUNDS\\vendor\\laravel\\framework\\src\\Illuminate\\Foundation\\Http\\Middleware\\VerifyCsrfToken.php(87): Illuminate\\Pipeline\\Pipeline->{closure:{closure:Illuminate\\Pipeline\\Pipeline::carry():183}:184}(Object(Illuminate\\Http\\Request))
#13 C:\\laragon\\www\\500-STAB-WOUNDS\\vendor\\laravel\\framework\\src\\Illuminate\\Pipeline\\Pipeline.php(208): Illuminate\\Foundation\\Http\\Middleware\\VerifyCsrfToken->handle(Object(Illuminate\\Http\\Request), Object(Closure))
#14 C:\\laragon\\www\\500-STAB-WOUNDS\\vendor\\laravel\\framework\\src\\Illuminate\\View\\Middleware\\ShareErrorsFromSession.php(48): Illuminate\\Pipeline\\Pipeline->{closure:{closure:Illuminate\\Pipeline\\Pipeline::carry():183}:184}(Object(Illuminate\\Http\\Request))
#15 C:\\laragon\\www\\500-STAB-WOUNDS\\vendor\\laravel\\framework\\src\\Illuminate\\Pipeline\\Pipeline.php(208): Illuminate\\View\\Middleware\\ShareErrorsFromSession->handle(Object(Illuminate\\Http\\Request), Object(Closure))
#16 C:\\laragon\\www\\500-STAB-WOUNDS\\vendor\\laravel\\framework\\src\\Illuminate\\Session\\Middleware\\StartSession.php(120): Illuminate\\Pipeline\\Pipeline->{closure:{closure:Illuminate\\Pipeline\\Pipeline::carry():183}:184}(Object(Illuminate\\Http\\Request))
#17 C:\\laragon\\www\\500-STAB-WOUNDS\\vendor\\laravel\\framework\\src\\Illuminate\\Session\\Middleware\\StartSession.php(63): Illuminate\\Session\\Middleware\\StartSession->handleStatefulRequest(Object(Illuminate\\Http\\Request), Object(Illuminate\\Session\\Store), Object(Closure))
#18 C:\\laragon\\www\\500-STAB-WOUNDS\\vendor\\laravel\\framework\\src\\Illuminate\\Pipeline\\Pipeline.php(208): Illuminate\\Session\\Middleware\\StartSession->handle(Object(Illuminate\\Http\\Request), Object(Closure))
#19 C:\\laragon\\www\\500-STAB-WOUNDS\\vendor\\laravel\\framework\\src\\Illuminate\\Cookie\\Middleware\\AddQueuedCookiesToResponse.php(36): Illuminate\\Pipeline\\Pipeline->{closure:{closure:Illuminate\\Pipeline\\Pipeline::carry():183}:184}(Object(Illuminate\\Http\\Request))
#20 C:\\laragon\\www\\500-STAB-WOUNDS\\vendor\\laravel\\framework\\src\\Illuminate\\Pipeline\\Pipeline.php(208): Illuminate\\Cookie\\Middleware\\AddQueuedCookiesToResponse->handle(Object(Illuminate\\Http\\Request), Object(Closure))
#21 C:\\laragon\\www\\500-STAB-WOUNDS\\vendor\\laravel\\framework\\src\\Illuminate\\Cookie\\Middleware\\EncryptCookies.php(74): Illuminate\\Pipeline\\Pipeline->{closure:{closure:Illuminate\\Pipeline\\Pipeline::carry():183}:184}(Object(Illuminate\\Http\\Request))
#22 C:\\laragon\\www\\500-STAB-WOUNDS\\vendor\\laravel\\framework\\src\\Illuminate\\Pipeline\\Pipeline.php(208): Illuminate\\Cookie\\Middleware\\EncryptCookies->handle(Object(Illuminate\\Http\\Request), Object(Closure))
#23 C:\\laragon\\www\\500-STAB-WOUNDS\\vendor\\laravel\\framework\\src\\Illuminate\\Pipeline\\Pipeline.php(126): Illuminate\\Pipeline\\Pipeline->{closure:{closure:Illuminate\\Pipeline\\Pipeline::carry():183}:184}(Object(Illuminate\\Http\\Request))
#24 C:\\laragon\\www\\500-STAB-WOUNDS\\vendor\\laravel\\framework\\src\\Illuminate\\Routing\\Router.php(807): Illuminate\\Pipeline\\Pipeline->then(Object(Closure))
#25 C:\\laragon\\www\\500-STAB-WOUNDS\\vendor\\laravel\\framework\\src\\Illuminate\\Routing\\Router.php(786): Illuminate\\Routing\\Router->runRouteWithinStack(Object(Illuminate\\Routing\\Route), Object(Illuminate\\Http\\Request))
#26 C:\\laragon\\www\\500-STAB-WOUNDS\\vendor\\laravel\\framework\\src\\Illuminate\\Routing\\Router.php(750): Illuminate\\Routing\\Router->runRoute(Object(Illuminate\\Http\\Request), Object(Illuminate\\Routing\\Route))
#27 C:\\laragon\\www\\500-STAB-WOUNDS\\vendor\\laravel\\framework\\src\\Illuminate\\Routing\\Router.php(739): Illuminate\\Routing\\Router->dispatchToRoute(Object(Illuminate\\Http\\Request))
#28 C:\\laragon\\www\\500-STAB-WOUNDS\\vendor\\laravel\\framework\\src\\Illuminate\\Foundation\\Http\\Kernel.php(200): Illuminate\\Routing\\Router->dispatch(Object(Illuminate\\Http\\Request))
#29 C:\\laragon\\www\\500-STAB-WOUNDS\\vendor\\laravel\\framework\\src\\Illuminate\\Pipeline\\Pipeline.php(169): Illuminate\\Foundation\\Http\\Kernel->{closure:Illuminate\\Foundation\\Http\\Kernel::dispatchToRouter():197}(Object(Illuminate\\Http\\Request))
#30 C:\\laragon\\www\\500-STAB-WOUNDS\\vendor\\laravel\\framework\\src\\Illuminate\\Foundation\\Http\\Middleware\\TransformsRequest.php(21): Illuminate\\Pipeline\\Pipeline->{closure:Illuminate\\Pipeline\\Pipeline::prepareDestination():167}(Object(Illuminate\\Http\\Request))
#31 C:\\laragon\\www\\500-STAB-WOUNDS\\vendor\\laravel\\framework\\src\\Illuminate\\Foundation\\Http\\Middleware\\ConvertEmptyStringsToNull.php(31): Illuminate\\Foundation\\Http\\Middleware\\TransformsRequest->handle(Object(Illuminate\\Http\\Request), Object(Closure))
#32 C:\\laragon\\www\\500-STAB-WOUNDS\\vendor\\laravel\\framework\\src\\Illuminate\\Pipeline\\Pipeline.php(208): Illuminate\\Foundation\\Http\\Middleware\\ConvertEmptyStringsToNull->handle(Object(Illuminate\\Http\\Request), Object(Closure))
#33 C:\\laragon\\www\\500-STAB-WOUNDS\\vendor\\laravel\\framework\\src\\Illuminate\\Foundation\\Http\\Middleware\\TransformsRequest.php(21): Illuminate\\Pipeline\\Pipeline->{closure:{closure:Illuminate\\Pipeline\\Pipeline::carry():183}:184}(Object(Illuminate\\Http\\Request))
#34 C:\\laragon\\www\\500-STAB-WOUNDS\\vendor\\laravel\\framework\\src\\Illuminate\\Foundation\\Http\\Middleware\\TrimStrings.php(51): Illuminate\\Foundation\\Http\\Middleware\\TransformsRequest->handle(Object(Illuminate\\Http\\Request), Object(Closure))
#35 C:\\laragon\\www\\500-STAB-WOUNDS\\vendor\\laravel\\framework\\src\\Illuminate\\Pipeline\\Pipeline.php(208): Illuminate\\Foundation\\Http\\Middleware\\TrimStrings->handle(Object(Illuminate\\Http\\Request), Object(Closure))
#36 C:\\laragon\\www\\500-STAB-WOUNDS\\vendor\\laravel\\framework\\src\\Illuminate\\Http\\Middleware\\ValidatePostSize.php(27): Illuminate\\Pipeline\\Pipeline->{closure:{closure:Illuminate\\Pipeline\\Pipeline::carry():183}:184}(Object(Illuminate\\Http\\Request))
#37 C:\\laragon\\www\\500-STAB-WOUNDS\\vendor\\laravel\\framework\\src\\Illuminate\\Pipeline\\Pipeline.php(208): Illuminate\\Http\\Middleware\\ValidatePostSize->handle(Object(Illuminate\\Http\\Request), Object(Closure))
#38 C:\\laragon\\www\\500-STAB-WOUNDS\\vendor\\laravel\\framework\\src\\Illuminate\\Foundation\\Http\\Middleware\\PreventRequestsDuringMaintenance.php(109): Illuminate\\Pipeline\\Pipeline->{closure:{closure:Illuminate\\Pipeline\\Pipeline::carry():183}:184}(Object(Illuminate\\Http\\Request))
#39 C:\\laragon\\www\\500-STAB-WOUNDS\\vendor\\laravel\\framework\\src\\Illuminate\\Pipeline\\Pipeline.php(208): Illuminate\\Foundation\\Http\\Middleware\\PreventRequestsDuringMaintenance->handle(Object(Illuminate\\Http\\Request), Object(Closure))
#40 C:\\laragon\\www\\500-STAB-WOUNDS\\vendor\\laravel\\framework\\src\\Illuminate\\Http\\Middleware\\HandleCors.php(48): Illuminate\\Pipeline\\Pipeline->{closure:{closure:Illuminate\\Pipeline\\Pipeline::carry():183}:184}(Object(Illuminate\\Http\\Request))
#41 C:\\laragon\\www\\500-STAB-WOUNDS\\vendor\\laravel\\framework\\src\\Illuminate\\Pipeline\\Pipeline.php(208): Illuminate\\Http\\Middleware\\HandleCors->handle(Object(Illuminate\\Http\\Request), Object(Closure))
#42 C:\\laragon\\www\\500-STAB-WOUNDS\\vendor\\laravel\\framework\\src\\Illuminate\\Http\\Middleware\\TrustProxies.php(58): Illuminate\\Pipeline\\Pipeline->{closure:{closure:Illuminate\\Pipeline\\Pipeline::carry():183}:184}(Object(Illuminate\\Http\\Request))
#43 C:\\laragon\\www\\500-STAB-WOUNDS\\vendor\\laravel\\framework\\src\\Illuminate\\Pipeline\\Pipeline.php(208): Illuminate\\Http\\Middleware\\TrustProxies->handle(Object(Illuminate\\Http\\Request), Object(Closure))
#44 C:\\laragon\\www\\500-STAB-WOUNDS\\vendor\\laravel\\framework\\src\\Illuminate\\Foundation\\Http\\Middleware\\InvokeDeferredCallbacks.php(22): Illuminate\\Pipeline\\Pipeline->{closure:{closure:Illuminate\\Pipeline\\Pipeline::carry():183}:184}(Object(Illuminate\\Http\\Request))
#45 C:\\laragon\\www\\500-STAB-WOUNDS\\vendor\\laravel\\framework\\src\\Illuminate\\Pipeline\\Pipeline.php(208): Illuminate\\Foundation\\Http\\Middleware\\InvokeDeferredCallbacks->handle(Object(Illuminate\\Http\\Request), Object(Closure))
#46 C:\\laragon\\www\\500-STAB-WOUNDS\\vendor\\laravel\\framework\\src\\Illuminate\\Http\\Middleware\\ValidatePathEncoding.php(26): Illuminate\\Pipeline\\Pipeline->{closure:{closure:Illuminate\\Pipeline\\Pipeline::carry():183}:184}(Object(Illuminate\\Http\\Request))
#47 C:\\laragon\\www\\500-STAB-WOUNDS\\vendor\\laravel\\framework\\src\\Illuminate\\Pipeline\\Pipeline.php(208): Illuminate\\Http\\Middleware\\ValidatePathEncoding->handle(Object(Illuminate\\Http\\Request), Object(Closure))
#48 C:\\laragon\\www\\500-STAB-WOUNDS\\vendor\\laravel\\framework\\src\\Illuminate\\Pipeline\\Pipeline.php(126): Illuminate\\Pipeline\\Pipeline->{closure:{closure:Illuminate\\Pipeline\\Pipeline::carry():183}:184}(Object(Illuminate\\Http\\Request))
#49 C:\\laragon\\www\\500-STAB-WOUNDS\\vendor\\laravel\\framework\\src\\Illuminate\\Foundation\\Http\\Kernel.php(175): Illuminate\\Pipeline\\Pipeline->then(Object(Closure))
#50 C:\\laragon\\www\\500-STAB-WOUNDS\\vendor\\laravel\\framework\\src\\Illuminate\\Foundation\\Http\\Kernel.php(144): Illuminate\\Foundation\\Http\\Kernel->sendRequestThroughRouter(Object(Illuminate\\Http\\Request))
#51 C:\\laragon\\www\\500-STAB-WOUNDS\\vendor\\laravel\\framework\\src\\Illuminate\\Foundation\\Application.php(1219): Illuminate\\Foundation\\Http\\Kernel->handle(Object(Illuminate\\Http\\Request))
#52 C:\\laragon\\www\\500-STAB-WOUNDS\\public\\index.php(20): Illuminate\\Foundation\\Application->handleRequest(Object(Illuminate\\Http\\Request))
#53 C:\\laragon\\www\\500-STAB-WOUNDS\\vendor\\laravel\\framework\\src\\Illuminate\\Foundation\\resources\\server.php(23): require_once('C:\\\\laragon\\\\www\\\\...')
#54 {main}
"} 
[2025-05-01 13:19:31] local.ERROR: SQLSTATE[42S22]: Column not found: 1054 Unknown column 'updated_at' in 'field list' (Connection: mysql, SQL: insert into `sale_items` (`sale_id`, `product_id`, `units_sold`, `unit_price`, `total_sales`, `month_name`, `updated_at`, `created_at`) values (1, 1, ?, ?, 22211, October, 2025-05-01 13:19:31, 2025-05-01 13:19:31)) {"exception":"[object] (Illuminate\\Database\\QueryException(code: 42S22): SQLSTATE[42S22]: Column not found: 1054 Unknown column 'updated_at' in 'field list' (Connection: mysql, SQL: insert into `sale_items` (`sale_id`, `product_id`, `units_sold`, `unit_price`, `total_sales`, `month_name`, `updated_at`, `created_at`) values (1, 1, ?, ?, 22211, October, 2025-05-01 13:19:31, 2025-05-01 13:19:31)) at C:\\laragon\\www\\500-STAB-WOUNDS\\vendor\\laravel\\framework\\src\\Illuminate\\Database\\Connection.php:822)
[stacktrace]
#0 C:\\laragon\\www\\500-STAB-WOUNDS\\vendor\\laravel\\framework\\src\\Illuminate\\Database\\Connection.php(776): Illuminate\\Database\\Connection->runQueryCallback('insert into `sa...', Array, Object(Closure))
#1 C:\\laragon\\www\\500-STAB-WOUNDS\\vendor\\laravel\\framework\\src\\Illuminate\\Database\\MySqlConnection.php(42): Illuminate\\Database\\Connection->run('insert into `sa...', Array, Object(Closure))
#2 C:\\laragon\\www\\500-STAB-WOUNDS\\vendor\\laravel\\framework\\src\\Illuminate\\Database\\Query\\Processors\\MySqlProcessor.php(35): Illuminate\\Database\\MySqlConnection->insert('insert into `sa...', Array, 'id')
#3 C:\\laragon\\www\\500-STAB-WOUNDS\\vendor\\laravel\\framework\\src\\Illuminate\\Database\\Query\\Builder.php(3779): Illuminate\\Database\\Query\\Processors\\MySqlProcessor->processInsertGetId(Object(Illuminate\\Database\\Query\\Builder), 'insert into `sa...', Array, 'id')
#4 C:\\laragon\\www\\500-STAB-WOUNDS\\vendor\\laravel\\framework\\src\\Illuminate\\Database\\Eloquent\\Builder.php(2204): Illuminate\\Database\\Query\\Builder->insertGetId(Array, 'id')
#5 C:\\laragon\\www\\500-STAB-WOUNDS\\vendor\\laravel\\framework\\src\\Illuminate\\Database\\Eloquent\\Model.php(1408): Illuminate\\Database\\Eloquent\\Builder->__call('insertGetId', Array)
#6 C:\\laragon\\www\\500-STAB-WOUNDS\\vendor\\laravel\\framework\\src\\Illuminate\\Database\\Eloquent\\Model.php(1373): Illuminate\\Database\\Eloquent\\Model->insertAndSetId(Object(Illuminate\\Database\\Eloquent\\Builder), Array)
#7 C:\\laragon\\www\\500-STAB-WOUNDS\\vendor\\laravel\\framework\\src\\Illuminate\\Database\\Eloquent\\Model.php(1212): Illuminate\\Database\\Eloquent\\Model->performInsert(Object(Illuminate\\Database\\Eloquent\\Builder))
#8 C:\\laragon\\www\\500-STAB-WOUNDS\\vendor\\laravel\\framework\\src\\Illuminate\\Database\\Eloquent\\Builder.php(1188): Illuminate\\Database\\Eloquent\\Model->save()
#9 C:\\laragon\\www\\500-STAB-WOUNDS\\vendor\\laravel\\framework\\src\\Illuminate\\Support\\helpers.php(399): Illuminate\\Database\\Eloquent\\Builder->{closure:Illuminate\\Database\\Eloquent\\Builder::create():1187}(Object(App\\Models\\SaleItem))
#10 C:\\laragon\\www\\500-STAB-WOUNDS\\vendor\\laravel\\framework\\src\\Illuminate\\Database\\Eloquent\\Builder.php(1187): tap(Object(App\\Models\\SaleItem), Object(Closure))
#11 C:\\laragon\\www\\500-STAB-WOUNDS\\vendor\\laravel\\framework\\src\\Illuminate\\Support\\Traits\\ForwardsCalls.php(23): Illuminate\\Database\\Eloquent\\Builder->create(Array)
#12 C:\\laragon\\www\\500-STAB-WOUNDS\\vendor\\laravel\\framework\\src\\Illuminate\\Database\\Eloquent\\Model.php(2449): Illuminate\\Database\\Eloquent\\Model->forwardCallTo(Object(Illuminate\\Database\\Eloquent\\Builder), 'create', Array)
#13 C:\\laragon\\www\\500-STAB-WOUNDS\\vendor\\laravel\\framework\\src\\Illuminate\\Database\\Eloquent\\Model.php(2465): Illuminate\\Database\\Eloquent\\Model->__call('create', Array)
#14 C:\\laragon\\www\\500-STAB-WOUNDS\\database\\seeders\\SalesSeeder.php(52): Illuminate\\Database\\Eloquent\\Model::__callStatic('create', Array)
#15 C:\\laragon\\www\\500-STAB-WOUNDS\\vendor\\laravel\\framework\\src\\Illuminate\\Container\\BoundMethod.php(36): Database\\Seeders\\SalesSeeder->run()
#16 C:\\laragon\\www\\500-STAB-WOUNDS\\vendor\\laravel\\framework\\src\\Illuminate\\Container\\Util.php(43): Illuminate\\Container\\BoundMethod::{closure:Illuminate\\Container\\BoundMethod::call():35}()
#17 C:\\laragon\\www\\500-STAB-WOUNDS\\vendor\\laravel\\framework\\src\\Illuminate\\Container\\BoundMethod.php(96): Illuminate\\Container\\Util::unwrapIfClosure(Object(Closure))
#18 C:\\laragon\\www\\500-STAB-WOUNDS\\vendor\\laravel\\framework\\src\\Illuminate\\Container\\BoundMethod.php(35): Illuminate\\Container\\BoundMethod::callBoundMethod(Object(Illuminate\\Foundation\\Application), Array, Object(Closure))
#19 C:\\laragon\\www\\500-STAB-WOUNDS\\vendor\\laravel\\framework\\src\\Illuminate\\Container\\Container.php(754): Illuminate\\Container\\BoundMethod::call(Object(Illuminate\\Foundation\\Application), Array, Array, NULL)
#20 C:\\laragon\\www\\500-STAB-WOUNDS\\vendor\\laravel\\framework\\src\\Illuminate\\Database\\Seeder.php(188): Illuminate\\Container\\Container->call(Array, Array)
#21 C:\\laragon\\www\\500-STAB-WOUNDS\\vendor\\laravel\\framework\\src\\Illuminate\\Database\\Seeder.php(197): Illuminate\\Database\\Seeder->{closure:Illuminate\\Database\\Seeder::__invoke():187}()
#22 C:\\laragon\\www\\500-STAB-WOUNDS\\vendor\\laravel\\framework\\src\\Illuminate\\Database\\Seeder.php(61): Illuminate\\Database\\Seeder->__invoke(Array)
#23 C:\\laragon\\www\\500-STAB-WOUNDS\\database\\seeders\\DatabaseSeeder.php(18): Illuminate\\Database\\Seeder->call('Database\\\\Seeder...')
#24 C:\\laragon\\www\\500-STAB-WOUNDS\\vendor\\laravel\\framework\\src\\Illuminate\\Container\\BoundMethod.php(36): Database\\Seeders\\DatabaseSeeder->run()
#25 C:\\laragon\\www\\500-STAB-WOUNDS\\vendor\\laravel\\framework\\src\\Illuminate\\Container\\Util.php(43): Illuminate\\Container\\BoundMethod::{closure:Illuminate\\Container\\BoundMethod::call():35}()
#26 C:\\laragon\\www\\500-STAB-WOUNDS\\vendor\\laravel\\framework\\src\\Illuminate\\Container\\BoundMethod.php(96): Illuminate\\Container\\Util::unwrapIfClosure(Object(Closure))
#27 C:\\laragon\\www\\500-STAB-WOUNDS\\vendor\\laravel\\framework\\src\\Illuminate\\Container\\BoundMethod.php(35): Illuminate\\Container\\BoundMethod::callBoundMethod(Object(Illuminate\\Foundation\\Application), Array, Object(Closure))
#28 C:\\laragon\\www\\500-STAB-WOUNDS\\vendor\\laravel\\framework\\src\\Illuminate\\Container\\Container.php(754): Illuminate\\Container\\BoundMethod::call(Object(Illuminate\\Foundation\\Application), Array, Array, NULL)
#29 C:\\laragon\\www\\500-STAB-WOUNDS\\vendor\\laravel\\framework\\src\\Illuminate\\Database\\Seeder.php(188): Illuminate\\Container\\Container->call(Array, Array)
#30 C:\\laragon\\www\\500-STAB-WOUNDS\\vendor\\laravel\\framework\\src\\Illuminate\\Database\\Seeder.php(197): Illuminate\\Database\\Seeder->{closure:Illuminate\\Database\\Seeder::__invoke():187}()
#31 C:\\laragon\\www\\500-STAB-WOUNDS\\vendor\\laravel\\framework\\src\\Illuminate\\Database\\Console\\Seeds\\SeedCommand.php(71): Illuminate\\Database\\Seeder->__invoke()
#32 C:\\laragon\\www\\500-STAB-WOUNDS\\vendor\\laravel\\framework\\src\\Illuminate\\Database\\Eloquent\\Concerns\\GuardsAttributes.php(155): Illuminate\\Database\\Console\\Seeds\\SeedCommand->{closure:Illuminate\\Database\\Console\\Seeds\\SeedCommand::handle():70}()
#33 C:\\laragon\\www\\500-STAB-WOUNDS\\vendor\\laravel\\framework\\src\\Illuminate\\Database\\Console\\Seeds\\SeedCommand.php(70): Illuminate\\Database\\Eloquent\\Model::unguarded(Object(Closure))
#34 C:\\laragon\\www\\500-STAB-WOUNDS\\vendor\\laravel\\framework\\src\\Illuminate\\Container\\BoundMethod.php(36): Illuminate\\Database\\Console\\Seeds\\SeedCommand->handle()
#35 C:\\laragon\\www\\500-STAB-WOUNDS\\vendor\\laravel\\framework\\src\\Illuminate\\Container\\Util.php(43): Illuminate\\Container\\BoundMethod::{closure:Illuminate\\Container\\BoundMethod::call():35}()
#36 C:\\laragon\\www\\500-STAB-WOUNDS\\vendor\\laravel\\framework\\src\\Illuminate\\Container\\BoundMethod.php(96): Illuminate\\Container\\Util::unwrapIfClosure(Object(Closure))
#37 C:\\laragon\\www\\500-STAB-WOUNDS\\vendor\\laravel\\framework\\src\\Illuminate\\Container\\BoundMethod.php(35): Illuminate\\Container\\BoundMethod::callBoundMethod(Object(Illuminate\\Foundation\\Application), Array, Object(Closure))
#38 C:\\laragon\\www\\500-STAB-WOUNDS\\vendor\\laravel\\framework\\src\\Illuminate\\Container\\Container.php(754): Illuminate\\Container\\BoundMethod::call(Object(Illuminate\\Foundation\\Application), Array, Array, NULL)
#39 C:\\laragon\\www\\500-STAB-WOUNDS\\vendor\\laravel\\framework\\src\\Illuminate\\Console\\Command.php(211): Illuminate\\Container\\Container->call(Array)
#40 C:\\laragon\\www\\500-STAB-WOUNDS\\vendor\\symfony\\console\\Command\\Command.php(279): Illuminate\\Console\\Command->execute(Object(Symfony\\Component\\Console\\Input\\ArrayInput), Object(Illuminate\\Console\\OutputStyle))
#41 C:\\laragon\\www\\500-STAB-WOUNDS\\vendor\\laravel\\framework\\src\\Illuminate\\Console\\Command.php(180): Symfony\\Component\\Console\\Command\\Command->run(Object(Symfony\\Component\\Console\\Input\\ArrayInput), Object(Illuminate\\Console\\OutputStyle))
#42 C:\\laragon\\www\\500-STAB-WOUNDS\\vendor\\laravel\\framework\\src\\Illuminate\\Console\\Concerns\\CallsCommands.php(68): Illuminate\\Console\\Command->run(Object(Symfony\\Component\\Console\\Input\\ArrayInput), Object(Illuminate\\Console\\OutputStyle))
#43 C:\\laragon\\www\\500-STAB-WOUNDS\\vendor\\laravel\\framework\\src\\Illuminate\\Console\\Concerns\\CallsCommands.php(29): Illuminate\\Console\\Command->runCommand('db:seed', Array, Object(Illuminate\\Console\\OutputStyle))
#44 C:\\laragon\\www\\500-STAB-WOUNDS\\vendor\\laravel\\framework\\src\\Illuminate\\Database\\Console\\Migrations\\FreshCommand.php(121): Illuminate\\Console\\Command->call('db:seed', Array)
#45 C:\\laragon\\www\\500-STAB-WOUNDS\\vendor\\laravel\\framework\\src\\Illuminate\\Database\\Console\\Migrations\\FreshCommand.php(97): Illuminate\\Database\\Console\\Migrations\\FreshCommand->runSeeder(NULL)
#46 C:\\laragon\\www\\500-STAB-WOUNDS\\vendor\\laravel\\framework\\src\\Illuminate\\Container\\BoundMethod.php(36): Illuminate\\Database\\Console\\Migrations\\FreshCommand->handle()
#47 C:\\laragon\\www\\500-STAB-WOUNDS\\vendor\\laravel\\framework\\src\\Illuminate\\Container\\Util.php(43): Illuminate\\Container\\BoundMethod::{closure:Illuminate\\Container\\BoundMethod::call():35}()
#48 C:\\laragon\\www\\500-STAB-WOUNDS\\vendor\\laravel\\framework\\src\\Illuminate\\Container\\BoundMethod.php(96): Illuminate\\Container\\Util::unwrapIfClosure(Object(Closure))
#49 C:\\laragon\\www\\500-STAB-WOUNDS\\vendor\\laravel\\framework\\src\\Illuminate\\Container\\BoundMethod.php(35): Illuminate\\Container\\BoundMethod::callBoundMethod(Object(Illuminate\\Foundation\\Application), Array, Object(Closure))
#50 C:\\laragon\\www\\500-STAB-WOUNDS\\vendor\\laravel\\framework\\src\\Illuminate\\Container\\Container.php(754): Illuminate\\Container\\BoundMethod::call(Object(Illuminate\\Foundation\\Application), Array, Array, NULL)
#51 C:\\laragon\\www\\500-STAB-WOUNDS\\vendor\\laravel\\framework\\src\\Illuminate\\Console\\Command.php(211): Illuminate\\Container\\Container->call(Array)
#52 C:\\laragon\\www\\500-STAB-WOUNDS\\vendor\\symfony\\console\\Command\\Command.php(279): Illuminate\\Console\\Command->execute(Object(Symfony\\Component\\Console\\Input\\ArgvInput), Object(Illuminate\\Console\\OutputStyle))
#53 C:\\laragon\\www\\500-STAB-WOUNDS\\vendor\\laravel\\framework\\src\\Illuminate\\Console\\Command.php(180): Symfony\\Component\\Console\\Command\\Command->run(Object(Symfony\\Component\\Console\\Input\\ArgvInput), Object(Illuminate\\Console\\OutputStyle))
#54 C:\\laragon\\www\\500-STAB-WOUNDS\\vendor\\symfony\\console\\Application.php(1094): Illuminate\\Console\\Command->run(Object(Symfony\\Component\\Console\\Input\\ArgvInput), Object(Symfony\\Component\\Console\\Output\\ConsoleOutput))
#55 C:\\laragon\\www\\500-STAB-WOUNDS\\vendor\\symfony\\console\\Application.php(342): Symfony\\Component\\Console\\Application->doRunCommand(Object(Illuminate\\Database\\Console\\Migrations\\FreshCommand), Object(Symfony\\Component\\Console\\Input\\ArgvInput), Object(Symfony\\Component\\Console\\Output\\ConsoleOutput))
#56 C:\\laragon\\www\\500-STAB-WOUNDS\\vendor\\symfony\\console\\Application.php(193): Symfony\\Component\\Console\\Application->doRun(Object(Symfony\\Component\\Console\\Input\\ArgvInput), Object(Symfony\\Component\\Console\\Output\\ConsoleOutput))
#57 C:\\laragon\\www\\500-STAB-WOUNDS\\vendor\\laravel\\framework\\src\\Illuminate\\Foundation\\Console\\Kernel.php(197): Symfony\\Component\\Console\\Application->run(Object(Symfony\\Component\\Console\\Input\\ArgvInput), Object(Symfony\\Component\\Console\\Output\\ConsoleOutput))
#58 C:\\laragon\\www\\500-STAB-WOUNDS\\vendor\\laravel\\framework\\src\\Illuminate\\Foundation\\Application.php(1234): Illuminate\\Foundation\\Console\\Kernel->handle(Object(Symfony\\Component\\Console\\Input\\ArgvInput), Object(Symfony\\Component\\Console\\Output\\ConsoleOutput))
#59 C:\\laragon\\www\\500-STAB-WOUNDS\\artisan(16): Illuminate\\Foundation\\Application->handleCommand(Object(Symfony\\Component\\Console\\Input\\ArgvInput))
#60 {main}

[previous exception] [object] (PDOException(code: 42S22): SQLSTATE[42S22]: Column not found: 1054 Unknown column 'updated_at' in 'field list' at C:\\laragon\\www\\500-STAB-WOUNDS\\vendor\\laravel\\framework\\src\\Illuminate\\Database\\MySqlConnection.php:47)
[stacktrace]
#0 C:\\laragon\\www\\500-STAB-WOUNDS\\vendor\\laravel\\framework\\src\\Illuminate\\Database\\MySqlConnection.php(47): PDO->prepare('insert into `sa...')
#1 C:\\laragon\\www\\500-STAB-WOUNDS\\vendor\\laravel\\framework\\src\\Illuminate\\Database\\Connection.php(809): Illuminate\\Database\\MySqlConnection->{closure:Illuminate\\Database\\MySqlConnection::insert():42}('insert into `sa...', Array)
#2 C:\\laragon\\www\\500-STAB-WOUNDS\\vendor\\laravel\\framework\\src\\Illuminate\\Database\\Connection.php(776): Illuminate\\Database\\Connection->runQueryCallback('insert into `sa...', Array, Object(Closure))
#3 C:\\laragon\\www\\500-STAB-WOUNDS\\vendor\\laravel\\framework\\src\\Illuminate\\Database\\MySqlConnection.php(42): Illuminate\\Database\\Connection->run('insert into `sa...', Array, Object(Closure))
#4 C:\\laragon\\www\\500-STAB-WOUNDS\\vendor\\laravel\\framework\\src\\Illuminate\\Database\\Query\\Processors\\MySqlProcessor.php(35): Illuminate\\Database\\MySqlConnection->insert('insert into `sa...', Array, 'id')
#5 C:\\laragon\\www\\500-STAB-WOUNDS\\vendor\\laravel\\framework\\src\\Illuminate\\Database\\Query\\Builder.php(3779): Illuminate\\Database\\Query\\Processors\\MySqlProcessor->processInsertGetId(Object(Illuminate\\Database\\Query\\Builder), 'insert into `sa...', Array, 'id')
#6 C:\\laragon\\www\\500-STAB-WOUNDS\\vendor\\laravel\\framework\\src\\Illuminate\\Database\\Eloquent\\Builder.php(2204): Illuminate\\Database\\Query\\Builder->insertGetId(Array, 'id')
#7 C:\\laragon\\www\\500-STAB-WOUNDS\\vendor\\laravel\\framework\\src\\Illuminate\\Database\\Eloquent\\Model.php(1408): Illuminate\\Database\\Eloquent\\Builder->__call('insertGetId', Array)
#8 C:\\laragon\\www\\500-STAB-WOUNDS\\vendor\\laravel\\framework\\src\\Illuminate\\Database\\Eloquent\\Model.php(1373): Illuminate\\Database\\Eloquent\\Model->insertAndSetId(Object(Illuminate\\Database\\Eloquent\\Builder), Array)
#9 C:\\laragon\\www\\500-STAB-WOUNDS\\vendor\\laravel\\framework\\src\\Illuminate\\Database\\Eloquent\\Model.php(1212): Illuminate\\Database\\Eloquent\\Model->performInsert(Object(Illuminate\\Database\\Eloquent\\Builder))
#10 C:\\laragon\\www\\500-STAB-WOUNDS\\vendor\\laravel\\framework\\src\\Illuminate\\Database\\Eloquent\\Builder.php(1188): Illuminate\\Database\\Eloquent\\Model->save()
#11 C:\\laragon\\www\\500-STAB-WOUNDS\\vendor\\laravel\\framework\\src\\Illuminate\\Support\\helpers.php(399): Illuminate\\Database\\Eloquent\\Builder->{closure:Illuminate\\Database\\Eloquent\\Builder::create():1187}(Object(App\\Models\\SaleItem))
#12 C:\\laragon\\www\\500-STAB-WOUNDS\\vendor\\laravel\\framework\\src\\Illuminate\\Database\\Eloquent\\Builder.php(1187): tap(Object(App\\Models\\SaleItem), Object(Closure))
#13 C:\\laragon\\www\\500-STAB-WOUNDS\\vendor\\laravel\\framework\\src\\Illuminate\\Support\\Traits\\ForwardsCalls.php(23): Illuminate\\Database\\Eloquent\\Builder->create(Array)
#14 C:\\laragon\\www\\500-STAB-WOUNDS\\vendor\\laravel\\framework\\src\\Illuminate\\Database\\Eloquent\\Model.php(2449): Illuminate\\Database\\Eloquent\\Model->forwardCallTo(Object(Illuminate\\Database\\Eloquent\\Builder), 'create', Array)
#15 C:\\laragon\\www\\500-STAB-WOUNDS\\vendor\\laravel\\framework\\src\\Illuminate\\Database\\Eloquent\\Model.php(2465): Illuminate\\Database\\Eloquent\\Model->__call('create', Array)
#16 C:\\laragon\\www\\500-STAB-WOUNDS\\database\\seeders\\SalesSeeder.php(52): Illuminate\\Database\\Eloquent\\Model::__callStatic('create', Array)
#17 C:\\laragon\\www\\500-STAB-WOUNDS\\vendor\\laravel\\framework\\src\\Illuminate\\Container\\BoundMethod.php(36): Database\\Seeders\\SalesSeeder->run()
#18 C:\\laragon\\www\\500-STAB-WOUNDS\\vendor\\laravel\\framework\\src\\Illuminate\\Container\\Util.php(43): Illuminate\\Container\\BoundMethod::{closure:Illuminate\\Container\\BoundMethod::call():35}()
#19 C:\\laragon\\www\\500-STAB-WOUNDS\\vendor\\laravel\\framework\\src\\Illuminate\\Container\\BoundMethod.php(96): Illuminate\\Container\\Util::unwrapIfClosure(Object(Closure))
#20 C:\\laragon\\www\\500-STAB-WOUNDS\\vendor\\laravel\\framework\\src\\Illuminate\\Container\\BoundMethod.php(35): Illuminate\\Container\\BoundMethod::callBoundMethod(Object(Illuminate\\Foundation\\Application), Array, Object(Closure))
#21 C:\\laragon\\www\\500-STAB-WOUNDS\\vendor\\laravel\\framework\\src\\Illuminate\\Container\\Container.php(754): Illuminate\\Container\\BoundMethod::call(Object(Illuminate\\Foundation\\Application), Array, Array, NULL)
#22 C:\\laragon\\www\\500-STAB-WOUNDS\\vendor\\laravel\\framework\\src\\Illuminate\\Database\\Seeder.php(188): Illuminate\\Container\\Container->call(Array, Array)
#23 C:\\laragon\\www\\500-STAB-WOUNDS\\vendor\\laravel\\framework\\src\\Illuminate\\Database\\Seeder.php(197): Illuminate\\Database\\Seeder->{closure:Illuminate\\Database\\Seeder::__invoke():187}()
#24 C:\\laragon\\www\\500-STAB-WOUNDS\\vendor\\laravel\\framework\\src\\Illuminate\\Database\\Seeder.php(61): Illuminate\\Database\\Seeder->__invoke(Array)
#25 C:\\laragon\\www\\500-STAB-WOUNDS\\database\\seeders\\DatabaseSeeder.php(18): Illuminate\\Database\\Seeder->call('Database\\\\Seeder...')
#26 C:\\laragon\\www\\500-STAB-WOUNDS\\vendor\\laravel\\framework\\src\\Illuminate\\Container\\BoundMethod.php(36): Database\\Seeders\\DatabaseSeeder->run()
#27 C:\\laragon\\www\\500-STAB-WOUNDS\\vendor\\laravel\\framework\\src\\Illuminate\\Container\\Util.php(43): Illuminate\\Container\\BoundMethod::{closure:Illuminate\\Container\\BoundMethod::call():35}()
#28 C:\\laragon\\www\\500-STAB-WOUNDS\\vendor\\laravel\\framework\\src\\Illuminate\\Container\\BoundMethod.php(96): Illuminate\\Container\\Util::unwrapIfClosure(Object(Closure))
#29 C:\\laragon\\www\\500-STAB-WOUNDS\\vendor\\laravel\\framework\\src\\Illuminate\\Container\\BoundMethod.php(35): Illuminate\\Container\\BoundMethod::callBoundMethod(Object(Illuminate\\Foundation\\Application), Array, Object(Closure))
#30 C:\\laragon\\www\\500-STAB-WOUNDS\\vendor\\laravel\\framework\\src\\Illuminate\\Container\\Container.php(754): Illuminate\\Container\\BoundMethod::call(Object(Illuminate\\Foundation\\Application), Array, Array, NULL)
#31 C:\\laragon\\www\\500-STAB-WOUNDS\\vendor\\laravel\\framework\\src\\Illuminate\\Database\\Seeder.php(188): Illuminate\\Container\\Container->call(Array, Array)
#32 C:\\laragon\\www\\500-STAB-WOUNDS\\vendor\\laravel\\framework\\src\\Illuminate\\Database\\Seeder.php(197): Illuminate\\Database\\Seeder->{closure:Illuminate\\Database\\Seeder::__invoke():187}()
#33 C:\\laragon\\www\\500-STAB-WOUNDS\\vendor\\laravel\\framework\\src\\Illuminate\\Database\\Console\\Seeds\\SeedCommand.php(71): Illuminate\\Database\\Seeder->__invoke()
#34 C:\\laragon\\www\\500-STAB-WOUNDS\\vendor\\laravel\\framework\\src\\Illuminate\\Database\\Eloquent\\Concerns\\GuardsAttributes.php(155): Illuminate\\Database\\Console\\Seeds\\SeedCommand->{closure:Illuminate\\Database\\Console\\Seeds\\SeedCommand::handle():70}()
#35 C:\\laragon\\www\\500-STAB-WOUNDS\\vendor\\laravel\\framework\\src\\Illuminate\\Database\\Console\\Seeds\\SeedCommand.php(70): Illuminate\\Database\\Eloquent\\Model::unguarded(Object(Closure))
#36 C:\\laragon\\www\\500-STAB-WOUNDS\\vendor\\laravel\\framework\\src\\Illuminate\\Container\\BoundMethod.php(36): Illuminate\\Database\\Console\\Seeds\\SeedCommand->handle()
#37 C:\\laragon\\www\\500-STAB-WOUNDS\\vendor\\laravel\\framework\\src\\Illuminate\\Container\\Util.php(43): Illuminate\\Container\\BoundMethod::{closure:Illuminate\\Container\\BoundMethod::call():35}()
#38 C:\\laragon\\www\\500-STAB-WOUNDS\\vendor\\laravel\\framework\\src\\Illuminate\\Container\\BoundMethod.php(96): Illuminate\\Container\\Util::unwrapIfClosure(Object(Closure))
#39 C:\\laragon\\www\\500-STAB-WOUNDS\\vendor\\laravel\\framework\\src\\Illuminate\\Container\\BoundMethod.php(35): Illuminate\\Container\\BoundMethod::callBoundMethod(Object(Illuminate\\Foundation\\Application), Array, Object(Closure))
#40 C:\\laragon\\www\\500-STAB-WOUNDS\\vendor\\laravel\\framework\\src\\Illuminate\\Container\\Container.php(754): Illuminate\\Container\\BoundMethod::call(Object(Illuminate\\Foundation\\Application), Array, Array, NULL)
#41 C:\\laragon\\www\\500-STAB-WOUNDS\\vendor\\laravel\\framework\\src\\Illuminate\\Console\\Command.php(211): Illuminate\\Container\\Container->call(Array)
#42 C:\\laragon\\www\\500-STAB-WOUNDS\\vendor\\symfony\\console\\Command\\Command.php(279): Illuminate\\Console\\Command->execute(Object(Symfony\\Component\\Console\\Input\\ArrayInput), Object(Illuminate\\Console\\OutputStyle))
#43 C:\\laragon\\www\\500-STAB-WOUNDS\\vendor\\laravel\\framework\\src\\Illuminate\\Console\\Command.php(180): Symfony\\Component\\Console\\Command\\Command->run(Object(Symfony\\Component\\Console\\Input\\ArrayInput), Object(Illuminate\\Console\\OutputStyle))
#44 C:\\laragon\\www\\500-STAB-WOUNDS\\vendor\\laravel\\framework\\src\\Illuminate\\Console\\Concerns\\CallsCommands.php(68): Illuminate\\Console\\Command->run(Object(Symfony\\Component\\Console\\Input\\ArrayInput), Object(Illuminate\\Console\\OutputStyle))
#45 C:\\laragon\\www\\500-STAB-WOUNDS\\vendor\\laravel\\framework\\src\\Illuminate\\Console\\Concerns\\CallsCommands.php(29): Illuminate\\Console\\Command->runCommand('db:seed', Array, Object(Illuminate\\Console\\OutputStyle))
#46 C:\\laragon\\www\\500-STAB-WOUNDS\\vendor\\laravel\\framework\\src\\Illuminate\\Database\\Console\\Migrations\\FreshCommand.php(121): Illuminate\\Console\\Command->call('db:seed', Array)
#47 C:\\laragon\\www\\500-STAB-WOUNDS\\vendor\\laravel\\framework\\src\\Illuminate\\Database\\Console\\Migrations\\FreshCommand.php(97): Illuminate\\Database\\Console\\Migrations\\FreshCommand->runSeeder(NULL)
#48 C:\\laragon\\www\\500-STAB-WOUNDS\\vendor\\laravel\\framework\\src\\Illuminate\\Container\\BoundMethod.php(36): Illuminate\\Database\\Console\\Migrations\\FreshCommand->handle()
#49 C:\\laragon\\www\\500-STAB-WOUNDS\\vendor\\laravel\\framework\\src\\Illuminate\\Container\\Util.php(43): Illuminate\\Container\\BoundMethod::{closure:Illuminate\\Container\\BoundMethod::call():35}()
#50 C:\\laragon\\www\\500-STAB-WOUNDS\\vendor\\laravel\\framework\\src\\Illuminate\\Container\\BoundMethod.php(96): Illuminate\\Container\\Util::unwrapIfClosure(Object(Closure))
#51 C:\\laragon\\www\\500-STAB-WOUNDS\\vendor\\laravel\\framework\\src\\Illuminate\\Container\\BoundMethod.php(35): Illuminate\\Container\\BoundMethod::callBoundMethod(Object(Illuminate\\Foundation\\Application), Array, Object(Closure))
#52 C:\\laragon\\www\\500-STAB-WOUNDS\\vendor\\laravel\\framework\\src\\Illuminate\\Container\\Container.php(754): Illuminate\\Container\\BoundMethod::call(Object(Illuminate\\Foundation\\Application), Array, Array, NULL)
#53 C:\\laragon\\www\\500-STAB-WOUNDS\\vendor\\laravel\\framework\\src\\Illuminate\\Console\\Command.php(211): Illuminate\\Container\\Container->call(Array)
#54 C:\\laragon\\www\\500-STAB-WOUNDS\\vendor\\symfony\\console\\Command\\Command.php(279): Illuminate\\Console\\Command->execute(Object(Symfony\\Component\\Console\\Input\\ArgvInput), Object(Illuminate\\Console\\OutputStyle))
#55 C:\\laragon\\www\\500-STAB-WOUNDS\\vendor\\laravel\\framework\\src\\Illuminate\\Console\\Command.php(180): Symfony\\Component\\Console\\Command\\Command->run(Object(Symfony\\Component\\Console\\Input\\ArgvInput), Object(Illuminate\\Console\\OutputStyle))
#56 C:\\laragon\\www\\500-STAB-WOUNDS\\vendor\\symfony\\console\\Application.php(1094): Illuminate\\Console\\Command->run(Object(Symfony\\Component\\Console\\Input\\ArgvInput), Object(Symfony\\Component\\Console\\Output\\ConsoleOutput))
#57 C:\\laragon\\www\\500-STAB-WOUNDS\\vendor\\symfony\\console\\Application.php(342): Symfony\\Component\\Console\\Application->doRunCommand(Object(Illuminate\\Database\\Console\\Migrations\\FreshCommand), Object(Symfony\\Component\\Console\\Input\\ArgvInput), Object(Symfony\\Component\\Console\\Output\\ConsoleOutput))
#58 C:\\laragon\\www\\500-STAB-WOUNDS\\vendor\\symfony\\console\\Application.php(193): Symfony\\Component\\Console\\Application->doRun(Object(Symfony\\Component\\Console\\Input\\ArgvInput), Object(Symfony\\Component\\Console\\Output\\ConsoleOutput))
#59 C:\\laragon\\www\\500-STAB-WOUNDS\\vendor\\laravel\\framework\\src\\Illuminate\\Foundation\\Console\\Kernel.php(197): Symfony\\Component\\Console\\Application->run(Object(Symfony\\Component\\Console\\Input\\ArgvInput), Object(Symfony\\Component\\Console\\Output\\ConsoleOutput))
#60 C:\\laragon\\www\\500-STAB-WOUNDS\\vendor\\laravel\\framework\\src\\Illuminate\\Foundation\\Application.php(1234): Illuminate\\Foundation\\Console\\Kernel->handle(Object(Symfony\\Component\\Console\\Input\\ArgvInput), Object(Symfony\\Component\\Console\\Output\\ConsoleOutput))
#61 C:\\laragon\\www\\500-STAB-WOUNDS\\artisan(16): Illuminate\\Foundation\\Application->handleCommand(Object(Symfony\\Component\\Console\\Input\\ArgvInput))
#62 {main}
"} 
[2025-05-01 13:20:16] local.ERROR: Class "App\Models\OrderItem" not found {"exception":"[object] (Error(code: 0): Class \"App\\Models\\OrderItem\" not found at C:\\laragon\\www\\500-STAB-WOUNDS\\app\\Http\\Controllers\\DashboardController.php:12)
[stacktrace]
#0 C:\\laragon\\www\\500-STAB-WOUNDS\\vendor\\laravel\\framework\\src\\Illuminate\\Routing\\ControllerDispatcher.php(46): App\\Http\\Controllers\\DashboardController->index()
#1 C:\\laragon\\www\\500-STAB-WOUNDS\\vendor\\laravel\\framework\\src\\Illuminate\\Routing\\Route.php(265): Illuminate\\Routing\\ControllerDispatcher->dispatch(Object(Illuminate\\Routing\\Route), Object(App\\Http\\Controllers\\DashboardController), 'index')
#2 C:\\laragon\\www\\500-STAB-WOUNDS\\vendor\\laravel\\framework\\src\\Illuminate\\Routing\\Route.php(211): Illuminate\\Routing\\Route->runController()
#3 C:\\laragon\\www\\500-STAB-WOUNDS\\vendor\\laravel\\framework\\src\\Illuminate\\Routing\\Router.php(808): Illuminate\\Routing\\Route->run()
#4 C:\\laragon\\www\\500-STAB-WOUNDS\\vendor\\laravel\\framework\\src\\Illuminate\\Pipeline\\Pipeline.php(169): Illuminate\\Routing\\Router->{closure:Illuminate\\Routing\\Router::runRouteWithinStack():807}(Object(Illuminate\\Http\\Request))
#5 C:\\laragon\\www\\500-STAB-WOUNDS\\vendor\\laravel\\framework\\src\\Illuminate\\Routing\\Middleware\\SubstituteBindings.php(50): Illuminate\\Pipeline\\Pipeline->{closure:Illuminate\\Pipeline\\Pipeline::prepareDestination():167}(Object(Illuminate\\Http\\Request))
#6 C:\\laragon\\www\\500-STAB-WOUNDS\\vendor\\laravel\\framework\\src\\Illuminate\\Pipeline\\Pipeline.php(208): Illuminate\\Routing\\Middleware\\SubstituteBindings->handle(Object(Illuminate\\Http\\Request), Object(Closure))
#7 C:\\laragon\\www\\500-STAB-WOUNDS\\vendor\\laravel\\framework\\src\\Illuminate\\Foundation\\Http\\Middleware\\VerifyCsrfToken.php(87): Illuminate\\Pipeline\\Pipeline->{closure:{closure:Illuminate\\Pipeline\\Pipeline::carry():183}:184}(Object(Illuminate\\Http\\Request))
#8 C:\\laragon\\www\\500-STAB-WOUNDS\\vendor\\laravel\\framework\\src\\Illuminate\\Pipeline\\Pipeline.php(208): Illuminate\\Foundation\\Http\\Middleware\\VerifyCsrfToken->handle(Object(Illuminate\\Http\\Request), Object(Closure))
#9 C:\\laragon\\www\\500-STAB-WOUNDS\\vendor\\laravel\\framework\\src\\Illuminate\\View\\Middleware\\ShareErrorsFromSession.php(48): Illuminate\\Pipeline\\Pipeline->{closure:{closure:Illuminate\\Pipeline\\Pipeline::carry():183}:184}(Object(Illuminate\\Http\\Request))
#10 C:\\laragon\\www\\500-STAB-WOUNDS\\vendor\\laravel\\framework\\src\\Illuminate\\Pipeline\\Pipeline.php(208): Illuminate\\View\\Middleware\\ShareErrorsFromSession->handle(Object(Illuminate\\Http\\Request), Object(Closure))
#11 C:\\laragon\\www\\500-STAB-WOUNDS\\vendor\\laravel\\framework\\src\\Illuminate\\Session\\Middleware\\StartSession.php(120): Illuminate\\Pipeline\\Pipeline->{closure:{closure:Illuminate\\Pipeline\\Pipeline::carry():183}:184}(Object(Illuminate\\Http\\Request))
#12 C:\\laragon\\www\\500-STAB-WOUNDS\\vendor\\laravel\\framework\\src\\Illuminate\\Session\\Middleware\\StartSession.php(63): Illuminate\\Session\\Middleware\\StartSession->handleStatefulRequest(Object(Illuminate\\Http\\Request), Object(Illuminate\\Session\\Store), Object(Closure))
#13 C:\\laragon\\www\\500-STAB-WOUNDS\\vendor\\laravel\\framework\\src\\Illuminate\\Pipeline\\Pipeline.php(208): Illuminate\\Session\\Middleware\\StartSession->handle(Object(Illuminate\\Http\\Request), Object(Closure))
#14 C:\\laragon\\www\\500-STAB-WOUNDS\\vendor\\laravel\\framework\\src\\Illuminate\\Cookie\\Middleware\\AddQueuedCookiesToResponse.php(36): Illuminate\\Pipeline\\Pipeline->{closure:{closure:Illuminate\\Pipeline\\Pipeline::carry():183}:184}(Object(Illuminate\\Http\\Request))
#15 C:\\laragon\\www\\500-STAB-WOUNDS\\vendor\\laravel\\framework\\src\\Illuminate\\Pipeline\\Pipeline.php(208): Illuminate\\Cookie\\Middleware\\AddQueuedCookiesToResponse->handle(Object(Illuminate\\Http\\Request), Object(Closure))
#16 C:\\laragon\\www\\500-STAB-WOUNDS\\vendor\\laravel\\framework\\src\\Illuminate\\Cookie\\Middleware\\EncryptCookies.php(74): Illuminate\\Pipeline\\Pipeline->{closure:{closure:Illuminate\\Pipeline\\Pipeline::carry():183}:184}(Object(Illuminate\\Http\\Request))
#17 C:\\laragon\\www\\500-STAB-WOUNDS\\vendor\\laravel\\framework\\src\\Illuminate\\Pipeline\\Pipeline.php(208): Illuminate\\Cookie\\Middleware\\EncryptCookies->handle(Object(Illuminate\\Http\\Request), Object(Closure))
#18 C:\\laragon\\www\\500-STAB-WOUNDS\\vendor\\laravel\\framework\\src\\Illuminate\\Pipeline\\Pipeline.php(126): Illuminate\\Pipeline\\Pipeline->{closure:{closure:Illuminate\\Pipeline\\Pipeline::carry():183}:184}(Object(Illuminate\\Http\\Request))
#19 C:\\laragon\\www\\500-STAB-WOUNDS\\vendor\\laravel\\framework\\src\\Illuminate\\Routing\\Router.php(807): Illuminate\\Pipeline\\Pipeline->then(Object(Closure))
#20 C:\\laragon\\www\\500-STAB-WOUNDS\\vendor\\laravel\\framework\\src\\Illuminate\\Routing\\Router.php(786): Illuminate\\Routing\\Router->runRouteWithinStack(Object(Illuminate\\Routing\\Route), Object(Illuminate\\Http\\Request))
#21 C:\\laragon\\www\\500-STAB-WOUNDS\\vendor\\laravel\\framework\\src\\Illuminate\\Routing\\Router.php(750): Illuminate\\Routing\\Router->runRoute(Object(Illuminate\\Http\\Request), Object(Illuminate\\Routing\\Route))
#22 C:\\laragon\\www\\500-STAB-WOUNDS\\vendor\\laravel\\framework\\src\\Illuminate\\Routing\\Router.php(739): Illuminate\\Routing\\Router->dispatchToRoute(Object(Illuminate\\Http\\Request))
#23 C:\\laragon\\www\\500-STAB-WOUNDS\\vendor\\laravel\\framework\\src\\Illuminate\\Foundation\\Http\\Kernel.php(200): Illuminate\\Routing\\Router->dispatch(Object(Illuminate\\Http\\Request))
#24 C:\\laragon\\www\\500-STAB-WOUNDS\\vendor\\laravel\\framework\\src\\Illuminate\\Pipeline\\Pipeline.php(169): Illuminate\\Foundation\\Http\\Kernel->{closure:Illuminate\\Foundation\\Http\\Kernel::dispatchToRouter():197}(Object(Illuminate\\Http\\Request))
#25 C:\\laragon\\www\\500-STAB-WOUNDS\\vendor\\laravel\\framework\\src\\Illuminate\\Foundation\\Http\\Middleware\\TransformsRequest.php(21): Illuminate\\Pipeline\\Pipeline->{closure:Illuminate\\Pipeline\\Pipeline::prepareDestination():167}(Object(Illuminate\\Http\\Request))
#26 C:\\laragon\\www\\500-STAB-WOUNDS\\vendor\\laravel\\framework\\src\\Illuminate\\Foundation\\Http\\Middleware\\ConvertEmptyStringsToNull.php(31): Illuminate\\Foundation\\Http\\Middleware\\TransformsRequest->handle(Object(Illuminate\\Http\\Request), Object(Closure))
#27 C:\\laragon\\www\\500-STAB-WOUNDS\\vendor\\laravel\\framework\\src\\Illuminate\\Pipeline\\Pipeline.php(208): Illuminate\\Foundation\\Http\\Middleware\\ConvertEmptyStringsToNull->handle(Object(Illuminate\\Http\\Request), Object(Closure))
#28 C:\\laragon\\www\\500-STAB-WOUNDS\\vendor\\laravel\\framework\\src\\Illuminate\\Foundation\\Http\\Middleware\\TransformsRequest.php(21): Illuminate\\Pipeline\\Pipeline->{closure:{closure:Illuminate\\Pipeline\\Pipeline::carry():183}:184}(Object(Illuminate\\Http\\Request))
#29 C:\\laragon\\www\\500-STAB-WOUNDS\\vendor\\laravel\\framework\\src\\Illuminate\\Foundation\\Http\\Middleware\\TrimStrings.php(51): Illuminate\\Foundation\\Http\\Middleware\\TransformsRequest->handle(Object(Illuminate\\Http\\Request), Object(Closure))
#30 C:\\laragon\\www\\500-STAB-WOUNDS\\vendor\\laravel\\framework\\src\\Illuminate\\Pipeline\\Pipeline.php(208): Illuminate\\Foundation\\Http\\Middleware\\TrimStrings->handle(Object(Illuminate\\Http\\Request), Object(Closure))
#31 C:\\laragon\\www\\500-STAB-WOUNDS\\vendor\\laravel\\framework\\src\\Illuminate\\Http\\Middleware\\ValidatePostSize.php(27): Illuminate\\Pipeline\\Pipeline->{closure:{closure:Illuminate\\Pipeline\\Pipeline::carry():183}:184}(Object(Illuminate\\Http\\Request))
#32 C:\\laragon\\www\\500-STAB-WOUNDS\\vendor\\laravel\\framework\\src\\Illuminate\\Pipeline\\Pipeline.php(208): Illuminate\\Http\\Middleware\\ValidatePostSize->handle(Object(Illuminate\\Http\\Request), Object(Closure))
#33 C:\\laragon\\www\\500-STAB-WOUNDS\\vendor\\laravel\\framework\\src\\Illuminate\\Foundation\\Http\\Middleware\\PreventRequestsDuringMaintenance.php(109): Illuminate\\Pipeline\\Pipeline->{closure:{closure:Illuminate\\Pipeline\\Pipeline::carry():183}:184}(Object(Illuminate\\Http\\Request))
#34 C:\\laragon\\www\\500-STAB-WOUNDS\\vendor\\laravel\\framework\\src\\Illuminate\\Pipeline\\Pipeline.php(208): Illuminate\\Foundation\\Http\\Middleware\\PreventRequestsDuringMaintenance->handle(Object(Illuminate\\Http\\Request), Object(Closure))
#35 C:\\laragon\\www\\500-STAB-WOUNDS\\vendor\\laravel\\framework\\src\\Illuminate\\Http\\Middleware\\HandleCors.php(48): Illuminate\\Pipeline\\Pipeline->{closure:{closure:Illuminate\\Pipeline\\Pipeline::carry():183}:184}(Object(Illuminate\\Http\\Request))
#36 C:\\laragon\\www\\500-STAB-WOUNDS\\vendor\\laravel\\framework\\src\\Illuminate\\Pipeline\\Pipeline.php(208): Illuminate\\Http\\Middleware\\HandleCors->handle(Object(Illuminate\\Http\\Request), Object(Closure))
#37 C:\\laragon\\www\\500-STAB-WOUNDS\\vendor\\laravel\\framework\\src\\Illuminate\\Http\\Middleware\\TrustProxies.php(58): Illuminate\\Pipeline\\Pipeline->{closure:{closure:Illuminate\\Pipeline\\Pipeline::carry():183}:184}(Object(Illuminate\\Http\\Request))
#38 C:\\laragon\\www\\500-STAB-WOUNDS\\vendor\\laravel\\framework\\src\\Illuminate\\Pipeline\\Pipeline.php(208): Illuminate\\Http\\Middleware\\TrustProxies->handle(Object(Illuminate\\Http\\Request), Object(Closure))
#39 C:\\laragon\\www\\500-STAB-WOUNDS\\vendor\\laravel\\framework\\src\\Illuminate\\Foundation\\Http\\Middleware\\InvokeDeferredCallbacks.php(22): Illuminate\\Pipeline\\Pipeline->{closure:{closure:Illuminate\\Pipeline\\Pipeline::carry():183}:184}(Object(Illuminate\\Http\\Request))
#40 C:\\laragon\\www\\500-STAB-WOUNDS\\vendor\\laravel\\framework\\src\\Illuminate\\Pipeline\\Pipeline.php(208): Illuminate\\Foundation\\Http\\Middleware\\InvokeDeferredCallbacks->handle(Object(Illuminate\\Http\\Request), Object(Closure))
#41 C:\\laragon\\www\\500-STAB-WOUNDS\\vendor\\laravel\\framework\\src\\Illuminate\\Http\\Middleware\\ValidatePathEncoding.php(26): Illuminate\\Pipeline\\Pipeline->{closure:{closure:Illuminate\\Pipeline\\Pipeline::carry():183}:184}(Object(Illuminate\\Http\\Request))
#42 C:\\laragon\\www\\500-STAB-WOUNDS\\vendor\\laravel\\framework\\src\\Illuminate\\Pipeline\\Pipeline.php(208): Illuminate\\Http\\Middleware\\ValidatePathEncoding->handle(Object(Illuminate\\Http\\Request), Object(Closure))
#43 C:\\laragon\\www\\500-STAB-WOUNDS\\vendor\\laravel\\framework\\src\\Illuminate\\Pipeline\\Pipeline.php(126): Illuminate\\Pipeline\\Pipeline->{closure:{closure:Illuminate\\Pipeline\\Pipeline::carry():183}:184}(Object(Illuminate\\Http\\Request))
#44 C:\\laragon\\www\\500-STAB-WOUNDS\\vendor\\laravel\\framework\\src\\Illuminate\\Foundation\\Http\\Kernel.php(175): Illuminate\\Pipeline\\Pipeline->then(Object(Closure))
#45 C:\\laragon\\www\\500-STAB-WOUNDS\\vendor\\laravel\\framework\\src\\Illuminate\\Foundation\\Http\\Kernel.php(144): Illuminate\\Foundation\\Http\\Kernel->sendRequestThroughRouter(Object(Illuminate\\Http\\Request))
#46 C:\\laragon\\www\\500-STAB-WOUNDS\\vendor\\laravel\\framework\\src\\Illuminate\\Foundation\\Application.php(1219): Illuminate\\Foundation\\Http\\Kernel->handle(Object(Illuminate\\Http\\Request))
#47 C:\\laragon\\www\\500-STAB-WOUNDS\\public\\index.php(20): Illuminate\\Foundation\\Application->handleRequest(Object(Illuminate\\Http\\Request))
#48 C:\\laragon\\www\\500-STAB-WOUNDS\\vendor\\laravel\\framework\\src\\Illuminate\\Foundation\\resources\\server.php(23): require_once('C:\\\\laragon\\\\www\\\\...')
#49 {main}
"} 
[2025-05-01 13:22:18] local.ERROR: Class "App\Http\Controllers\OrderItem" not found {"exception":"[object] (Error(code: 0): Class \"App\\Http\\Controllers\\OrderItem\" not found at C:\\laragon\\www\\500-STAB-WOUNDS\\app\\Http\\Controllers\\DashboardController.php:12)
[stacktrace]
#0 C:\\laragon\\www\\500-STAB-WOUNDS\\vendor\\laravel\\framework\\src\\Illuminate\\Routing\\ControllerDispatcher.php(46): App\\Http\\Controllers\\DashboardController->index()
#1 C:\\laragon\\www\\500-STAB-WOUNDS\\vendor\\laravel\\framework\\src\\Illuminate\\Routing\\Route.php(265): Illuminate\\Routing\\ControllerDispatcher->dispatch(Object(Illuminate\\Routing\\Route), Object(App\\Http\\Controllers\\DashboardController), 'index')
#2 C:\\laragon\\www\\500-STAB-WOUNDS\\vendor\\laravel\\framework\\src\\Illuminate\\Routing\\Route.php(211): Illuminate\\Routing\\Route->runController()
#3 C:\\laragon\\www\\500-STAB-WOUNDS\\vendor\\laravel\\framework\\src\\Illuminate\\Routing\\Router.php(808): Illuminate\\Routing\\Route->run()
#4 C:\\laragon\\www\\500-STAB-WOUNDS\\vendor\\laravel\\framework\\src\\Illuminate\\Pipeline\\Pipeline.php(169): Illuminate\\Routing\\Router->{closure:Illuminate\\Routing\\Router::runRouteWithinStack():807}(Object(Illuminate\\Http\\Request))
#5 C:\\laragon\\www\\500-STAB-WOUNDS\\vendor\\laravel\\framework\\src\\Illuminate\\Routing\\Middleware\\SubstituteBindings.php(50): Illuminate\\Pipeline\\Pipeline->{closure:Illuminate\\Pipeline\\Pipeline::prepareDestination():167}(Object(Illuminate\\Http\\Request))
#6 C:\\laragon\\www\\500-STAB-WOUNDS\\vendor\\laravel\\framework\\src\\Illuminate\\Pipeline\\Pipeline.php(208): Illuminate\\Routing\\Middleware\\SubstituteBindings->handle(Object(Illuminate\\Http\\Request), Object(Closure))
#7 C:\\laragon\\www\\500-STAB-WOUNDS\\vendor\\laravel\\framework\\src\\Illuminate\\Foundation\\Http\\Middleware\\VerifyCsrfToken.php(87): Illuminate\\Pipeline\\Pipeline->{closure:{closure:Illuminate\\Pipeline\\Pipeline::carry():183}:184}(Object(Illuminate\\Http\\Request))
#8 C:\\laragon\\www\\500-STAB-WOUNDS\\vendor\\laravel\\framework\\src\\Illuminate\\Pipeline\\Pipeline.php(208): Illuminate\\Foundation\\Http\\Middleware\\VerifyCsrfToken->handle(Object(Illuminate\\Http\\Request), Object(Closure))
#9 C:\\laragon\\www\\500-STAB-WOUNDS\\vendor\\laravel\\framework\\src\\Illuminate\\View\\Middleware\\ShareErrorsFromSession.php(48): Illuminate\\Pipeline\\Pipeline->{closure:{closure:Illuminate\\Pipeline\\Pipeline::carry():183}:184}(Object(Illuminate\\Http\\Request))
#10 C:\\laragon\\www\\500-STAB-WOUNDS\\vendor\\laravel\\framework\\src\\Illuminate\\Pipeline\\Pipeline.php(208): Illuminate\\View\\Middleware\\ShareErrorsFromSession->handle(Object(Illuminate\\Http\\Request), Object(Closure))
#11 C:\\laragon\\www\\500-STAB-WOUNDS\\vendor\\laravel\\framework\\src\\Illuminate\\Session\\Middleware\\StartSession.php(120): Illuminate\\Pipeline\\Pipeline->{closure:{closure:Illuminate\\Pipeline\\Pipeline::carry():183}:184}(Object(Illuminate\\Http\\Request))
#12 C:\\laragon\\www\\500-STAB-WOUNDS\\vendor\\laravel\\framework\\src\\Illuminate\\Session\\Middleware\\StartSession.php(63): Illuminate\\Session\\Middleware\\StartSession->handleStatefulRequest(Object(Illuminate\\Http\\Request), Object(Illuminate\\Session\\Store), Object(Closure))
#13 C:\\laragon\\www\\500-STAB-WOUNDS\\vendor\\laravel\\framework\\src\\Illuminate\\Pipeline\\Pipeline.php(208): Illuminate\\Session\\Middleware\\StartSession->handle(Object(Illuminate\\Http\\Request), Object(Closure))
#14 C:\\laragon\\www\\500-STAB-WOUNDS\\vendor\\laravel\\framework\\src\\Illuminate\\Cookie\\Middleware\\AddQueuedCookiesToResponse.php(36): Illuminate\\Pipeline\\Pipeline->{closure:{closure:Illuminate\\Pipeline\\Pipeline::carry():183}:184}(Object(Illuminate\\Http\\Request))
#15 C:\\laragon\\www\\500-STAB-WOUNDS\\vendor\\laravel\\framework\\src\\Illuminate\\Pipeline\\Pipeline.php(208): Illuminate\\Cookie\\Middleware\\AddQueuedCookiesToResponse->handle(Object(Illuminate\\Http\\Request), Object(Closure))
#16 C:\\laragon\\www\\500-STAB-WOUNDS\\vendor\\laravel\\framework\\src\\Illuminate\\Cookie\\Middleware\\EncryptCookies.php(74): Illuminate\\Pipeline\\Pipeline->{closure:{closure:Illuminate\\Pipeline\\Pipeline::carry():183}:184}(Object(Illuminate\\Http\\Request))
#17 C:\\laragon\\www\\500-STAB-WOUNDS\\vendor\\laravel\\framework\\src\\Illuminate\\Pipeline\\Pipeline.php(208): Illuminate\\Cookie\\Middleware\\EncryptCookies->handle(Object(Illuminate\\Http\\Request), Object(Closure))
#18 C:\\laragon\\www\\500-STAB-WOUNDS\\vendor\\laravel\\framework\\src\\Illuminate\\Pipeline\\Pipeline.php(126): Illuminate\\Pipeline\\Pipeline->{closure:{closure:Illuminate\\Pipeline\\Pipeline::carry():183}:184}(Object(Illuminate\\Http\\Request))
#19 C:\\laragon\\www\\500-STAB-WOUNDS\\vendor\\laravel\\framework\\src\\Illuminate\\Routing\\Router.php(807): Illuminate\\Pipeline\\Pipeline->then(Object(Closure))
#20 C:\\laragon\\www\\500-STAB-WOUNDS\\vendor\\laravel\\framework\\src\\Illuminate\\Routing\\Router.php(786): Illuminate\\Routing\\Router->runRouteWithinStack(Object(Illuminate\\Routing\\Route), Object(Illuminate\\Http\\Request))
#21 C:\\laragon\\www\\500-STAB-WOUNDS\\vendor\\laravel\\framework\\src\\Illuminate\\Routing\\Router.php(750): Illuminate\\Routing\\Router->runRoute(Object(Illuminate\\Http\\Request), Object(Illuminate\\Routing\\Route))
#22 C:\\laragon\\www\\500-STAB-WOUNDS\\vendor\\laravel\\framework\\src\\Illuminate\\Routing\\Router.php(739): Illuminate\\Routing\\Router->dispatchToRoute(Object(Illuminate\\Http\\Request))
#23 C:\\laragon\\www\\500-STAB-WOUNDS\\vendor\\laravel\\framework\\src\\Illuminate\\Foundation\\Http\\Kernel.php(200): Illuminate\\Routing\\Router->dispatch(Object(Illuminate\\Http\\Request))
#24 C:\\laragon\\www\\500-STAB-WOUNDS\\vendor\\laravel\\framework\\src\\Illuminate\\Pipeline\\Pipeline.php(169): Illuminate\\Foundation\\Http\\Kernel->{closure:Illuminate\\Foundation\\Http\\Kernel::dispatchToRouter():197}(Object(Illuminate\\Http\\Request))
#25 C:\\laragon\\www\\500-STAB-WOUNDS\\vendor\\laravel\\framework\\src\\Illuminate\\Foundation\\Http\\Middleware\\TransformsRequest.php(21): Illuminate\\Pipeline\\Pipeline->{closure:Illuminate\\Pipeline\\Pipeline::prepareDestination():167}(Object(Illuminate\\Http\\Request))
#26 C:\\laragon\\www\\500-STAB-WOUNDS\\vendor\\laravel\\framework\\src\\Illuminate\\Foundation\\Http\\Middleware\\ConvertEmptyStringsToNull.php(31): Illuminate\\Foundation\\Http\\Middleware\\TransformsRequest->handle(Object(Illuminate\\Http\\Request), Object(Closure))
#27 C:\\laragon\\www\\500-STAB-WOUNDS\\vendor\\laravel\\framework\\src\\Illuminate\\Pipeline\\Pipeline.php(208): Illuminate\\Foundation\\Http\\Middleware\\ConvertEmptyStringsToNull->handle(Object(Illuminate\\Http\\Request), Object(Closure))
#28 C:\\laragon\\www\\500-STAB-WOUNDS\\vendor\\laravel\\framework\\src\\Illuminate\\Foundation\\Http\\Middleware\\TransformsRequest.php(21): Illuminate\\Pipeline\\Pipeline->{closure:{closure:Illuminate\\Pipeline\\Pipeline::carry():183}:184}(Object(Illuminate\\Http\\Request))
#29 C:\\laragon\\www\\500-STAB-WOUNDS\\vendor\\laravel\\framework\\src\\Illuminate\\Foundation\\Http\\Middleware\\TrimStrings.php(51): Illuminate\\Foundation\\Http\\Middleware\\TransformsRequest->handle(Object(Illuminate\\Http\\Request), Object(Closure))
#30 C:\\laragon\\www\\500-STAB-WOUNDS\\vendor\\laravel\\framework\\src\\Illuminate\\Pipeline\\Pipeline.php(208): Illuminate\\Foundation\\Http\\Middleware\\TrimStrings->handle(Object(Illuminate\\Http\\Request), Object(Closure))
#31 C:\\laragon\\www\\500-STAB-WOUNDS\\vendor\\laravel\\framework\\src\\Illuminate\\Http\\Middleware\\ValidatePostSize.php(27): Illuminate\\Pipeline\\Pipeline->{closure:{closure:Illuminate\\Pipeline\\Pipeline::carry():183}:184}(Object(Illuminate\\Http\\Request))
#32 C:\\laragon\\www\\500-STAB-WOUNDS\\vendor\\laravel\\framework\\src\\Illuminate\\Pipeline\\Pipeline.php(208): Illuminate\\Http\\Middleware\\ValidatePostSize->handle(Object(Illuminate\\Http\\Request), Object(Closure))
#33 C:\\laragon\\www\\500-STAB-WOUNDS\\vendor\\laravel\\framework\\src\\Illuminate\\Foundation\\Http\\Middleware\\PreventRequestsDuringMaintenance.php(109): Illuminate\\Pipeline\\Pipeline->{closure:{closure:Illuminate\\Pipeline\\Pipeline::carry():183}:184}(Object(Illuminate\\Http\\Request))
#34 C:\\laragon\\www\\500-STAB-WOUNDS\\vendor\\laravel\\framework\\src\\Illuminate\\Pipeline\\Pipeline.php(208): Illuminate\\Foundation\\Http\\Middleware\\PreventRequestsDuringMaintenance->handle(Object(Illuminate\\Http\\Request), Object(Closure))
#35 C:\\laragon\\www\\500-STAB-WOUNDS\\vendor\\laravel\\framework\\src\\Illuminate\\Http\\Middleware\\HandleCors.php(48): Illuminate\\Pipeline\\Pipeline->{closure:{closure:Illuminate\\Pipeline\\Pipeline::carry():183}:184}(Object(Illuminate\\Http\\Request))
#36 C:\\laragon\\www\\500-STAB-WOUNDS\\vendor\\laravel\\framework\\src\\Illuminate\\Pipeline\\Pipeline.php(208): Illuminate\\Http\\Middleware\\HandleCors->handle(Object(Illuminate\\Http\\Request), Object(Closure))
#37 C:\\laragon\\www\\500-STAB-WOUNDS\\vendor\\laravel\\framework\\src\\Illuminate\\Http\\Middleware\\TrustProxies.php(58): Illuminate\\Pipeline\\Pipeline->{closure:{closure:Illuminate\\Pipeline\\Pipeline::carry():183}:184}(Object(Illuminate\\Http\\Request))
#38 C:\\laragon\\www\\500-STAB-WOUNDS\\vendor\\laravel\\framework\\src\\Illuminate\\Pipeline\\Pipeline.php(208): Illuminate\\Http\\Middleware\\TrustProxies->handle(Object(Illuminate\\Http\\Request), Object(Closure))
#39 C:\\laragon\\www\\500-STAB-WOUNDS\\vendor\\laravel\\framework\\src\\Illuminate\\Foundation\\Http\\Middleware\\InvokeDeferredCallbacks.php(22): Illuminate\\Pipeline\\Pipeline->{closure:{closure:Illuminate\\Pipeline\\Pipeline::carry():183}:184}(Object(Illuminate\\Http\\Request))
#40 C:\\laragon\\www\\500-STAB-WOUNDS\\vendor\\laravel\\framework\\src\\Illuminate\\Pipeline\\Pipeline.php(208): Illuminate\\Foundation\\Http\\Middleware\\InvokeDeferredCallbacks->handle(Object(Illuminate\\Http\\Request), Object(Closure))
#41 C:\\laragon\\www\\500-STAB-WOUNDS\\vendor\\laravel\\framework\\src\\Illuminate\\Http\\Middleware\\ValidatePathEncoding.php(26): Illuminate\\Pipeline\\Pipeline->{closure:{closure:Illuminate\\Pipeline\\Pipeline::carry():183}:184}(Object(Illuminate\\Http\\Request))
#42 C:\\laragon\\www\\500-STAB-WOUNDS\\vendor\\laravel\\framework\\src\\Illuminate\\Pipeline\\Pipeline.php(208): Illuminate\\Http\\Middleware\\ValidatePathEncoding->handle(Object(Illuminate\\Http\\Request), Object(Closure))
#43 C:\\laragon\\www\\500-STAB-WOUNDS\\vendor\\laravel\\framework\\src\\Illuminate\\Pipeline\\Pipeline.php(126): Illuminate\\Pipeline\\Pipeline->{closure:{closure:Illuminate\\Pipeline\\Pipeline::carry():183}:184}(Object(Illuminate\\Http\\Request))
#44 C:\\laragon\\www\\500-STAB-WOUNDS\\vendor\\laravel\\framework\\src\\Illuminate\\Foundation\\Http\\Kernel.php(175): Illuminate\\Pipeline\\Pipeline->then(Object(Closure))
#45 C:\\laragon\\www\\500-STAB-WOUNDS\\vendor\\laravel\\framework\\src\\Illuminate\\Foundation\\Http\\Kernel.php(144): Illuminate\\Foundation\\Http\\Kernel->sendRequestThroughRouter(Object(Illuminate\\Http\\Request))
#46 C:\\laragon\\www\\500-STAB-WOUNDS\\vendor\\laravel\\framework\\src\\Illuminate\\Foundation\\Application.php(1219): Illuminate\\Foundation\\Http\\Kernel->handle(Object(Illuminate\\Http\\Request))
#47 C:\\laragon\\www\\500-STAB-WOUNDS\\public\\index.php(20): Illuminate\\Foundation\\Application->handleRequest(Object(Illuminate\\Http\\Request))
#48 C:\\laragon\\www\\500-STAB-WOUNDS\\vendor\\laravel\\framework\\src\\Illuminate\\Foundation\\resources\\server.php(23): require_once('C:\\\\laragon\\\\www\\\\...')
#49 {main}
"} 
[2025-05-01 13:23:49] local.ERROR: View [layouts.app] not found. (View: C:\laragon\www\500-STAB-WOUNDS\resources\views\dashboard.blade.php) {"exception":"[object] (Illuminate\\View\\ViewException(code: 0): View [layouts.app] not found. (View: C:\\laragon\\www\\500-STAB-WOUNDS\\resources\\views\\dashboard.blade.php) at C:\\laragon\\www\\500-STAB-WOUNDS\\vendor\\laravel\\framework\\src\\Illuminate\\View\\FileViewFinder.php:138)
[stacktrace]
#0 C:\\laragon\\www\\500-STAB-WOUNDS\\vendor\\laravel\\framework\\src\\Illuminate\\View\\Engines\\PhpEngine.php(59): Illuminate\\View\\Engines\\CompilerEngine->handleViewException(Object(InvalidArgumentException), 1)
#1 C:\\laragon\\www\\500-STAB-WOUNDS\\vendor\\laravel\\framework\\src\\Illuminate\\View\\Engines\\CompilerEngine.php(74): Illuminate\\View\\Engines\\PhpEngine->evaluatePath('C:\\\\laragon\\\\www\\\\...', Array)
#2 C:\\laragon\\www\\500-STAB-WOUNDS\\vendor\\laravel\\framework\\src\\Illuminate\\View\\View.php(208): Illuminate\\View\\Engines\\CompilerEngine->get('C:\\\\laragon\\\\www\\\\...', Array)
#3 C:\\laragon\\www\\500-STAB-WOUNDS\\vendor\\laravel\\framework\\src\\Illuminate\\View\\View.php(191): Illuminate\\View\\View->getContents()
#4 C:\\laragon\\www\\500-STAB-WOUNDS\\vendor\\laravel\\framework\\src\\Illuminate\\View\\View.php(160): Illuminate\\View\\View->renderContents()
#5 C:\\laragon\\www\\500-STAB-WOUNDS\\vendor\\laravel\\framework\\src\\Illuminate\\Http\\Response.php(78): Illuminate\\View\\View->render()
#6 C:\\laragon\\www\\500-STAB-WOUNDS\\vendor\\laravel\\framework\\src\\Illuminate\\Http\\Response.php(34): Illuminate\\Http\\Response->setContent(Object(Illuminate\\View\\View))
#7 C:\\laragon\\www\\500-STAB-WOUNDS\\vendor\\laravel\\framework\\src\\Illuminate\\Routing\\Router.php(924): Illuminate\\Http\\Response->__construct(Object(Illuminate\\View\\View), 200, Array)
#8 C:\\laragon\\www\\500-STAB-WOUNDS\\vendor\\laravel\\framework\\src\\Illuminate\\Routing\\Router.php(891): Illuminate\\Routing\\Router::toResponse(Object(Illuminate\\Http\\Request), Object(Illuminate\\View\\View))
#9 C:\\laragon\\www\\500-STAB-WOUNDS\\vendor\\laravel\\framework\\src\\Illuminate\\Routing\\Router.php(807): Illuminate\\Routing\\Router->prepareResponse(Object(Illuminate\\Http\\Request), Object(Illuminate\\View\\View))
#10 C:\\laragon\\www\\500-STAB-WOUNDS\\vendor\\laravel\\framework\\src\\Illuminate\\Pipeline\\Pipeline.php(169): Illuminate\\Routing\\Router->{closure:Illuminate\\Routing\\Router::runRouteWithinStack():807}(Object(Illuminate\\Http\\Request))
#11 C:\\laragon\\www\\500-STAB-WOUNDS\\vendor\\laravel\\framework\\src\\Illuminate\\Routing\\Middleware\\SubstituteBindings.php(50): Illuminate\\Pipeline\\Pipeline->{closure:Illuminate\\Pipeline\\Pipeline::prepareDestination():167}(Object(Illuminate\\Http\\Request))
#12 C:\\laragon\\www\\500-STAB-WOUNDS\\vendor\\laravel\\framework\\src\\Illuminate\\Pipeline\\Pipeline.php(208): Illuminate\\Routing\\Middleware\\SubstituteBindings->handle(Object(Illuminate\\Http\\Request), Object(Closure))
#13 C:\\laragon\\www\\500-STAB-WOUNDS\\vendor\\laravel\\framework\\src\\Illuminate\\Foundation\\Http\\Middleware\\VerifyCsrfToken.php(87): Illuminate\\Pipeline\\Pipeline->{closure:{closure:Illuminate\\Pipeline\\Pipeline::carry():183}:184}(Object(Illuminate\\Http\\Request))
#14 C:\\laragon\\www\\500-STAB-WOUNDS\\vendor\\laravel\\framework\\src\\Illuminate\\Pipeline\\Pipeline.php(208): Illuminate\\Foundation\\Http\\Middleware\\VerifyCsrfToken->handle(Object(Illuminate\\Http\\Request), Object(Closure))
#15 C:\\laragon\\www\\500-STAB-WOUNDS\\vendor\\laravel\\framework\\src\\Illuminate\\View\\Middleware\\ShareErrorsFromSession.php(48): Illuminate\\Pipeline\\Pipeline->{closure:{closure:Illuminate\\Pipeline\\Pipeline::carry():183}:184}(Object(Illuminate\\Http\\Request))
#16 C:\\laragon\\www\\500-STAB-WOUNDS\\vendor\\laravel\\framework\\src\\Illuminate\\Pipeline\\Pipeline.php(208): Illuminate\\View\\Middleware\\ShareErrorsFromSession->handle(Object(Illuminate\\Http\\Request), Object(Closure))
#17 C:\\laragon\\www\\500-STAB-WOUNDS\\vendor\\laravel\\framework\\src\\Illuminate\\Session\\Middleware\\StartSession.php(120): Illuminate\\Pipeline\\Pipeline->{closure:{closure:Illuminate\\Pipeline\\Pipeline::carry():183}:184}(Object(Illuminate\\Http\\Request))
#18 C:\\laragon\\www\\500-STAB-WOUNDS\\vendor\\laravel\\framework\\src\\Illuminate\\Session\\Middleware\\StartSession.php(63): Illuminate\\Session\\Middleware\\StartSession->handleStatefulRequest(Object(Illuminate\\Http\\Request), Object(Illuminate\\Session\\Store), Object(Closure))
#19 C:\\laragon\\www\\500-STAB-WOUNDS\\vendor\\laravel\\framework\\src\\Illuminate\\Pipeline\\Pipeline.php(208): Illuminate\\Session\\Middleware\\StartSession->handle(Object(Illuminate\\Http\\Request), Object(Closure))
#20 C:\\laragon\\www\\500-STAB-WOUNDS\\vendor\\laravel\\framework\\src\\Illuminate\\Cookie\\Middleware\\AddQueuedCookiesToResponse.php(36): Illuminate\\Pipeline\\Pipeline->{closure:{closure:Illuminate\\Pipeline\\Pipeline::carry():183}:184}(Object(Illuminate\\Http\\Request))
#21 C:\\laragon\\www\\500-STAB-WOUNDS\\vendor\\laravel\\framework\\src\\Illuminate\\Pipeline\\Pipeline.php(208): Illuminate\\Cookie\\Middleware\\AddQueuedCookiesToResponse->handle(Object(Illuminate\\Http\\Request), Object(Closure))
#22 C:\\laragon\\www\\500-STAB-WOUNDS\\vendor\\laravel\\framework\\src\\Illuminate\\Cookie\\Middleware\\EncryptCookies.php(74): Illuminate\\Pipeline\\Pipeline->{closure:{closure:Illuminate\\Pipeline\\Pipeline::carry():183}:184}(Object(Illuminate\\Http\\Request))
#23 C:\\laragon\\www\\500-STAB-WOUNDS\\vendor\\laravel\\framework\\src\\Illuminate\\Pipeline\\Pipeline.php(208): Illuminate\\Cookie\\Middleware\\EncryptCookies->handle(Object(Illuminate\\Http\\Request), Object(Closure))
#24 C:\\laragon\\www\\500-STAB-WOUNDS\\vendor\\laravel\\framework\\src\\Illuminate\\Pipeline\\Pipeline.php(126): Illuminate\\Pipeline\\Pipeline->{closure:{closure:Illuminate\\Pipeline\\Pipeline::carry():183}:184}(Object(Illuminate\\Http\\Request))
#25 C:\\laragon\\www\\500-STAB-WOUNDS\\vendor\\laravel\\framework\\src\\Illuminate\\Routing\\Router.php(807): Illuminate\\Pipeline\\Pipeline->then(Object(Closure))
#26 C:\\laragon\\www\\500-STAB-WOUNDS\\vendor\\laravel\\framework\\src\\Illuminate\\Routing\\Router.php(786): Illuminate\\Routing\\Router->runRouteWithinStack(Object(Illuminate\\Routing\\Route), Object(Illuminate\\Http\\Request))
#27 C:\\laragon\\www\\500-STAB-WOUNDS\\vendor\\laravel\\framework\\src\\Illuminate\\Routing\\Router.php(750): Illuminate\\Routing\\Router->runRoute(Object(Illuminate\\Http\\Request), Object(Illuminate\\Routing\\Route))
#28 C:\\laragon\\www\\500-STAB-WOUNDS\\vendor\\laravel\\framework\\src\\Illuminate\\Routing\\Router.php(739): Illuminate\\Routing\\Router->dispatchToRoute(Object(Illuminate\\Http\\Request))
#29 C:\\laragon\\www\\500-STAB-WOUNDS\\vendor\\laravel\\framework\\src\\Illuminate\\Foundation\\Http\\Kernel.php(200): Illuminate\\Routing\\Router->dispatch(Object(Illuminate\\Http\\Request))
#30 C:\\laragon\\www\\500-STAB-WOUNDS\\vendor\\laravel\\framework\\src\\Illuminate\\Pipeline\\Pipeline.php(169): Illuminate\\Foundation\\Http\\Kernel->{closure:Illuminate\\Foundation\\Http\\Kernel::dispatchToRouter():197}(Object(Illuminate\\Http\\Request))
#31 C:\\laragon\\www\\500-STAB-WOUNDS\\vendor\\laravel\\framework\\src\\Illuminate\\Foundation\\Http\\Middleware\\TransformsRequest.php(21): Illuminate\\Pipeline\\Pipeline->{closure:Illuminate\\Pipeline\\Pipeline::prepareDestination():167}(Object(Illuminate\\Http\\Request))
#32 C:\\laragon\\www\\500-STAB-WOUNDS\\vendor\\laravel\\framework\\src\\Illuminate\\Foundation\\Http\\Middleware\\ConvertEmptyStringsToNull.php(31): Illuminate\\Foundation\\Http\\Middleware\\TransformsRequest->handle(Object(Illuminate\\Http\\Request), Object(Closure))
#33 C:\\laragon\\www\\500-STAB-WOUNDS\\vendor\\laravel\\framework\\src\\Illuminate\\Pipeline\\Pipeline.php(208): Illuminate\\Foundation\\Http\\Middleware\\ConvertEmptyStringsToNull->handle(Object(Illuminate\\Http\\Request), Object(Closure))
#34 C:\\laragon\\www\\500-STAB-WOUNDS\\vendor\\laravel\\framework\\src\\Illuminate\\Foundation\\Http\\Middleware\\TransformsRequest.php(21): Illuminate\\Pipeline\\Pipeline->{closure:{closure:Illuminate\\Pipeline\\Pipeline::carry():183}:184}(Object(Illuminate\\Http\\Request))
#35 C:\\laragon\\www\\500-STAB-WOUNDS\\vendor\\laravel\\framework\\src\\Illuminate\\Foundation\\Http\\Middleware\\TrimStrings.php(51): Illuminate\\Foundation\\Http\\Middleware\\TransformsRequest->handle(Object(Illuminate\\Http\\Request), Object(Closure))
#36 C:\\laragon\\www\\500-STAB-WOUNDS\\vendor\\laravel\\framework\\src\\Illuminate\\Pipeline\\Pipeline.php(208): Illuminate\\Foundation\\Http\\Middleware\\TrimStrings->handle(Object(Illuminate\\Http\\Request), Object(Closure))
#37 C:\\laragon\\www\\500-STAB-WOUNDS\\vendor\\laravel\\framework\\src\\Illuminate\\Http\\Middleware\\ValidatePostSize.php(27): Illuminate\\Pipeline\\Pipeline->{closure:{closure:Illuminate\\Pipeline\\Pipeline::carry():183}:184}(Object(Illuminate\\Http\\Request))
#38 C:\\laragon\\www\\500-STAB-WOUNDS\\vendor\\laravel\\framework\\src\\Illuminate\\Pipeline\\Pipeline.php(208): Illuminate\\Http\\Middleware\\ValidatePostSize->handle(Object(Illuminate\\Http\\Request), Object(Closure))
#39 C:\\laragon\\www\\500-STAB-WOUNDS\\vendor\\laravel\\framework\\src\\Illuminate\\Foundation\\Http\\Middleware\\PreventRequestsDuringMaintenance.php(109): Illuminate\\Pipeline\\Pipeline->{closure:{closure:Illuminate\\Pipeline\\Pipeline::carry():183}:184}(Object(Illuminate\\Http\\Request))
#40 C:\\laragon\\www\\500-STAB-WOUNDS\\vendor\\laravel\\framework\\src\\Illuminate\\Pipeline\\Pipeline.php(208): Illuminate\\Foundation\\Http\\Middleware\\PreventRequestsDuringMaintenance->handle(Object(Illuminate\\Http\\Request), Object(Closure))
#41 C:\\laragon\\www\\500-STAB-WOUNDS\\vendor\\laravel\\framework\\src\\Illuminate\\Http\\Middleware\\HandleCors.php(48): Illuminate\\Pipeline\\Pipeline->{closure:{closure:Illuminate\\Pipeline\\Pipeline::carry():183}:184}(Object(Illuminate\\Http\\Request))
#42 C:\\laragon\\www\\500-STAB-WOUNDS\\vendor\\laravel\\framework\\src\\Illuminate\\Pipeline\\Pipeline.php(208): Illuminate\\Http\\Middleware\\HandleCors->handle(Object(Illuminate\\Http\\Request), Object(Closure))
#43 C:\\laragon\\www\\500-STAB-WOUNDS\\vendor\\laravel\\framework\\src\\Illuminate\\Http\\Middleware\\TrustProxies.php(58): Illuminate\\Pipeline\\Pipeline->{closure:{closure:Illuminate\\Pipeline\\Pipeline::carry():183}:184}(Object(Illuminate\\Http\\Request))
#44 C:\\laragon\\www\\500-STAB-WOUNDS\\vendor\\laravel\\framework\\src\\Illuminate\\Pipeline\\Pipeline.php(208): Illuminate\\Http\\Middleware\\TrustProxies->handle(Object(Illuminate\\Http\\Request), Object(Closure))
#45 C:\\laragon\\www\\500-STAB-WOUNDS\\vendor\\laravel\\framework\\src\\Illuminate\\Foundation\\Http\\Middleware\\InvokeDeferredCallbacks.php(22): Illuminate\\Pipeline\\Pipeline->{closure:{closure:Illuminate\\Pipeline\\Pipeline::carry():183}:184}(Object(Illuminate\\Http\\Request))
#46 C:\\laragon\\www\\500-STAB-WOUNDS\\vendor\\laravel\\framework\\src\\Illuminate\\Pipeline\\Pipeline.php(208): Illuminate\\Foundation\\Http\\Middleware\\InvokeDeferredCallbacks->handle(Object(Illuminate\\Http\\Request), Object(Closure))
#47 C:\\laragon\\www\\500-STAB-WOUNDS\\vendor\\laravel\\framework\\src\\Illuminate\\Http\\Middleware\\ValidatePathEncoding.php(26): Illuminate\\Pipeline\\Pipeline->{closure:{closure:Illuminate\\Pipeline\\Pipeline::carry():183}:184}(Object(Illuminate\\Http\\Request))
#48 C:\\laragon\\www\\500-STAB-WOUNDS\\vendor\\laravel\\framework\\src\\Illuminate\\Pipeline\\Pipeline.php(208): Illuminate\\Http\\Middleware\\ValidatePathEncoding->handle(Object(Illuminate\\Http\\Request), Object(Closure))
#49 C:\\laragon\\www\\500-STAB-WOUNDS\\vendor\\laravel\\framework\\src\\Illuminate\\Pipeline\\Pipeline.php(126): Illuminate\\Pipeline\\Pipeline->{closure:{closure:Illuminate\\Pipeline\\Pipeline::carry():183}:184}(Object(Illuminate\\Http\\Request))
#50 C:\\laragon\\www\\500-STAB-WOUNDS\\vendor\\laravel\\framework\\src\\Illuminate\\Foundation\\Http\\Kernel.php(175): Illuminate\\Pipeline\\Pipeline->then(Object(Closure))
#51 C:\\laragon\\www\\500-STAB-WOUNDS\\vendor\\laravel\\framework\\src\\Illuminate\\Foundation\\Http\\Kernel.php(144): Illuminate\\Foundation\\Http\\Kernel->sendRequestThroughRouter(Object(Illuminate\\Http\\Request))
#52 C:\\laragon\\www\\500-STAB-WOUNDS\\vendor\\laravel\\framework\\src\\Illuminate\\Foundation\\Application.php(1219): Illuminate\\Foundation\\Http\\Kernel->handle(Object(Illuminate\\Http\\Request))
#53 C:\\laragon\\www\\500-STAB-WOUNDS\\public\\index.php(20): Illuminate\\Foundation\\Application->handleRequest(Object(Illuminate\\Http\\Request))
#54 C:\\laragon\\www\\500-STAB-WOUNDS\\vendor\\laravel\\framework\\src\\Illuminate\\Foundation\\resources\\server.php(23): require_once('C:\\\\laragon\\\\www\\\\...')
#55 {main}

[previous exception] [object] (InvalidArgumentException(code: 0): View [layouts.app] not found. at C:\\laragon\\www\\500-STAB-WOUNDS\\vendor\\laravel\\framework\\src\\Illuminate\\View\\FileViewFinder.php:138)
[stacktrace]
#0 C:\\laragon\\www\\500-STAB-WOUNDS\\vendor\\laravel\\framework\\src\\Illuminate\\View\\FileViewFinder.php(78): Illuminate\\View\\FileViewFinder->findInPaths('layouts.app', Array)
#1 C:\\laragon\\www\\500-STAB-WOUNDS\\vendor\\laravel\\framework\\src\\Illuminate\\View\\Factory.php(150): Illuminate\\View\\FileViewFinder->find('layouts.app')
#2 C:\\laragon\\www\\500-STAB-WOUNDS\\storage\\framework\\views\\74cad78097c2b9b8f97452767aeb1850.php(61): Illuminate\\View\\Factory->make('layouts.app', Array)
#3 C:\\laragon\\www\\500-STAB-WOUNDS\\vendor\\laravel\\framework\\src\\Illuminate\\Filesystem\\Filesystem.php(123): require('C:\\\\laragon\\\\www\\\\...')
#4 C:\\laragon\\www\\500-STAB-WOUNDS\\vendor\\laravel\\framework\\src\\Illuminate\\Filesystem\\Filesystem.php(124): Illuminate\\Filesystem\\Filesystem::{closure:Illuminate\\Filesystem\\Filesystem::getRequire():120}()
#5 C:\\laragon\\www\\500-STAB-WOUNDS\\vendor\\laravel\\framework\\src\\Illuminate\\View\\Engines\\PhpEngine.php(57): Illuminate\\Filesystem\\Filesystem->getRequire('C:\\\\laragon\\\\www\\\\...', Array)
#6 C:\\laragon\\www\\500-STAB-WOUNDS\\vendor\\laravel\\framework\\src\\Illuminate\\View\\Engines\\CompilerEngine.php(74): Illuminate\\View\\Engines\\PhpEngine->evaluatePath('C:\\\\laragon\\\\www\\\\...', Array)
#7 C:\\laragon\\www\\500-STAB-WOUNDS\\vendor\\laravel\\framework\\src\\Illuminate\\View\\View.php(208): Illuminate\\View\\Engines\\CompilerEngine->get('C:\\\\laragon\\\\www\\\\...', Array)
#8 C:\\laragon\\www\\500-STAB-WOUNDS\\vendor\\laravel\\framework\\src\\Illuminate\\View\\View.php(191): Illuminate\\View\\View->getContents()
#9 C:\\laragon\\www\\500-STAB-WOUNDS\\vendor\\laravel\\framework\\src\\Illuminate\\View\\View.php(160): Illuminate\\View\\View->renderContents()
#10 C:\\laragon\\www\\500-STAB-WOUNDS\\vendor\\laravel\\framework\\src\\Illuminate\\Http\\Response.php(78): Illuminate\\View\\View->render()
#11 C:\\laragon\\www\\500-STAB-WOUNDS\\vendor\\laravel\\framework\\src\\Illuminate\\Http\\Response.php(34): Illuminate\\Http\\Response->setContent(Object(Illuminate\\View\\View))
#12 C:\\laragon\\www\\500-STAB-WOUNDS\\vendor\\laravel\\framework\\src\\Illuminate\\Routing\\Router.php(924): Illuminate\\Http\\Response->__construct(Object(Illuminate\\View\\View), 200, Array)
#13 C:\\laragon\\www\\500-STAB-WOUNDS\\vendor\\laravel\\framework\\src\\Illuminate\\Routing\\Router.php(891): Illuminate\\Routing\\Router::toResponse(Object(Illuminate\\Http\\Request), Object(Illuminate\\View\\View))
#14 C:\\laragon\\www\\500-STAB-WOUNDS\\vendor\\laravel\\framework\\src\\Illuminate\\Routing\\Router.php(807): Illuminate\\Routing\\Router->prepareResponse(Object(Illuminate\\Http\\Request), Object(Illuminate\\View\\View))
#15 C:\\laragon\\www\\500-STAB-WOUNDS\\vendor\\laravel\\framework\\src\\Illuminate\\Pipeline\\Pipeline.php(169): Illuminate\\Routing\\Router->{closure:Illuminate\\Routing\\Router::runRouteWithinStack():807}(Object(Illuminate\\Http\\Request))
#16 C:\\laragon\\www\\500-STAB-WOUNDS\\vendor\\laravel\\framework\\src\\Illuminate\\Routing\\Middleware\\SubstituteBindings.php(50): Illuminate\\Pipeline\\Pipeline->{closure:Illuminate\\Pipeline\\Pipeline::prepareDestination():167}(Object(Illuminate\\Http\\Request))
#17 C:\\laragon\\www\\500-STAB-WOUNDS\\vendor\\laravel\\framework\\src\\Illuminate\\Pipeline\\Pipeline.php(208): Illuminate\\Routing\\Middleware\\SubstituteBindings->handle(Object(Illuminate\\Http\\Request), Object(Closure))
#18 C:\\laragon\\www\\500-STAB-WOUNDS\\vendor\\laravel\\framework\\src\\Illuminate\\Foundation\\Http\\Middleware\\VerifyCsrfToken.php(87): Illuminate\\Pipeline\\Pipeline->{closure:{closure:Illuminate\\Pipeline\\Pipeline::carry():183}:184}(Object(Illuminate\\Http\\Request))
#19 C:\\laragon\\www\\500-STAB-WOUNDS\\vendor\\laravel\\framework\\src\\Illuminate\\Pipeline\\Pipeline.php(208): Illuminate\\Foundation\\Http\\Middleware\\VerifyCsrfToken->handle(Object(Illuminate\\Http\\Request), Object(Closure))
#20 C:\\laragon\\www\\500-STAB-WOUNDS\\vendor\\laravel\\framework\\src\\Illuminate\\View\\Middleware\\ShareErrorsFromSession.php(48): Illuminate\\Pipeline\\Pipeline->{closure:{closure:Illuminate\\Pipeline\\Pipeline::carry():183}:184}(Object(Illuminate\\Http\\Request))
#21 C:\\laragon\\www\\500-STAB-WOUNDS\\vendor\\laravel\\framework\\src\\Illuminate\\Pipeline\\Pipeline.php(208): Illuminate\\View\\Middleware\\ShareErrorsFromSession->handle(Object(Illuminate\\Http\\Request), Object(Closure))
#22 C:\\laragon\\www\\500-STAB-WOUNDS\\vendor\\laravel\\framework\\src\\Illuminate\\Session\\Middleware\\StartSession.php(120): Illuminate\\Pipeline\\Pipeline->{closure:{closure:Illuminate\\Pipeline\\Pipeline::carry():183}:184}(Object(Illuminate\\Http\\Request))
#23 C:\\laragon\\www\\500-STAB-WOUNDS\\vendor\\laravel\\framework\\src\\Illuminate\\Session\\Middleware\\StartSession.php(63): Illuminate\\Session\\Middleware\\StartSession->handleStatefulRequest(Object(Illuminate\\Http\\Request), Object(Illuminate\\Session\\Store), Object(Closure))
#24 C:\\laragon\\www\\500-STAB-WOUNDS\\vendor\\laravel\\framework\\src\\Illuminate\\Pipeline\\Pipeline.php(208): Illuminate\\Session\\Middleware\\StartSession->handle(Object(Illuminate\\Http\\Request), Object(Closure))
#25 C:\\laragon\\www\\500-STAB-WOUNDS\\vendor\\laravel\\framework\\src\\Illuminate\\Cookie\\Middleware\\AddQueuedCookiesToResponse.php(36): Illuminate\\Pipeline\\Pipeline->{closure:{closure:Illuminate\\Pipeline\\Pipeline::carry():183}:184}(Object(Illuminate\\Http\\Request))
#26 C:\\laragon\\www\\500-STAB-WOUNDS\\vendor\\laravel\\framework\\src\\Illuminate\\Pipeline\\Pipeline.php(208): Illuminate\\Cookie\\Middleware\\AddQueuedCookiesToResponse->handle(Object(Illuminate\\Http\\Request), Object(Closure))
#27 C:\\laragon\\www\\500-STAB-WOUNDS\\vendor\\laravel\\framework\\src\\Illuminate\\Cookie\\Middleware\\EncryptCookies.php(74): Illuminate\\Pipeline\\Pipeline->{closure:{closure:Illuminate\\Pipeline\\Pipeline::carry():183}:184}(Object(Illuminate\\Http\\Request))
#28 C:\\laragon\\www\\500-STAB-WOUNDS\\vendor\\laravel\\framework\\src\\Illuminate\\Pipeline\\Pipeline.php(208): Illuminate\\Cookie\\Middleware\\EncryptCookies->handle(Object(Illuminate\\Http\\Request), Object(Closure))
#29 C:\\laragon\\www\\500-STAB-WOUNDS\\vendor\\laravel\\framework\\src\\Illuminate\\Pipeline\\Pipeline.php(126): Illuminate\\Pipeline\\Pipeline->{closure:{closure:Illuminate\\Pipeline\\Pipeline::carry():183}:184}(Object(Illuminate\\Http\\Request))
#30 C:\\laragon\\www\\500-STAB-WOUNDS\\vendor\\laravel\\framework\\src\\Illuminate\\Routing\\Router.php(807): Illuminate\\Pipeline\\Pipeline->then(Object(Closure))
#31 C:\\laragon\\www\\500-STAB-WOUNDS\\vendor\\laravel\\framework\\src\\Illuminate\\Routing\\Router.php(786): Illuminate\\Routing\\Router->runRouteWithinStack(Object(Illuminate\\Routing\\Route), Object(Illuminate\\Http\\Request))
#32 C:\\laragon\\www\\500-STAB-WOUNDS\\vendor\\laravel\\framework\\src\\Illuminate\\Routing\\Router.php(750): Illuminate\\Routing\\Router->runRoute(Object(Illuminate\\Http\\Request), Object(Illuminate\\Routing\\Route))
#33 C:\\laragon\\www\\500-STAB-WOUNDS\\vendor\\laravel\\framework\\src\\Illuminate\\Routing\\Router.php(739): Illuminate\\Routing\\Router->dispatchToRoute(Object(Illuminate\\Http\\Request))
#34 C:\\laragon\\www\\500-STAB-WOUNDS\\vendor\\laravel\\framework\\src\\Illuminate\\Foundation\\Http\\Kernel.php(200): Illuminate\\Routing\\Router->dispatch(Object(Illuminate\\Http\\Request))
#35 C:\\laragon\\www\\500-STAB-WOUNDS\\vendor\\laravel\\framework\\src\\Illuminate\\Pipeline\\Pipeline.php(169): Illuminate\\Foundation\\Http\\Kernel->{closure:Illuminate\\Foundation\\Http\\Kernel::dispatchToRouter():197}(Object(Illuminate\\Http\\Request))
#36 C:\\laragon\\www\\500-STAB-WOUNDS\\vendor\\laravel\\framework\\src\\Illuminate\\Foundation\\Http\\Middleware\\TransformsRequest.php(21): Illuminate\\Pipeline\\Pipeline->{closure:Illuminate\\Pipeline\\Pipeline::prepareDestination():167}(Object(Illuminate\\Http\\Request))
#37 C:\\laragon\\www\\500-STAB-WOUNDS\\vendor\\laravel\\framework\\src\\Illuminate\\Foundation\\Http\\Middleware\\ConvertEmptyStringsToNull.php(31): Illuminate\\Foundation\\Http\\Middleware\\TransformsRequest->handle(Object(Illuminate\\Http\\Request), Object(Closure))
#38 C:\\laragon\\www\\500-STAB-WOUNDS\\vendor\\laravel\\framework\\src\\Illuminate\\Pipeline\\Pipeline.php(208): Illuminate\\Foundation\\Http\\Middleware\\ConvertEmptyStringsToNull->handle(Object(Illuminate\\Http\\Request), Object(Closure))
#39 C:\\laragon\\www\\500-STAB-WOUNDS\\vendor\\laravel\\framework\\src\\Illuminate\\Foundation\\Http\\Middleware\\TransformsRequest.php(21): Illuminate\\Pipeline\\Pipeline->{closure:{closure:Illuminate\\Pipeline\\Pipeline::carry():183}:184}(Object(Illuminate\\Http\\Request))
#40 C:\\laragon\\www\\500-STAB-WOUNDS\\vendor\\laravel\\framework\\src\\Illuminate\\Foundation\\Http\\Middleware\\TrimStrings.php(51): Illuminate\\Foundation\\Http\\Middleware\\TransformsRequest->handle(Object(Illuminate\\Http\\Request), Object(Closure))
#41 C:\\laragon\\www\\500-STAB-WOUNDS\\vendor\\laravel\\framework\\src\\Illuminate\\Pipeline\\Pipeline.php(208): Illuminate\\Foundation\\Http\\Middleware\\TrimStrings->handle(Object(Illuminate\\Http\\Request), Object(Closure))
#42 C:\\laragon\\www\\500-STAB-WOUNDS\\vendor\\laravel\\framework\\src\\Illuminate\\Http\\Middleware\\ValidatePostSize.php(27): Illuminate\\Pipeline\\Pipeline->{closure:{closure:Illuminate\\Pipeline\\Pipeline::carry():183}:184}(Object(Illuminate\\Http\\Request))
#43 C:\\laragon\\www\\500-STAB-WOUNDS\\vendor\\laravel\\framework\\src\\Illuminate\\Pipeline\\Pipeline.php(208): Illuminate\\Http\\Middleware\\ValidatePostSize->handle(Object(Illuminate\\Http\\Request), Object(Closure))
#44 C:\\laragon\\www\\500-STAB-WOUNDS\\vendor\\laravel\\framework\\src\\Illuminate\\Foundation\\Http\\Middleware\\PreventRequestsDuringMaintenance.php(109): Illuminate\\Pipeline\\Pipeline->{closure:{closure:Illuminate\\Pipeline\\Pipeline::carry():183}:184}(Object(Illuminate\\Http\\Request))
#45 C:\\laragon\\www\\500-STAB-WOUNDS\\vendor\\laravel\\framework\\src\\Illuminate\\Pipeline\\Pipeline.php(208): Illuminate\\Foundation\\Http\\Middleware\\PreventRequestsDuringMaintenance->handle(Object(Illuminate\\Http\\Request), Object(Closure))
#46 C:\\laragon\\www\\500-STAB-WOUNDS\\vendor\\laravel\\framework\\src\\Illuminate\\Http\\Middleware\\HandleCors.php(48): Illuminate\\Pipeline\\Pipeline->{closure:{closure:Illuminate\\Pipeline\\Pipeline::carry():183}:184}(Object(Illuminate\\Http\\Request))
#47 C:\\laragon\\www\\500-STAB-WOUNDS\\vendor\\laravel\\framework\\src\\Illuminate\\Pipeline\\Pipeline.php(208): Illuminate\\Http\\Middleware\\HandleCors->handle(Object(Illuminate\\Http\\Request), Object(Closure))
#48 C:\\laragon\\www\\500-STAB-WOUNDS\\vendor\\laravel\\framework\\src\\Illuminate\\Http\\Middleware\\TrustProxies.php(58): Illuminate\\Pipeline\\Pipeline->{closure:{closure:Illuminate\\Pipeline\\Pipeline::carry():183}:184}(Object(Illuminate\\Http\\Request))
#49 C:\\laragon\\www\\500-STAB-WOUNDS\\vendor\\laravel\\framework\\src\\Illuminate\\Pipeline\\Pipeline.php(208): Illuminate\\Http\\Middleware\\TrustProxies->handle(Object(Illuminate\\Http\\Request), Object(Closure))
#50 C:\\laragon\\www\\500-STAB-WOUNDS\\vendor\\laravel\\framework\\src\\Illuminate\\Foundation\\Http\\Middleware\\InvokeDeferredCallbacks.php(22): Illuminate\\Pipeline\\Pipeline->{closure:{closure:Illuminate\\Pipeline\\Pipeline::carry():183}:184}(Object(Illuminate\\Http\\Request))
#51 C:\\laragon\\www\\500-STAB-WOUNDS\\vendor\\laravel\\framework\\src\\Illuminate\\Pipeline\\Pipeline.php(208): Illuminate\\Foundation\\Http\\Middleware\\InvokeDeferredCallbacks->handle(Object(Illuminate\\Http\\Request), Object(Closure))
#52 C:\\laragon\\www\\500-STAB-WOUNDS\\vendor\\laravel\\framework\\src\\Illuminate\\Http\\Middleware\\ValidatePathEncoding.php(26): Illuminate\\Pipeline\\Pipeline->{closure:{closure:Illuminate\\Pipeline\\Pipeline::carry():183}:184}(Object(Illuminate\\Http\\Request))
#53 C:\\laragon\\www\\500-STAB-WOUNDS\\vendor\\laravel\\framework\\src\\Illuminate\\Pipeline\\Pipeline.php(208): Illuminate\\Http\\Middleware\\ValidatePathEncoding->handle(Object(Illuminate\\Http\\Request), Object(Closure))
#54 C:\\laragon\\www\\500-STAB-WOUNDS\\vendor\\laravel\\framework\\src\\Illuminate\\Pipeline\\Pipeline.php(126): Illuminate\\Pipeline\\Pipeline->{closure:{closure:Illuminate\\Pipeline\\Pipeline::carry():183}:184}(Object(Illuminate\\Http\\Request))
#55 C:\\laragon\\www\\500-STAB-WOUNDS\\vendor\\laravel\\framework\\src\\Illuminate\\Foundation\\Http\\Kernel.php(175): Illuminate\\Pipeline\\Pipeline->then(Object(Closure))
#56 C:\\laragon\\www\\500-STAB-WOUNDS\\vendor\\laravel\\framework\\src\\Illuminate\\Foundation\\Http\\Kernel.php(144): Illuminate\\Foundation\\Http\\Kernel->sendRequestThroughRouter(Object(Illuminate\\Http\\Request))
#57 C:\\laragon\\www\\500-STAB-WOUNDS\\vendor\\laravel\\framework\\src\\Illuminate\\Foundation\\Application.php(1219): Illuminate\\Foundation\\Http\\Kernel->handle(Object(Illuminate\\Http\\Request))
#58 C:\\laragon\\www\\500-STAB-WOUNDS\\public\\index.php(20): Illuminate\\Foundation\\Application->handleRequest(Object(Illuminate\\Http\\Request))
#59 C:\\laragon\\www\\500-STAB-WOUNDS\\vendor\\laravel\\framework\\src\\Illuminate\\Foundation\\resources\\server.php(23): require_once('C:\\\\laragon\\\\www\\\\...')
#60 {main}
"} 
[2025-05-01 13:30:10] local.ERROR: SQLSTATE[42S22]: Column not found: 1054 Unknown column 'updated_at' in 'field list' (Connection: mysql, SQL: insert into `sale_items` (`sale_id`, `product_id`, `units_sold`, `unit_price`, `total_sales`, `month_name`, `updated_at`, `created_at`) values (1, 1, ?, ?, 22211, October, 2025-05-01 13:30:10, 2025-05-01 13:30:10)) {"exception":"[object] (Illuminate\\Database\\QueryException(code: 42S22): SQLSTATE[42S22]: Column not found: 1054 Unknown column 'updated_at' in 'field list' (Connection: mysql, SQL: insert into `sale_items` (`sale_id`, `product_id`, `units_sold`, `unit_price`, `total_sales`, `month_name`, `updated_at`, `created_at`) values (1, 1, ?, ?, 22211, October, 2025-05-01 13:30:10, 2025-05-01 13:30:10)) at C:\\laragon\\www\\500-STAB-WOUNDS\\vendor\\laravel\\framework\\src\\Illuminate\\Database\\Connection.php:822)
[stacktrace]
#0 C:\\laragon\\www\\500-STAB-WOUNDS\\vendor\\laravel\\framework\\src\\Illuminate\\Database\\Connection.php(776): Illuminate\\Database\\Connection->runQueryCallback('insert into `sa...', Array, Object(Closure))
#1 C:\\laragon\\www\\500-STAB-WOUNDS\\vendor\\laravel\\framework\\src\\Illuminate\\Database\\MySqlConnection.php(42): Illuminate\\Database\\Connection->run('insert into `sa...', Array, Object(Closure))
#2 C:\\laragon\\www\\500-STAB-WOUNDS\\vendor\\laravel\\framework\\src\\Illuminate\\Database\\Query\\Processors\\MySqlProcessor.php(35): Illuminate\\Database\\MySqlConnection->insert('insert into `sa...', Array, 'id')
#3 C:\\laragon\\www\\500-STAB-WOUNDS\\vendor\\laravel\\framework\\src\\Illuminate\\Database\\Query\\Builder.php(3779): Illuminate\\Database\\Query\\Processors\\MySqlProcessor->processInsertGetId(Object(Illuminate\\Database\\Query\\Builder), 'insert into `sa...', Array, 'id')
#4 C:\\laragon\\www\\500-STAB-WOUNDS\\vendor\\laravel\\framework\\src\\Illuminate\\Database\\Eloquent\\Builder.php(2204): Illuminate\\Database\\Query\\Builder->insertGetId(Array, 'id')
#5 C:\\laragon\\www\\500-STAB-WOUNDS\\vendor\\laravel\\framework\\src\\Illuminate\\Database\\Eloquent\\Model.php(1408): Illuminate\\Database\\Eloquent\\Builder->__call('insertGetId', Array)
#6 C:\\laragon\\www\\500-STAB-WOUNDS\\vendor\\laravel\\framework\\src\\Illuminate\\Database\\Eloquent\\Model.php(1373): Illuminate\\Database\\Eloquent\\Model->insertAndSetId(Object(Illuminate\\Database\\Eloquent\\Builder), Array)
#7 C:\\laragon\\www\\500-STAB-WOUNDS\\vendor\\laravel\\framework\\src\\Illuminate\\Database\\Eloquent\\Model.php(1212): Illuminate\\Database\\Eloquent\\Model->performInsert(Object(Illuminate\\Database\\Eloquent\\Builder))
#8 C:\\laragon\\www\\500-STAB-WOUNDS\\vendor\\laravel\\framework\\src\\Illuminate\\Database\\Eloquent\\Builder.php(1188): Illuminate\\Database\\Eloquent\\Model->save()
#9 C:\\laragon\\www\\500-STAB-WOUNDS\\vendor\\laravel\\framework\\src\\Illuminate\\Support\\helpers.php(399): Illuminate\\Database\\Eloquent\\Builder->{closure:Illuminate\\Database\\Eloquent\\Builder::create():1187}(Object(App\\Models\\SaleItem))
#10 C:\\laragon\\www\\500-STAB-WOUNDS\\vendor\\laravel\\framework\\src\\Illuminate\\Database\\Eloquent\\Builder.php(1187): tap(Object(App\\Models\\SaleItem), Object(Closure))
#11 C:\\laragon\\www\\500-STAB-WOUNDS\\vendor\\laravel\\framework\\src\\Illuminate\\Support\\Traits\\ForwardsCalls.php(23): Illuminate\\Database\\Eloquent\\Builder->create(Array)
#12 C:\\laragon\\www\\500-STAB-WOUNDS\\vendor\\laravel\\framework\\src\\Illuminate\\Database\\Eloquent\\Model.php(2449): Illuminate\\Database\\Eloquent\\Model->forwardCallTo(Object(Illuminate\\Database\\Eloquent\\Builder), 'create', Array)
#13 C:\\laragon\\www\\500-STAB-WOUNDS\\vendor\\laravel\\framework\\src\\Illuminate\\Database\\Eloquent\\Model.php(2465): Illuminate\\Database\\Eloquent\\Model->__call('create', Array)
#14 C:\\laragon\\www\\500-STAB-WOUNDS\\database\\seeders\\SalesSeeder.php(52): Illuminate\\Database\\Eloquent\\Model::__callStatic('create', Array)
#15 C:\\laragon\\www\\500-STAB-WOUNDS\\vendor\\laravel\\framework\\src\\Illuminate\\Container\\BoundMethod.php(36): Database\\Seeders\\SalesSeeder->run()
#16 C:\\laragon\\www\\500-STAB-WOUNDS\\vendor\\laravel\\framework\\src\\Illuminate\\Container\\Util.php(43): Illuminate\\Container\\BoundMethod::{closure:Illuminate\\Container\\BoundMethod::call():35}()
#17 C:\\laragon\\www\\500-STAB-WOUNDS\\vendor\\laravel\\framework\\src\\Illuminate\\Container\\BoundMethod.php(96): Illuminate\\Container\\Util::unwrapIfClosure(Object(Closure))
#18 C:\\laragon\\www\\500-STAB-WOUNDS\\vendor\\laravel\\framework\\src\\Illuminate\\Container\\BoundMethod.php(35): Illuminate\\Container\\BoundMethod::callBoundMethod(Object(Illuminate\\Foundation\\Application), Array, Object(Closure))
#19 C:\\laragon\\www\\500-STAB-WOUNDS\\vendor\\laravel\\framework\\src\\Illuminate\\Container\\Container.php(754): Illuminate\\Container\\BoundMethod::call(Object(Illuminate\\Foundation\\Application), Array, Array, NULL)
#20 C:\\laragon\\www\\500-STAB-WOUNDS\\vendor\\laravel\\framework\\src\\Illuminate\\Database\\Seeder.php(188): Illuminate\\Container\\Container->call(Array, Array)
#21 C:\\laragon\\www\\500-STAB-WOUNDS\\vendor\\laravel\\framework\\src\\Illuminate\\Database\\Seeder.php(197): Illuminate\\Database\\Seeder->{closure:Illuminate\\Database\\Seeder::__invoke():187}()
#22 C:\\laragon\\www\\500-STAB-WOUNDS\\vendor\\laravel\\framework\\src\\Illuminate\\Database\\Seeder.php(61): Illuminate\\Database\\Seeder->__invoke(Array)
#23 C:\\laragon\\www\\500-STAB-WOUNDS\\database\\seeders\\DatabaseSeeder.php(18): Illuminate\\Database\\Seeder->call('Database\\\\Seeder...')
#24 C:\\laragon\\www\\500-STAB-WOUNDS\\vendor\\laravel\\framework\\src\\Illuminate\\Container\\BoundMethod.php(36): Database\\Seeders\\DatabaseSeeder->run()
#25 C:\\laragon\\www\\500-STAB-WOUNDS\\vendor\\laravel\\framework\\src\\Illuminate\\Container\\Util.php(43): Illuminate\\Container\\BoundMethod::{closure:Illuminate\\Container\\BoundMethod::call():35}()
#26 C:\\laragon\\www\\500-STAB-WOUNDS\\vendor\\laravel\\framework\\src\\Illuminate\\Container\\BoundMethod.php(96): Illuminate\\Container\\Util::unwrapIfClosure(Object(Closure))
#27 C:\\laragon\\www\\500-STAB-WOUNDS\\vendor\\laravel\\framework\\src\\Illuminate\\Container\\BoundMethod.php(35): Illuminate\\Container\\BoundMethod::callBoundMethod(Object(Illuminate\\Foundation\\Application), Array, Object(Closure))
#28 C:\\laragon\\www\\500-STAB-WOUNDS\\vendor\\laravel\\framework\\src\\Illuminate\\Container\\Container.php(754): Illuminate\\Container\\BoundMethod::call(Object(Illuminate\\Foundation\\Application), Array, Array, NULL)
#29 C:\\laragon\\www\\500-STAB-WOUNDS\\vendor\\laravel\\framework\\src\\Illuminate\\Database\\Seeder.php(188): Illuminate\\Container\\Container->call(Array, Array)
#30 C:\\laragon\\www\\500-STAB-WOUNDS\\vendor\\laravel\\framework\\src\\Illuminate\\Database\\Seeder.php(197): Illuminate\\Database\\Seeder->{closure:Illuminate\\Database\\Seeder::__invoke():187}()
#31 C:\\laragon\\www\\500-STAB-WOUNDS\\vendor\\laravel\\framework\\src\\Illuminate\\Database\\Console\\Seeds\\SeedCommand.php(71): Illuminate\\Database\\Seeder->__invoke()
#32 C:\\laragon\\www\\500-STAB-WOUNDS\\vendor\\laravel\\framework\\src\\Illuminate\\Database\\Eloquent\\Concerns\\GuardsAttributes.php(155): Illuminate\\Database\\Console\\Seeds\\SeedCommand->{closure:Illuminate\\Database\\Console\\Seeds\\SeedCommand::handle():70}()
#33 C:\\laragon\\www\\500-STAB-WOUNDS\\vendor\\laravel\\framework\\src\\Illuminate\\Database\\Console\\Seeds\\SeedCommand.php(70): Illuminate\\Database\\Eloquent\\Model::unguarded(Object(Closure))
#34 C:\\laragon\\www\\500-STAB-WOUNDS\\vendor\\laravel\\framework\\src\\Illuminate\\Container\\BoundMethod.php(36): Illuminate\\Database\\Console\\Seeds\\SeedCommand->handle()
#35 C:\\laragon\\www\\500-STAB-WOUNDS\\vendor\\laravel\\framework\\src\\Illuminate\\Container\\Util.php(43): Illuminate\\Container\\BoundMethod::{closure:Illuminate\\Container\\BoundMethod::call():35}()
#36 C:\\laragon\\www\\500-STAB-WOUNDS\\vendor\\laravel\\framework\\src\\Illuminate\\Container\\BoundMethod.php(96): Illuminate\\Container\\Util::unwrapIfClosure(Object(Closure))
#37 C:\\laragon\\www\\500-STAB-WOUNDS\\vendor\\laravel\\framework\\src\\Illuminate\\Container\\BoundMethod.php(35): Illuminate\\Container\\BoundMethod::callBoundMethod(Object(Illuminate\\Foundation\\Application), Array, Object(Closure))
#38 C:\\laragon\\www\\500-STAB-WOUNDS\\vendor\\laravel\\framework\\src\\Illuminate\\Container\\Container.php(754): Illuminate\\Container\\BoundMethod::call(Object(Illuminate\\Foundation\\Application), Array, Array, NULL)
#39 C:\\laragon\\www\\500-STAB-WOUNDS\\vendor\\laravel\\framework\\src\\Illuminate\\Console\\Command.php(211): Illuminate\\Container\\Container->call(Array)
#40 C:\\laragon\\www\\500-STAB-WOUNDS\\vendor\\symfony\\console\\Command\\Command.php(279): Illuminate\\Console\\Command->execute(Object(Symfony\\Component\\Console\\Input\\ArrayInput), Object(Illuminate\\Console\\OutputStyle))
#41 C:\\laragon\\www\\500-STAB-WOUNDS\\vendor\\laravel\\framework\\src\\Illuminate\\Console\\Command.php(180): Symfony\\Component\\Console\\Command\\Command->run(Object(Symfony\\Component\\Console\\Input\\ArrayInput), Object(Illuminate\\Console\\OutputStyle))
#42 C:\\laragon\\www\\500-STAB-WOUNDS\\vendor\\laravel\\framework\\src\\Illuminate\\Console\\Concerns\\CallsCommands.php(68): Illuminate\\Console\\Command->run(Object(Symfony\\Component\\Console\\Input\\ArrayInput), Object(Illuminate\\Console\\OutputStyle))
#43 C:\\laragon\\www\\500-STAB-WOUNDS\\vendor\\laravel\\framework\\src\\Illuminate\\Console\\Concerns\\CallsCommands.php(29): Illuminate\\Console\\Command->runCommand('db:seed', Array, Object(Illuminate\\Console\\OutputStyle))
#44 C:\\laragon\\www\\500-STAB-WOUNDS\\vendor\\laravel\\framework\\src\\Illuminate\\Database\\Console\\Migrations\\FreshCommand.php(121): Illuminate\\Console\\Command->call('db:seed', Array)
#45 C:\\laragon\\www\\500-STAB-WOUNDS\\vendor\\laravel\\framework\\src\\Illuminate\\Database\\Console\\Migrations\\FreshCommand.php(97): Illuminate\\Database\\Console\\Migrations\\FreshCommand->runSeeder(NULL)
#46 C:\\laragon\\www\\500-STAB-WOUNDS\\vendor\\laravel\\framework\\src\\Illuminate\\Container\\BoundMethod.php(36): Illuminate\\Database\\Console\\Migrations\\FreshCommand->handle()
#47 C:\\laragon\\www\\500-STAB-WOUNDS\\vendor\\laravel\\framework\\src\\Illuminate\\Container\\Util.php(43): Illuminate\\Container\\BoundMethod::{closure:Illuminate\\Container\\BoundMethod::call():35}()
#48 C:\\laragon\\www\\500-STAB-WOUNDS\\vendor\\laravel\\framework\\src\\Illuminate\\Container\\BoundMethod.php(96): Illuminate\\Container\\Util::unwrapIfClosure(Object(Closure))
#49 C:\\laragon\\www\\500-STAB-WOUNDS\\vendor\\laravel\\framework\\src\\Illuminate\\Container\\BoundMethod.php(35): Illuminate\\Container\\BoundMethod::callBoundMethod(Object(Illuminate\\Foundation\\Application), Array, Object(Closure))
#50 C:\\laragon\\www\\500-STAB-WOUNDS\\vendor\\laravel\\framework\\src\\Illuminate\\Container\\Container.php(754): Illuminate\\Container\\BoundMethod::call(Object(Illuminate\\Foundation\\Application), Array, Array, NULL)
#51 C:\\laragon\\www\\500-STAB-WOUNDS\\vendor\\laravel\\framework\\src\\Illuminate\\Console\\Command.php(211): Illuminate\\Container\\Container->call(Array)
#52 C:\\laragon\\www\\500-STAB-WOUNDS\\vendor\\symfony\\console\\Command\\Command.php(279): Illuminate\\Console\\Command->execute(Object(Symfony\\Component\\Console\\Input\\ArgvInput), Object(Illuminate\\Console\\OutputStyle))
#53 C:\\laragon\\www\\500-STAB-WOUNDS\\vendor\\laravel\\framework\\src\\Illuminate\\Console\\Command.php(180): Symfony\\Component\\Console\\Command\\Command->run(Object(Symfony\\Component\\Console\\Input\\ArgvInput), Object(Illuminate\\Console\\OutputStyle))
#54 C:\\laragon\\www\\500-STAB-WOUNDS\\vendor\\symfony\\console\\Application.php(1094): Illuminate\\Console\\Command->run(Object(Symfony\\Component\\Console\\Input\\ArgvInput), Object(Symfony\\Component\\Console\\Output\\ConsoleOutput))
#55 C:\\laragon\\www\\500-STAB-WOUNDS\\vendor\\symfony\\console\\Application.php(342): Symfony\\Component\\Console\\Application->doRunCommand(Object(Illuminate\\Database\\Console\\Migrations\\FreshCommand), Object(Symfony\\Component\\Console\\Input\\ArgvInput), Object(Symfony\\Component\\Console\\Output\\ConsoleOutput))
#56 C:\\laragon\\www\\500-STAB-WOUNDS\\vendor\\symfony\\console\\Application.php(193): Symfony\\Component\\Console\\Application->doRun(Object(Symfony\\Component\\Console\\Input\\ArgvInput), Object(Symfony\\Component\\Console\\Output\\ConsoleOutput))
#57 C:\\laragon\\www\\500-STAB-WOUNDS\\vendor\\laravel\\framework\\src\\Illuminate\\Foundation\\Console\\Kernel.php(197): Symfony\\Component\\Console\\Application->run(Object(Symfony\\Component\\Console\\Input\\ArgvInput), Object(Symfony\\Component\\Console\\Output\\ConsoleOutput))
#58 C:\\laragon\\www\\500-STAB-WOUNDS\\vendor\\laravel\\framework\\src\\Illuminate\\Foundation\\Application.php(1234): Illuminate\\Foundation\\Console\\Kernel->handle(Object(Symfony\\Component\\Console\\Input\\ArgvInput), Object(Symfony\\Component\\Console\\Output\\ConsoleOutput))
#59 C:\\laragon\\www\\500-STAB-WOUNDS\\artisan(16): Illuminate\\Foundation\\Application->handleCommand(Object(Symfony\\Component\\Console\\Input\\ArgvInput))
#60 {main}

[previous exception] [object] (PDOException(code: 42S22): SQLSTATE[42S22]: Column not found: 1054 Unknown column 'updated_at' in 'field list' at C:\\laragon\\www\\500-STAB-WOUNDS\\vendor\\laravel\\framework\\src\\Illuminate\\Database\\MySqlConnection.php:47)
[stacktrace]
#0 C:\\laragon\\www\\500-STAB-WOUNDS\\vendor\\laravel\\framework\\src\\Illuminate\\Database\\MySqlConnection.php(47): PDO->prepare('insert into `sa...')
#1 C:\\laragon\\www\\500-STAB-WOUNDS\\vendor\\laravel\\framework\\src\\Illuminate\\Database\\Connection.php(809): Illuminate\\Database\\MySqlConnection->{closure:Illuminate\\Database\\MySqlConnection::insert():42}('insert into `sa...', Array)
#2 C:\\laragon\\www\\500-STAB-WOUNDS\\vendor\\laravel\\framework\\src\\Illuminate\\Database\\Connection.php(776): Illuminate\\Database\\Connection->runQueryCallback('insert into `sa...', Array, Object(Closure))
#3 C:\\laragon\\www\\500-STAB-WOUNDS\\vendor\\laravel\\framework\\src\\Illuminate\\Database\\MySqlConnection.php(42): Illuminate\\Database\\Connection->run('insert into `sa...', Array, Object(Closure))
#4 C:\\laragon\\www\\500-STAB-WOUNDS\\vendor\\laravel\\framework\\src\\Illuminate\\Database\\Query\\Processors\\MySqlProcessor.php(35): Illuminate\\Database\\MySqlConnection->insert('insert into `sa...', Array, 'id')
#5 C:\\laragon\\www\\500-STAB-WOUNDS\\vendor\\laravel\\framework\\src\\Illuminate\\Database\\Query\\Builder.php(3779): Illuminate\\Database\\Query\\Processors\\MySqlProcessor->processInsertGetId(Object(Illuminate\\Database\\Query\\Builder), 'insert into `sa...', Array, 'id')
#6 C:\\laragon\\www\\500-STAB-WOUNDS\\vendor\\laravel\\framework\\src\\Illuminate\\Database\\Eloquent\\Builder.php(2204): Illuminate\\Database\\Query\\Builder->insertGetId(Array, 'id')
#7 C:\\laragon\\www\\500-STAB-WOUNDS\\vendor\\laravel\\framework\\src\\Illuminate\\Database\\Eloquent\\Model.php(1408): Illuminate\\Database\\Eloquent\\Builder->__call('insertGetId', Array)
#8 C:\\laragon\\www\\500-STAB-WOUNDS\\vendor\\laravel\\framework\\src\\Illuminate\\Database\\Eloquent\\Model.php(1373): Illuminate\\Database\\Eloquent\\Model->insertAndSetId(Object(Illuminate\\Database\\Eloquent\\Builder), Array)
#9 C:\\laragon\\www\\500-STAB-WOUNDS\\vendor\\laravel\\framework\\src\\Illuminate\\Database\\Eloquent\\Model.php(1212): Illuminate\\Database\\Eloquent\\Model->performInsert(Object(Illuminate\\Database\\Eloquent\\Builder))
#10 C:\\laragon\\www\\500-STAB-WOUNDS\\vendor\\laravel\\framework\\src\\Illuminate\\Database\\Eloquent\\Builder.php(1188): Illuminate\\Database\\Eloquent\\Model->save()
#11 C:\\laragon\\www\\500-STAB-WOUNDS\\vendor\\laravel\\framework\\src\\Illuminate\\Support\\helpers.php(399): Illuminate\\Database\\Eloquent\\Builder->{closure:Illuminate\\Database\\Eloquent\\Builder::create():1187}(Object(App\\Models\\SaleItem))
#12 C:\\laragon\\www\\500-STAB-WOUNDS\\vendor\\laravel\\framework\\src\\Illuminate\\Database\\Eloquent\\Builder.php(1187): tap(Object(App\\Models\\SaleItem), Object(Closure))
#13 C:\\laragon\\www\\500-STAB-WOUNDS\\vendor\\laravel\\framework\\src\\Illuminate\\Support\\Traits\\ForwardsCalls.php(23): Illuminate\\Database\\Eloquent\\Builder->create(Array)
#14 C:\\laragon\\www\\500-STAB-WOUNDS\\vendor\\laravel\\framework\\src\\Illuminate\\Database\\Eloquent\\Model.php(2449): Illuminate\\Database\\Eloquent\\Model->forwardCallTo(Object(Illuminate\\Database\\Eloquent\\Builder), 'create', Array)
#15 C:\\laragon\\www\\500-STAB-WOUNDS\\vendor\\laravel\\framework\\src\\Illuminate\\Database\\Eloquent\\Model.php(2465): Illuminate\\Database\\Eloquent\\Model->__call('create', Array)
#16 C:\\laragon\\www\\500-STAB-WOUNDS\\database\\seeders\\SalesSeeder.php(52): Illuminate\\Database\\Eloquent\\Model::__callStatic('create', Array)
#17 C:\\laragon\\www\\500-STAB-WOUNDS\\vendor\\laravel\\framework\\src\\Illuminate\\Container\\BoundMethod.php(36): Database\\Seeders\\SalesSeeder->run()
#18 C:\\laragon\\www\\500-STAB-WOUNDS\\vendor\\laravel\\framework\\src\\Illuminate\\Container\\Util.php(43): Illuminate\\Container\\BoundMethod::{closure:Illuminate\\Container\\BoundMethod::call():35}()
#19 C:\\laragon\\www\\500-STAB-WOUNDS\\vendor\\laravel\\framework\\src\\Illuminate\\Container\\BoundMethod.php(96): Illuminate\\Container\\Util::unwrapIfClosure(Object(Closure))
#20 C:\\laragon\\www\\500-STAB-WOUNDS\\vendor\\laravel\\framework\\src\\Illuminate\\Container\\BoundMethod.php(35): Illuminate\\Container\\BoundMethod::callBoundMethod(Object(Illuminate\\Foundation\\Application), Array, Object(Closure))
#21 C:\\laragon\\www\\500-STAB-WOUNDS\\vendor\\laravel\\framework\\src\\Illuminate\\Container\\Container.php(754): Illuminate\\Container\\BoundMethod::call(Object(Illuminate\\Foundation\\Application), Array, Array, NULL)
#22 C:\\laragon\\www\\500-STAB-WOUNDS\\vendor\\laravel\\framework\\src\\Illuminate\\Database\\Seeder.php(188): Illuminate\\Container\\Container->call(Array, Array)
#23 C:\\laragon\\www\\500-STAB-WOUNDS\\vendor\\laravel\\framework\\src\\Illuminate\\Database\\Seeder.php(197): Illuminate\\Database\\Seeder->{closure:Illuminate\\Database\\Seeder::__invoke():187}()
#24 C:\\laragon\\www\\500-STAB-WOUNDS\\vendor\\laravel\\framework\\src\\Illuminate\\Database\\Seeder.php(61): Illuminate\\Database\\Seeder->__invoke(Array)
#25 C:\\laragon\\www\\500-STAB-WOUNDS\\database\\seeders\\DatabaseSeeder.php(18): Illuminate\\Database\\Seeder->call('Database\\\\Seeder...')
#26 C:\\laragon\\www\\500-STAB-WOUNDS\\vendor\\laravel\\framework\\src\\Illuminate\\Container\\BoundMethod.php(36): Database\\Seeders\\DatabaseSeeder->run()
#27 C:\\laragon\\www\\500-STAB-WOUNDS\\vendor\\laravel\\framework\\src\\Illuminate\\Container\\Util.php(43): Illuminate\\Container\\BoundMethod::{closure:Illuminate\\Container\\BoundMethod::call():35}()
#28 C:\\laragon\\www\\500-STAB-WOUNDS\\vendor\\laravel\\framework\\src\\Illuminate\\Container\\BoundMethod.php(96): Illuminate\\Container\\Util::unwrapIfClosure(Object(Closure))
#29 C:\\laragon\\www\\500-STAB-WOUNDS\\vendor\\laravel\\framework\\src\\Illuminate\\Container\\BoundMethod.php(35): Illuminate\\Container\\BoundMethod::callBoundMethod(Object(Illuminate\\Foundation\\Application), Array, Object(Closure))
#30 C:\\laragon\\www\\500-STAB-WOUNDS\\vendor\\laravel\\framework\\src\\Illuminate\\Container\\Container.php(754): Illuminate\\Container\\BoundMethod::call(Object(Illuminate\\Foundation\\Application), Array, Array, NULL)
#31 C:\\laragon\\www\\500-STAB-WOUNDS\\vendor\\laravel\\framework\\src\\Illuminate\\Database\\Seeder.php(188): Illuminate\\Container\\Container->call(Array, Array)
#32 C:\\laragon\\www\\500-STAB-WOUNDS\\vendor\\laravel\\framework\\src\\Illuminate\\Database\\Seeder.php(197): Illuminate\\Database\\Seeder->{closure:Illuminate\\Database\\Seeder::__invoke():187}()
#33 C:\\laragon\\www\\500-STAB-WOUNDS\\vendor\\laravel\\framework\\src\\Illuminate\\Database\\Console\\Seeds\\SeedCommand.php(71): Illuminate\\Database\\Seeder->__invoke()
#34 C:\\laragon\\www\\500-STAB-WOUNDS\\vendor\\laravel\\framework\\src\\Illuminate\\Database\\Eloquent\\Concerns\\GuardsAttributes.php(155): Illuminate\\Database\\Console\\Seeds\\SeedCommand->{closure:Illuminate\\Database\\Console\\Seeds\\SeedCommand::handle():70}()
#35 C:\\laragon\\www\\500-STAB-WOUNDS\\vendor\\laravel\\framework\\src\\Illuminate\\Database\\Console\\Seeds\\SeedCommand.php(70): Illuminate\\Database\\Eloquent\\Model::unguarded(Object(Closure))
#36 C:\\laragon\\www\\500-STAB-WOUNDS\\vendor\\laravel\\framework\\src\\Illuminate\\Container\\BoundMethod.php(36): Illuminate\\Database\\Console\\Seeds\\SeedCommand->handle()
#37 C:\\laragon\\www\\500-STAB-WOUNDS\\vendor\\laravel\\framework\\src\\Illuminate\\Container\\Util.php(43): Illuminate\\Container\\BoundMethod::{closure:Illuminate\\Container\\BoundMethod::call():35}()
#38 C:\\laragon\\www\\500-STAB-WOUNDS\\vendor\\laravel\\framework\\src\\Illuminate\\Container\\BoundMethod.php(96): Illuminate\\Container\\Util::unwrapIfClosure(Object(Closure))
#39 C:\\laragon\\www\\500-STAB-WOUNDS\\vendor\\laravel\\framework\\src\\Illuminate\\Container\\BoundMethod.php(35): Illuminate\\Container\\BoundMethod::callBoundMethod(Object(Illuminate\\Foundation\\Application), Array, Object(Closure))
#40 C:\\laragon\\www\\500-STAB-WOUNDS\\vendor\\laravel\\framework\\src\\Illuminate\\Container\\Container.php(754): Illuminate\\Container\\BoundMethod::call(Object(Illuminate\\Foundation\\Application), Array, Array, NULL)
#41 C:\\laragon\\www\\500-STAB-WOUNDS\\vendor\\laravel\\framework\\src\\Illuminate\\Console\\Command.php(211): Illuminate\\Container\\Container->call(Array)
#42 C:\\laragon\\www\\500-STAB-WOUNDS\\vendor\\symfony\\console\\Command\\Command.php(279): Illuminate\\Console\\Command->execute(Object(Symfony\\Component\\Console\\Input\\ArrayInput), Object(Illuminate\\Console\\OutputStyle))
#43 C:\\laragon\\www\\500-STAB-WOUNDS\\vendor\\laravel\\framework\\src\\Illuminate\\Console\\Command.php(180): Symfony\\Component\\Console\\Command\\Command->run(Object(Symfony\\Component\\Console\\Input\\ArrayInput), Object(Illuminate\\Console\\OutputStyle))
#44 C:\\laragon\\www\\500-STAB-WOUNDS\\vendor\\laravel\\framework\\src\\Illuminate\\Console\\Concerns\\CallsCommands.php(68): Illuminate\\Console\\Command->run(Object(Symfony\\Component\\Console\\Input\\ArrayInput), Object(Illuminate\\Console\\OutputStyle))
#45 C:\\laragon\\www\\500-STAB-WOUNDS\\vendor\\laravel\\framework\\src\\Illuminate\\Console\\Concerns\\CallsCommands.php(29): Illuminate\\Console\\Command->runCommand('db:seed', Array, Object(Illuminate\\Console\\OutputStyle))
#46 C:\\laragon\\www\\500-STAB-WOUNDS\\vendor\\laravel\\framework\\src\\Illuminate\\Database\\Console\\Migrations\\FreshCommand.php(121): Illuminate\\Console\\Command->call('db:seed', Array)
#47 C:\\laragon\\www\\500-STAB-WOUNDS\\vendor\\laravel\\framework\\src\\Illuminate\\Database\\Console\\Migrations\\FreshCommand.php(97): Illuminate\\Database\\Console\\Migrations\\FreshCommand->runSeeder(NULL)
#48 C:\\laragon\\www\\500-STAB-WOUNDS\\vendor\\laravel\\framework\\src\\Illuminate\\Container\\BoundMethod.php(36): Illuminate\\Database\\Console\\Migrations\\FreshCommand->handle()
#49 C:\\laragon\\www\\500-STAB-WOUNDS\\vendor\\laravel\\framework\\src\\Illuminate\\Container\\Util.php(43): Illuminate\\Container\\BoundMethod::{closure:Illuminate\\Container\\BoundMethod::call():35}()
#50 C:\\laragon\\www\\500-STAB-WOUNDS\\vendor\\laravel\\framework\\src\\Illuminate\\Container\\BoundMethod.php(96): Illuminate\\Container\\Util::unwrapIfClosure(Object(Closure))
#51 C:\\laragon\\www\\500-STAB-WOUNDS\\vendor\\laravel\\framework\\src\\Illuminate\\Container\\BoundMethod.php(35): Illuminate\\Container\\BoundMethod::callBoundMethod(Object(Illuminate\\Foundation\\Application), Array, Object(Closure))
#52 C:\\laragon\\www\\500-STAB-WOUNDS\\vendor\\laravel\\framework\\src\\Illuminate\\Container\\Container.php(754): Illuminate\\Container\\BoundMethod::call(Object(Illuminate\\Foundation\\Application), Array, Array, NULL)
#53 C:\\laragon\\www\\500-STAB-WOUNDS\\vendor\\laravel\\framework\\src\\Illuminate\\Console\\Command.php(211): Illuminate\\Container\\Container->call(Array)
#54 C:\\laragon\\www\\500-STAB-WOUNDS\\vendor\\symfony\\console\\Command\\Command.php(279): Illuminate\\Console\\Command->execute(Object(Symfony\\Component\\Console\\Input\\ArgvInput), Object(Illuminate\\Console\\OutputStyle))
#55 C:\\laragon\\www\\500-STAB-WOUNDS\\vendor\\laravel\\framework\\src\\Illuminate\\Console\\Command.php(180): Symfony\\Component\\Console\\Command\\Command->run(Object(Symfony\\Component\\Console\\Input\\ArgvInput), Object(Illuminate\\Console\\OutputStyle))
#56 C:\\laragon\\www\\500-STAB-WOUNDS\\vendor\\symfony\\console\\Application.php(1094): Illuminate\\Console\\Command->run(Object(Symfony\\Component\\Console\\Input\\ArgvInput), Object(Symfony\\Component\\Console\\Output\\ConsoleOutput))
#57 C:\\laragon\\www\\500-STAB-WOUNDS\\vendor\\symfony\\console\\Application.php(342): Symfony\\Component\\Console\\Application->doRunCommand(Object(Illuminate\\Database\\Console\\Migrations\\FreshCommand), Object(Symfony\\Component\\Console\\Input\\ArgvInput), Object(Symfony\\Component\\Console\\Output\\ConsoleOutput))
#58 C:\\laragon\\www\\500-STAB-WOUNDS\\vendor\\symfony\\console\\Application.php(193): Symfony\\Component\\Console\\Application->doRun(Object(Symfony\\Component\\Console\\Input\\ArgvInput), Object(Symfony\\Component\\Console\\Output\\ConsoleOutput))
#59 C:\\laragon\\www\\500-STAB-WOUNDS\\vendor\\laravel\\framework\\src\\Illuminate\\Foundation\\Console\\Kernel.php(197): Symfony\\Component\\Console\\Application->run(Object(Symfony\\Component\\Console\\Input\\ArgvInput), Object(Symfony\\Component\\Console\\Output\\ConsoleOutput))
#60 C:\\laragon\\www\\500-STAB-WOUNDS\\vendor\\laravel\\framework\\src\\Illuminate\\Foundation\\Application.php(1234): Illuminate\\Foundation\\Console\\Kernel->handle(Object(Symfony\\Component\\Console\\Input\\ArgvInput), Object(Symfony\\Component\\Console\\Output\\ConsoleOutput))
#61 C:\\laragon\\www\\500-STAB-WOUNDS\\artisan(16): Illuminate\\Foundation\\Application->handleCommand(Object(Symfony\\Component\\Console\\Input\\ArgvInput))
#62 {main}
"} 
[2025-05-01 13:32:25] local.ERROR: Array to string conversion (Connection: mysql, SQL: insert into `sale_items` (`sale_id`, `product_id`, `units_sold`, `unit_price`, `total_sales`, `month_name`, `updated_at`, `created_at`) values (1, 1, ?, ?, 22211, October, 2025-05-01 13:32:25, 2025-05-01 13:32:25)) {"exception":"[object] (Illuminate\\Database\\QueryException(code: 0): Array to string conversion (Connection: mysql, SQL: insert into `sale_items` (`sale_id`, `product_id`, `units_sold`, `unit_price`, `total_sales`, `month_name`, `updated_at`, `created_at`) values (1, 1, ?, ?, 22211, October, 2025-05-01 13:32:25, 2025-05-01 13:32:25)) at C:\\laragon\\www\\500-STAB-WOUNDS\\vendor\\laravel\\framework\\src\\Illuminate\\Database\\Connection.php:822)
[stacktrace]
#0 C:\\laragon\\www\\500-STAB-WOUNDS\\vendor\\laravel\\framework\\src\\Illuminate\\Database\\Connection.php(776): Illuminate\\Database\\Connection->runQueryCallback('insert into `sa...', Array, Object(Closure))
#1 C:\\laragon\\www\\500-STAB-WOUNDS\\vendor\\laravel\\framework\\src\\Illuminate\\Database\\MySqlConnection.php(42): Illuminate\\Database\\Connection->run('insert into `sa...', Array, Object(Closure))
#2 C:\\laragon\\www\\500-STAB-WOUNDS\\vendor\\laravel\\framework\\src\\Illuminate\\Database\\Query\\Processors\\MySqlProcessor.php(35): Illuminate\\Database\\MySqlConnection->insert('insert into `sa...', Array, 'id')
#3 C:\\laragon\\www\\500-STAB-WOUNDS\\vendor\\laravel\\framework\\src\\Illuminate\\Database\\Query\\Builder.php(3779): Illuminate\\Database\\Query\\Processors\\MySqlProcessor->processInsertGetId(Object(Illuminate\\Database\\Query\\Builder), 'insert into `sa...', Array, 'id')
#4 C:\\laragon\\www\\500-STAB-WOUNDS\\vendor\\laravel\\framework\\src\\Illuminate\\Database\\Eloquent\\Builder.php(2204): Illuminate\\Database\\Query\\Builder->insertGetId(Array, 'id')
#5 C:\\laragon\\www\\500-STAB-WOUNDS\\vendor\\laravel\\framework\\src\\Illuminate\\Database\\Eloquent\\Model.php(1408): Illuminate\\Database\\Eloquent\\Builder->__call('insertGetId', Array)
#6 C:\\laragon\\www\\500-STAB-WOUNDS\\vendor\\laravel\\framework\\src\\Illuminate\\Database\\Eloquent\\Model.php(1373): Illuminate\\Database\\Eloquent\\Model->insertAndSetId(Object(Illuminate\\Database\\Eloquent\\Builder), Array)
#7 C:\\laragon\\www\\500-STAB-WOUNDS\\vendor\\laravel\\framework\\src\\Illuminate\\Database\\Eloquent\\Model.php(1212): Illuminate\\Database\\Eloquent\\Model->performInsert(Object(Illuminate\\Database\\Eloquent\\Builder))
#8 C:\\laragon\\www\\500-STAB-WOUNDS\\vendor\\laravel\\framework\\src\\Illuminate\\Database\\Eloquent\\Builder.php(1188): Illuminate\\Database\\Eloquent\\Model->save()
#9 C:\\laragon\\www\\500-STAB-WOUNDS\\vendor\\laravel\\framework\\src\\Illuminate\\Support\\helpers.php(399): Illuminate\\Database\\Eloquent\\Builder->{closure:Illuminate\\Database\\Eloquent\\Builder::create():1187}(Object(App\\Models\\SaleItem))
#10 C:\\laragon\\www\\500-STAB-WOUNDS\\vendor\\laravel\\framework\\src\\Illuminate\\Database\\Eloquent\\Builder.php(1187): tap(Object(App\\Models\\SaleItem), Object(Closure))
#11 C:\\laragon\\www\\500-STAB-WOUNDS\\vendor\\laravel\\framework\\src\\Illuminate\\Support\\Traits\\ForwardsCalls.php(23): Illuminate\\Database\\Eloquent\\Builder->create(Array)
#12 C:\\laragon\\www\\500-STAB-WOUNDS\\vendor\\laravel\\framework\\src\\Illuminate\\Database\\Eloquent\\Model.php(2449): Illuminate\\Database\\Eloquent\\Model->forwardCallTo(Object(Illuminate\\Database\\Eloquent\\Builder), 'create', Array)
#13 C:\\laragon\\www\\500-STAB-WOUNDS\\vendor\\laravel\\framework\\src\\Illuminate\\Database\\Eloquent\\Model.php(2465): Illuminate\\Database\\Eloquent\\Model->__call('create', Array)
#14 C:\\laragon\\www\\500-STAB-WOUNDS\\database\\seeders\\SalesSeeder.php(52): Illuminate\\Database\\Eloquent\\Model::__callStatic('create', Array)
#15 C:\\laragon\\www\\500-STAB-WOUNDS\\vendor\\laravel\\framework\\src\\Illuminate\\Container\\BoundMethod.php(36): Database\\Seeders\\SalesSeeder->run()
#16 C:\\laragon\\www\\500-STAB-WOUNDS\\vendor\\laravel\\framework\\src\\Illuminate\\Container\\Util.php(43): Illuminate\\Container\\BoundMethod::{closure:Illuminate\\Container\\BoundMethod::call():35}()
#17 C:\\laragon\\www\\500-STAB-WOUNDS\\vendor\\laravel\\framework\\src\\Illuminate\\Container\\BoundMethod.php(96): Illuminate\\Container\\Util::unwrapIfClosure(Object(Closure))
#18 C:\\laragon\\www\\500-STAB-WOUNDS\\vendor\\laravel\\framework\\src\\Illuminate\\Container\\BoundMethod.php(35): Illuminate\\Container\\BoundMethod::callBoundMethod(Object(Illuminate\\Foundation\\Application), Array, Object(Closure))
#19 C:\\laragon\\www\\500-STAB-WOUNDS\\vendor\\laravel\\framework\\src\\Illuminate\\Container\\Container.php(754): Illuminate\\Container\\BoundMethod::call(Object(Illuminate\\Foundation\\Application), Array, Array, NULL)
#20 C:\\laragon\\www\\500-STAB-WOUNDS\\vendor\\laravel\\framework\\src\\Illuminate\\Database\\Seeder.php(188): Illuminate\\Container\\Container->call(Array, Array)
#21 C:\\laragon\\www\\500-STAB-WOUNDS\\vendor\\laravel\\framework\\src\\Illuminate\\Database\\Seeder.php(197): Illuminate\\Database\\Seeder->{closure:Illuminate\\Database\\Seeder::__invoke():187}()
#22 C:\\laragon\\www\\500-STAB-WOUNDS\\vendor\\laravel\\framework\\src\\Illuminate\\Database\\Seeder.php(61): Illuminate\\Database\\Seeder->__invoke(Array)
#23 C:\\laragon\\www\\500-STAB-WOUNDS\\database\\seeders\\DatabaseSeeder.php(18): Illuminate\\Database\\Seeder->call('Database\\\\Seeder...')
#24 C:\\laragon\\www\\500-STAB-WOUNDS\\vendor\\laravel\\framework\\src\\Illuminate\\Container\\BoundMethod.php(36): Database\\Seeders\\DatabaseSeeder->run()
#25 C:\\laragon\\www\\500-STAB-WOUNDS\\vendor\\laravel\\framework\\src\\Illuminate\\Container\\Util.php(43): Illuminate\\Container\\BoundMethod::{closure:Illuminate\\Container\\BoundMethod::call():35}()
#26 C:\\laragon\\www\\500-STAB-WOUNDS\\vendor\\laravel\\framework\\src\\Illuminate\\Container\\BoundMethod.php(96): Illuminate\\Container\\Util::unwrapIfClosure(Object(Closure))
#27 C:\\laragon\\www\\500-STAB-WOUNDS\\vendor\\laravel\\framework\\src\\Illuminate\\Container\\BoundMethod.php(35): Illuminate\\Container\\BoundMethod::callBoundMethod(Object(Illuminate\\Foundation\\Application), Array, Object(Closure))
#28 C:\\laragon\\www\\500-STAB-WOUNDS\\vendor\\laravel\\framework\\src\\Illuminate\\Container\\Container.php(754): Illuminate\\Container\\BoundMethod::call(Object(Illuminate\\Foundation\\Application), Array, Array, NULL)
#29 C:\\laragon\\www\\500-STAB-WOUNDS\\vendor\\laravel\\framework\\src\\Illuminate\\Database\\Seeder.php(188): Illuminate\\Container\\Container->call(Array, Array)
#30 C:\\laragon\\www\\500-STAB-WOUNDS\\vendor\\laravel\\framework\\src\\Illuminate\\Database\\Seeder.php(197): Illuminate\\Database\\Seeder->{closure:Illuminate\\Database\\Seeder::__invoke():187}()
#31 C:\\laragon\\www\\500-STAB-WOUNDS\\vendor\\laravel\\framework\\src\\Illuminate\\Database\\Console\\Seeds\\SeedCommand.php(71): Illuminate\\Database\\Seeder->__invoke()
#32 C:\\laragon\\www\\500-STAB-WOUNDS\\vendor\\laravel\\framework\\src\\Illuminate\\Database\\Eloquent\\Concerns\\GuardsAttributes.php(155): Illuminate\\Database\\Console\\Seeds\\SeedCommand->{closure:Illuminate\\Database\\Console\\Seeds\\SeedCommand::handle():70}()
#33 C:\\laragon\\www\\500-STAB-WOUNDS\\vendor\\laravel\\framework\\src\\Illuminate\\Database\\Console\\Seeds\\SeedCommand.php(70): Illuminate\\Database\\Eloquent\\Model::unguarded(Object(Closure))
#34 C:\\laragon\\www\\500-STAB-WOUNDS\\vendor\\laravel\\framework\\src\\Illuminate\\Container\\BoundMethod.php(36): Illuminate\\Database\\Console\\Seeds\\SeedCommand->handle()
#35 C:\\laragon\\www\\500-STAB-WOUNDS\\vendor\\laravel\\framework\\src\\Illuminate\\Container\\Util.php(43): Illuminate\\Container\\BoundMethod::{closure:Illuminate\\Container\\BoundMethod::call():35}()
#36 C:\\laragon\\www\\500-STAB-WOUNDS\\vendor\\laravel\\framework\\src\\Illuminate\\Container\\BoundMethod.php(96): Illuminate\\Container\\Util::unwrapIfClosure(Object(Closure))
#37 C:\\laragon\\www\\500-STAB-WOUNDS\\vendor\\laravel\\framework\\src\\Illuminate\\Container\\BoundMethod.php(35): Illuminate\\Container\\BoundMethod::callBoundMethod(Object(Illuminate\\Foundation\\Application), Array, Object(Closure))
#38 C:\\laragon\\www\\500-STAB-WOUNDS\\vendor\\laravel\\framework\\src\\Illuminate\\Container\\Container.php(754): Illuminate\\Container\\BoundMethod::call(Object(Illuminate\\Foundation\\Application), Array, Array, NULL)
#39 C:\\laragon\\www\\500-STAB-WOUNDS\\vendor\\laravel\\framework\\src\\Illuminate\\Console\\Command.php(211): Illuminate\\Container\\Container->call(Array)
#40 C:\\laragon\\www\\500-STAB-WOUNDS\\vendor\\symfony\\console\\Command\\Command.php(279): Illuminate\\Console\\Command->execute(Object(Symfony\\Component\\Console\\Input\\ArrayInput), Object(Illuminate\\Console\\OutputStyle))
#41 C:\\laragon\\www\\500-STAB-WOUNDS\\vendor\\laravel\\framework\\src\\Illuminate\\Console\\Command.php(180): Symfony\\Component\\Console\\Command\\Command->run(Object(Symfony\\Component\\Console\\Input\\ArrayInput), Object(Illuminate\\Console\\OutputStyle))
#42 C:\\laragon\\www\\500-STAB-WOUNDS\\vendor\\laravel\\framework\\src\\Illuminate\\Console\\Concerns\\CallsCommands.php(68): Illuminate\\Console\\Command->run(Object(Symfony\\Component\\Console\\Input\\ArrayInput), Object(Illuminate\\Console\\OutputStyle))
#43 C:\\laragon\\www\\500-STAB-WOUNDS\\vendor\\laravel\\framework\\src\\Illuminate\\Console\\Concerns\\CallsCommands.php(29): Illuminate\\Console\\Command->runCommand('db:seed', Array, Object(Illuminate\\Console\\OutputStyle))
#44 C:\\laragon\\www\\500-STAB-WOUNDS\\vendor\\laravel\\framework\\src\\Illuminate\\Database\\Console\\Migrations\\FreshCommand.php(121): Illuminate\\Console\\Command->call('db:seed', Array)
#45 C:\\laragon\\www\\500-STAB-WOUNDS\\vendor\\laravel\\framework\\src\\Illuminate\\Database\\Console\\Migrations\\FreshCommand.php(97): Illuminate\\Database\\Console\\Migrations\\FreshCommand->runSeeder(NULL)
#46 C:\\laragon\\www\\500-STAB-WOUNDS\\vendor\\laravel\\framework\\src\\Illuminate\\Container\\BoundMethod.php(36): Illuminate\\Database\\Console\\Migrations\\FreshCommand->handle()
#47 C:\\laragon\\www\\500-STAB-WOUNDS\\vendor\\laravel\\framework\\src\\Illuminate\\Container\\Util.php(43): Illuminate\\Container\\BoundMethod::{closure:Illuminate\\Container\\BoundMethod::call():35}()
#48 C:\\laragon\\www\\500-STAB-WOUNDS\\vendor\\laravel\\framework\\src\\Illuminate\\Container\\BoundMethod.php(96): Illuminate\\Container\\Util::unwrapIfClosure(Object(Closure))
#49 C:\\laragon\\www\\500-STAB-WOUNDS\\vendor\\laravel\\framework\\src\\Illuminate\\Container\\BoundMethod.php(35): Illuminate\\Container\\BoundMethod::callBoundMethod(Object(Illuminate\\Foundation\\Application), Array, Object(Closure))
#50 C:\\laragon\\www\\500-STAB-WOUNDS\\vendor\\laravel\\framework\\src\\Illuminate\\Container\\Container.php(754): Illuminate\\Container\\BoundMethod::call(Object(Illuminate\\Foundation\\Application), Array, Array, NULL)
#51 C:\\laragon\\www\\500-STAB-WOUNDS\\vendor\\laravel\\framework\\src\\Illuminate\\Console\\Command.php(211): Illuminate\\Container\\Container->call(Array)
#52 C:\\laragon\\www\\500-STAB-WOUNDS\\vendor\\symfony\\console\\Command\\Command.php(279): Illuminate\\Console\\Command->execute(Object(Symfony\\Component\\Console\\Input\\ArgvInput), Object(Illuminate\\Console\\OutputStyle))
#53 C:\\laragon\\www\\500-STAB-WOUNDS\\vendor\\laravel\\framework\\src\\Illuminate\\Console\\Command.php(180): Symfony\\Component\\Console\\Command\\Command->run(Object(Symfony\\Component\\Console\\Input\\ArgvInput), Object(Illuminate\\Console\\OutputStyle))
#54 C:\\laragon\\www\\500-STAB-WOUNDS\\vendor\\symfony\\console\\Application.php(1094): Illuminate\\Console\\Command->run(Object(Symfony\\Component\\Console\\Input\\ArgvInput), Object(Symfony\\Component\\Console\\Output\\ConsoleOutput))
#55 C:\\laragon\\www\\500-STAB-WOUNDS\\vendor\\symfony\\console\\Application.php(342): Symfony\\Component\\Console\\Application->doRunCommand(Object(Illuminate\\Database\\Console\\Migrations\\FreshCommand), Object(Symfony\\Component\\Console\\Input\\ArgvInput), Object(Symfony\\Component\\Console\\Output\\ConsoleOutput))
#56 C:\\laragon\\www\\500-STAB-WOUNDS\\vendor\\symfony\\console\\Application.php(193): Symfony\\Component\\Console\\Application->doRun(Object(Symfony\\Component\\Console\\Input\\ArgvInput), Object(Symfony\\Component\\Console\\Output\\ConsoleOutput))
#57 C:\\laragon\\www\\500-STAB-WOUNDS\\vendor\\laravel\\framework\\src\\Illuminate\\Foundation\\Console\\Kernel.php(197): Symfony\\Component\\Console\\Application->run(Object(Symfony\\Component\\Console\\Input\\ArgvInput), Object(Symfony\\Component\\Console\\Output\\ConsoleOutput))
#58 C:\\laragon\\www\\500-STAB-WOUNDS\\vendor\\laravel\\framework\\src\\Illuminate\\Foundation\\Application.php(1234): Illuminate\\Foundation\\Console\\Kernel->handle(Object(Symfony\\Component\\Console\\Input\\ArgvInput), Object(Symfony\\Component\\Console\\Output\\ConsoleOutput))
#59 C:\\laragon\\www\\500-STAB-WOUNDS\\artisan(16): Illuminate\\Foundation\\Application->handleCommand(Object(Symfony\\Component\\Console\\Input\\ArgvInput))
#60 {main}

[previous exception] [object] (ErrorException(code: 0): Array to string conversion at C:\\laragon\\www\\500-STAB-WOUNDS\\vendor\\laravel\\framework\\src\\Illuminate\\Database\\Connection.php:716)
[stacktrace]
#0 C:\\laragon\\www\\500-STAB-WOUNDS\\vendor\\laravel\\framework\\src\\Illuminate\\Foundation\\Bootstrap\\HandleExceptions.php(256): Illuminate\\Foundation\\Bootstrap\\HandleExceptions->handleError(2, 'Array to string...', 'C:\\\\laragon\\\\www\\\\...', 716)
#1 [internal function]: Illuminate\\Foundation\\Bootstrap\\HandleExceptions->{closure:Illuminate\\Foundation\\Bootstrap\\HandleExceptions::forwardsTo():255}(2, 'Array to string...', 'C:\\\\laragon\\\\www\\\\...', 716)
#2 C:\\laragon\\www\\500-STAB-WOUNDS\\vendor\\laravel\\framework\\src\\Illuminate\\Database\\Connection.php(716): PDOStatement->bindValue(3, Array, 2)
#3 C:\\laragon\\www\\500-STAB-WOUNDS\\vendor\\laravel\\framework\\src\\Illuminate\\Database\\MySqlConnection.php(49): Illuminate\\Database\\Connection->bindValues(Object(PDOStatement), Array)
#4 C:\\laragon\\www\\500-STAB-WOUNDS\\vendor\\laravel\\framework\\src\\Illuminate\\Database\\Connection.php(809): Illuminate\\Database\\MySqlConnection->{closure:Illuminate\\Database\\MySqlConnection::insert():42}('insert into `sa...', Array)
#5 C:\\laragon\\www\\500-STAB-WOUNDS\\vendor\\laravel\\framework\\src\\Illuminate\\Database\\Connection.php(776): Illuminate\\Database\\Connection->runQueryCallback('insert into `sa...', Array, Object(Closure))
#6 C:\\laragon\\www\\500-STAB-WOUNDS\\vendor\\laravel\\framework\\src\\Illuminate\\Database\\MySqlConnection.php(42): Illuminate\\Database\\Connection->run('insert into `sa...', Array, Object(Closure))
#7 C:\\laragon\\www\\500-STAB-WOUNDS\\vendor\\laravel\\framework\\src\\Illuminate\\Database\\Query\\Processors\\MySqlProcessor.php(35): Illuminate\\Database\\MySqlConnection->insert('insert into `sa...', Array, 'id')
#8 C:\\laragon\\www\\500-STAB-WOUNDS\\vendor\\laravel\\framework\\src\\Illuminate\\Database\\Query\\Builder.php(3779): Illuminate\\Database\\Query\\Processors\\MySqlProcessor->processInsertGetId(Object(Illuminate\\Database\\Query\\Builder), 'insert into `sa...', Array, 'id')
#9 C:\\laragon\\www\\500-STAB-WOUNDS\\vendor\\laravel\\framework\\src\\Illuminate\\Database\\Eloquent\\Builder.php(2204): Illuminate\\Database\\Query\\Builder->insertGetId(Array, 'id')
#10 C:\\laragon\\www\\500-STAB-WOUNDS\\vendor\\laravel\\framework\\src\\Illuminate\\Database\\Eloquent\\Model.php(1408): Illuminate\\Database\\Eloquent\\Builder->__call('insertGetId', Array)
#11 C:\\laragon\\www\\500-STAB-WOUNDS\\vendor\\laravel\\framework\\src\\Illuminate\\Database\\Eloquent\\Model.php(1373): Illuminate\\Database\\Eloquent\\Model->insertAndSetId(Object(Illuminate\\Database\\Eloquent\\Builder), Array)
#12 C:\\laragon\\www\\500-STAB-WOUNDS\\vendor\\laravel\\framework\\src\\Illuminate\\Database\\Eloquent\\Model.php(1212): Illuminate\\Database\\Eloquent\\Model->performInsert(Object(Illuminate\\Database\\Eloquent\\Builder))
#13 C:\\laragon\\www\\500-STAB-WOUNDS\\vendor\\laravel\\framework\\src\\Illuminate\\Database\\Eloquent\\Builder.php(1188): Illuminate\\Database\\Eloquent\\Model->save()
#14 C:\\laragon\\www\\500-STAB-WOUNDS\\vendor\\laravel\\framework\\src\\Illuminate\\Support\\helpers.php(399): Illuminate\\Database\\Eloquent\\Builder->{closure:Illuminate\\Database\\Eloquent\\Builder::create():1187}(Object(App\\Models\\SaleItem))
#15 C:\\laragon\\www\\500-STAB-WOUNDS\\vendor\\laravel\\framework\\src\\Illuminate\\Database\\Eloquent\\Builder.php(1187): tap(Object(App\\Models\\SaleItem), Object(Closure))
#16 C:\\laragon\\www\\500-STAB-WOUNDS\\vendor\\laravel\\framework\\src\\Illuminate\\Support\\Traits\\ForwardsCalls.php(23): Illuminate\\Database\\Eloquent\\Builder->create(Array)
#17 C:\\laragon\\www\\500-STAB-WOUNDS\\vendor\\laravel\\framework\\src\\Illuminate\\Database\\Eloquent\\Model.php(2449): Illuminate\\Database\\Eloquent\\Model->forwardCallTo(Object(Illuminate\\Database\\Eloquent\\Builder), 'create', Array)
#18 C:\\laragon\\www\\500-STAB-WOUNDS\\vendor\\laravel\\framework\\src\\Illuminate\\Database\\Eloquent\\Model.php(2465): Illuminate\\Database\\Eloquent\\Model->__call('create', Array)
#19 C:\\laragon\\www\\500-STAB-WOUNDS\\database\\seeders\\SalesSeeder.php(52): Illuminate\\Database\\Eloquent\\Model::__callStatic('create', Array)
#20 C:\\laragon\\www\\500-STAB-WOUNDS\\vendor\\laravel\\framework\\src\\Illuminate\\Container\\BoundMethod.php(36): Database\\Seeders\\SalesSeeder->run()
#21 C:\\laragon\\www\\500-STAB-WOUNDS\\vendor\\laravel\\framework\\src\\Illuminate\\Container\\Util.php(43): Illuminate\\Container\\BoundMethod::{closure:Illuminate\\Container\\BoundMethod::call():35}()
#22 C:\\laragon\\www\\500-STAB-WOUNDS\\vendor\\laravel\\framework\\src\\Illuminate\\Container\\BoundMethod.php(96): Illuminate\\Container\\Util::unwrapIfClosure(Object(Closure))
#23 C:\\laragon\\www\\500-STAB-WOUNDS\\vendor\\laravel\\framework\\src\\Illuminate\\Container\\BoundMethod.php(35): Illuminate\\Container\\BoundMethod::callBoundMethod(Object(Illuminate\\Foundation\\Application), Array, Object(Closure))
#24 C:\\laragon\\www\\500-STAB-WOUNDS\\vendor\\laravel\\framework\\src\\Illuminate\\Container\\Container.php(754): Illuminate\\Container\\BoundMethod::call(Object(Illuminate\\Foundation\\Application), Array, Array, NULL)
#25 C:\\laragon\\www\\500-STAB-WOUNDS\\vendor\\laravel\\framework\\src\\Illuminate\\Database\\Seeder.php(188): Illuminate\\Container\\Container->call(Array, Array)
#26 C:\\laragon\\www\\500-STAB-WOUNDS\\vendor\\laravel\\framework\\src\\Illuminate\\Database\\Seeder.php(197): Illuminate\\Database\\Seeder->{closure:Illuminate\\Database\\Seeder::__invoke():187}()
#27 C:\\laragon\\www\\500-STAB-WOUNDS\\vendor\\laravel\\framework\\src\\Illuminate\\Database\\Seeder.php(61): Illuminate\\Database\\Seeder->__invoke(Array)
#28 C:\\laragon\\www\\500-STAB-WOUNDS\\database\\seeders\\DatabaseSeeder.php(18): Illuminate\\Database\\Seeder->call('Database\\\\Seeder...')
#29 C:\\laragon\\www\\500-STAB-WOUNDS\\vendor\\laravel\\framework\\src\\Illuminate\\Container\\BoundMethod.php(36): Database\\Seeders\\DatabaseSeeder->run()
#30 C:\\laragon\\www\\500-STAB-WOUNDS\\vendor\\laravel\\framework\\src\\Illuminate\\Container\\Util.php(43): Illuminate\\Container\\BoundMethod::{closure:Illuminate\\Container\\BoundMethod::call():35}()
#31 C:\\laragon\\www\\500-STAB-WOUNDS\\vendor\\laravel\\framework\\src\\Illuminate\\Container\\BoundMethod.php(96): Illuminate\\Container\\Util::unwrapIfClosure(Object(Closure))
#32 C:\\laragon\\www\\500-STAB-WOUNDS\\vendor\\laravel\\framework\\src\\Illuminate\\Container\\BoundMethod.php(35): Illuminate\\Container\\BoundMethod::callBoundMethod(Object(Illuminate\\Foundation\\Application), Array, Object(Closure))
#33 C:\\laragon\\www\\500-STAB-WOUNDS\\vendor\\laravel\\framework\\src\\Illuminate\\Container\\Container.php(754): Illuminate\\Container\\BoundMethod::call(Object(Illuminate\\Foundation\\Application), Array, Array, NULL)
#34 C:\\laragon\\www\\500-STAB-WOUNDS\\vendor\\laravel\\framework\\src\\Illuminate\\Database\\Seeder.php(188): Illuminate\\Container\\Container->call(Array, Array)
#35 C:\\laragon\\www\\500-STAB-WOUNDS\\vendor\\laravel\\framework\\src\\Illuminate\\Database\\Seeder.php(197): Illuminate\\Database\\Seeder->{closure:Illuminate\\Database\\Seeder::__invoke():187}()
#36 C:\\laragon\\www\\500-STAB-WOUNDS\\vendor\\laravel\\framework\\src\\Illuminate\\Database\\Console\\Seeds\\SeedCommand.php(71): Illuminate\\Database\\Seeder->__invoke()
#37 C:\\laragon\\www\\500-STAB-WOUNDS\\vendor\\laravel\\framework\\src\\Illuminate\\Database\\Eloquent\\Concerns\\GuardsAttributes.php(155): Illuminate\\Database\\Console\\Seeds\\SeedCommand->{closure:Illuminate\\Database\\Console\\Seeds\\SeedCommand::handle():70}()
#38 C:\\laragon\\www\\500-STAB-WOUNDS\\vendor\\laravel\\framework\\src\\Illuminate\\Database\\Console\\Seeds\\SeedCommand.php(70): Illuminate\\Database\\Eloquent\\Model::unguarded(Object(Closure))
#39 C:\\laragon\\www\\500-STAB-WOUNDS\\vendor\\laravel\\framework\\src\\Illuminate\\Container\\BoundMethod.php(36): Illuminate\\Database\\Console\\Seeds\\SeedCommand->handle()
#40 C:\\laragon\\www\\500-STAB-WOUNDS\\vendor\\laravel\\framework\\src\\Illuminate\\Container\\Util.php(43): Illuminate\\Container\\BoundMethod::{closure:Illuminate\\Container\\BoundMethod::call():35}()
#41 C:\\laragon\\www\\500-STAB-WOUNDS\\vendor\\laravel\\framework\\src\\Illuminate\\Container\\BoundMethod.php(96): Illuminate\\Container\\Util::unwrapIfClosure(Object(Closure))
#42 C:\\laragon\\www\\500-STAB-WOUNDS\\vendor\\laravel\\framework\\src\\Illuminate\\Container\\BoundMethod.php(35): Illuminate\\Container\\BoundMethod::callBoundMethod(Object(Illuminate\\Foundation\\Application), Array, Object(Closure))
#43 C:\\laragon\\www\\500-STAB-WOUNDS\\vendor\\laravel\\framework\\src\\Illuminate\\Container\\Container.php(754): Illuminate\\Container\\BoundMethod::call(Object(Illuminate\\Foundation\\Application), Array, Array, NULL)
#44 C:\\laragon\\www\\500-STAB-WOUNDS\\vendor\\laravel\\framework\\src\\Illuminate\\Console\\Command.php(211): Illuminate\\Container\\Container->call(Array)
#45 C:\\laragon\\www\\500-STAB-WOUNDS\\vendor\\symfony\\console\\Command\\Command.php(279): Illuminate\\Console\\Command->execute(Object(Symfony\\Component\\Console\\Input\\ArrayInput), Object(Illuminate\\Console\\OutputStyle))
#46 C:\\laragon\\www\\500-STAB-WOUNDS\\vendor\\laravel\\framework\\src\\Illuminate\\Console\\Command.php(180): Symfony\\Component\\Console\\Command\\Command->run(Object(Symfony\\Component\\Console\\Input\\ArrayInput), Object(Illuminate\\Console\\OutputStyle))
#47 C:\\laragon\\www\\500-STAB-WOUNDS\\vendor\\laravel\\framework\\src\\Illuminate\\Console\\Concerns\\CallsCommands.php(68): Illuminate\\Console\\Command->run(Object(Symfony\\Component\\Console\\Input\\ArrayInput), Object(Illuminate\\Console\\OutputStyle))
#48 C:\\laragon\\www\\500-STAB-WOUNDS\\vendor\\laravel\\framework\\src\\Illuminate\\Console\\Concerns\\CallsCommands.php(29): Illuminate\\Console\\Command->runCommand('db:seed', Array, Object(Illuminate\\Console\\OutputStyle))
#49 C:\\laragon\\www\\500-STAB-WOUNDS\\vendor\\laravel\\framework\\src\\Illuminate\\Database\\Console\\Migrations\\FreshCommand.php(121): Illuminate\\Console\\Command->call('db:seed', Array)
#50 C:\\laragon\\www\\500-STAB-WOUNDS\\vendor\\laravel\\framework\\src\\Illuminate\\Database\\Console\\Migrations\\FreshCommand.php(97): Illuminate\\Database\\Console\\Migrations\\FreshCommand->runSeeder(NULL)
#51 C:\\laragon\\www\\500-STAB-WOUNDS\\vendor\\laravel\\framework\\src\\Illuminate\\Container\\BoundMethod.php(36): Illuminate\\Database\\Console\\Migrations\\FreshCommand->handle()
#52 C:\\laragon\\www\\500-STAB-WOUNDS\\vendor\\laravel\\framework\\src\\Illuminate\\Container\\Util.php(43): Illuminate\\Container\\BoundMethod::{closure:Illuminate\\Container\\BoundMethod::call():35}()
#53 C:\\laragon\\www\\500-STAB-WOUNDS\\vendor\\laravel\\framework\\src\\Illuminate\\Container\\BoundMethod.php(96): Illuminate\\Container\\Util::unwrapIfClosure(Object(Closure))
#54 C:\\laragon\\www\\500-STAB-WOUNDS\\vendor\\laravel\\framework\\src\\Illuminate\\Container\\BoundMethod.php(35): Illuminate\\Container\\BoundMethod::callBoundMethod(Object(Illuminate\\Foundation\\Application), Array, Object(Closure))
#55 C:\\laragon\\www\\500-STAB-WOUNDS\\vendor\\laravel\\framework\\src\\Illuminate\\Container\\Container.php(754): Illuminate\\Container\\BoundMethod::call(Object(Illuminate\\Foundation\\Application), Array, Array, NULL)
#56 C:\\laragon\\www\\500-STAB-WOUNDS\\vendor\\laravel\\framework\\src\\Illuminate\\Console\\Command.php(211): Illuminate\\Container\\Container->call(Array)
#57 C:\\laragon\\www\\500-STAB-WOUNDS\\vendor\\symfony\\console\\Command\\Command.php(279): Illuminate\\Console\\Command->execute(Object(Symfony\\Component\\Console\\Input\\ArgvInput), Object(Illuminate\\Console\\OutputStyle))
#58 C:\\laragon\\www\\500-STAB-WOUNDS\\vendor\\laravel\\framework\\src\\Illuminate\\Console\\Command.php(180): Symfony\\Component\\Console\\Command\\Command->run(Object(Symfony\\Component\\Console\\Input\\ArgvInput), Object(Illuminate\\Console\\OutputStyle))
#59 C:\\laragon\\www\\500-STAB-WOUNDS\\vendor\\symfony\\console\\Application.php(1094): Illuminate\\Console\\Command->run(Object(Symfony\\Component\\Console\\Input\\ArgvInput), Object(Symfony\\Component\\Console\\Output\\ConsoleOutput))
#60 C:\\laragon\\www\\500-STAB-WOUNDS\\vendor\\symfony\\console\\Application.php(342): Symfony\\Component\\Console\\Application->doRunCommand(Object(Illuminate\\Database\\Console\\Migrations\\FreshCommand), Object(Symfony\\Component\\Console\\Input\\ArgvInput), Object(Symfony\\Component\\Console\\Output\\ConsoleOutput))
#61 C:\\laragon\\www\\500-STAB-WOUNDS\\vendor\\symfony\\console\\Application.php(193): Symfony\\Component\\Console\\Application->doRun(Object(Symfony\\Component\\Console\\Input\\ArgvInput), Object(Symfony\\Component\\Console\\Output\\ConsoleOutput))
#62 C:\\laragon\\www\\500-STAB-WOUNDS\\vendor\\laravel\\framework\\src\\Illuminate\\Foundation\\Console\\Kernel.php(197): Symfony\\Component\\Console\\Application->run(Object(Symfony\\Component\\Console\\Input\\ArgvInput), Object(Symfony\\Component\\Console\\Output\\ConsoleOutput))
#63 C:\\laragon\\www\\500-STAB-WOUNDS\\vendor\\laravel\\framework\\src\\Illuminate\\Foundation\\Application.php(1234): Illuminate\\Foundation\\Console\\Kernel->handle(Object(Symfony\\Component\\Console\\Input\\ArgvInput), Object(Symfony\\Component\\Console\\Output\\ConsoleOutput))
#64 C:\\laragon\\www\\500-STAB-WOUNDS\\artisan(16): Illuminate\\Foundation\\Application->handleCommand(Object(Symfony\\Component\\Console\\Input\\ArgvInput))
#65 {main}
"} 
